iso3,location,code_id,lat,lon,people,accuracy,hazard
IRN,Mazandaran Province,1,36.403,52.369,6000000,ADM1,
IRN,Gilan Province,1,37.512,49.355,4000000,ADM1,
PAK,Punjab,6,30.863,72.319,2819767,ADM2,Flood
PHL,Bicol Region,6,13.101,123.523,2603960,ADM1,Typhoon/Hurricane/Cyclone
PSE,Gaza Strip,1,31.433,34.378,2563070,?,
CHN,Guangdong Province,6,23.136,113.198,2130629,ADM1,Typhoon/Hurricane/Cyclone
CHL,Chile,6,-36.839,-72.459,1500000,AM0,Tsunami
PHL,Western Visayas,6,10.673,122.723,1386082,ADM1,Flood
PHL,Central Visayas,6,10.264,123.869,1063063,ADM1,Typhoon/Hurricane/Cyclone
PHL,Calabarzon,6,14.164,121.354,1014707,ADM1,Typhoon/Hurricane/Cyclone
IDN,Aceh,6,3.867,96.543,994771,ADM1,Typhoon/Hurricane/Cyclone
PHL,Negros Island Region,6,10.021,122.977,806895,ADM1,Typhoon/Hurricane/Cyclone
CUB,Cuba,6,21.555,-80.114,735000,AM0,Typhoon/Hurricane/Cyclone
SDN,North Darfur State,1,15.849,25.504,713497,ADM1,
PHL,Mimaropa,6,13.015,121.406,700814,ADM1,Typhoon/Hurricane/Cyclone
KHM,Banteay Meanchey,1,13.799,102.886,684220,ADM1,
COD,Goma,1,-1.656,29.202,658673,ADM2,
COD,Lubero,1,-0.062,28.754,621174,ADM2,
COD,Uvira,1,-3.198,29.007,611115,ADM2,
MMR,Myanmar,1,18.994,95.457,572538,AM0,
PHL,Cagayan Valley,6,17.677,121.889,530277,ADM1,Typhoon/Hurricane/Cyclone
PHL,Caraga,6,9.247,125.856,517529,ADM1,Typhoon/Hurricane/Cyclone
MOZ,Cabo Delgado,6,-12.31,39.417,492825,ADM1,Typhoon/Hurricane/Cyclone
COD,Walikale,1,-1.073,27.975,484143,ADM2,
THA,Sa Kaeo Province,1,13.673,102.283,439652,ADM1,
PHL,Central Luzon,6,15.391,120.686,437253,ADM1,Typhoon/Hurricane/Cyclone
PHL,Ilocos Region,6,17.201,120.47,426167,ADM1,Typhoon/Hurricane/Cyclone
PHL,Eastern Visayas,6,11.328,124.998,408578,ADM1,Typhoon/Hurricane/Cyclone
COD,Rutshuru,1,-1.187,29.446,403137,ADM2,
VNM,Gia Lai Province,6,13.8,108.138,367933,ADM1,Mixed disasters
COD,Walungu,1,-2.771,28.6,326463,ADM2,
COD,Kalehe,1,-2.052,28.569,311789,ADM2,
CHN,Shanghai,6,31.232,121.469,283000,ADM1,Typhoon/Hurricane/Cyclone
JAM,Jamaica,6,17.74,-77.197,279000,AM0,Typhoon/Hurricane/Cyclone
COD,Kabare,1,-2.409,28.75,264675,ADM2,
HTI,Centre Department,2,19.009,-72.016,258135,ADM1,
AFG,Afghanistan,6,33.934,65.204,252815,AM0,Drought
COD,Masisi,1,-1.397,28.817,249287,ADM2,
COL,Colombia,2,4.216,-72.771,234467,AM0,
SYR,As-Suwayda,1,32.771,36.878,233446,ADM1,
MMR,Naypyitaw,6,20.281,96.266,225246,ADM1,Earthquake
COD,Djugu,1,1.875,30.393,220720,ADM2,
THA,Narathiwat Province,6,6.302,101.762,219000,ADM1,Flood
COD,Fizi,0,-4.27,28.881,211625,ADM2,
PHL,Metro Manila,6,14.567,120.978,211226,ADM1,Typhoon/Hurricane/Cyclone
CHN,Hainan,6,19.005,109.669,206256,ADM1,Typhoon/Hurricane/Cyclone
MOZ,Cabo Delgado,1,-12.31,39.417,206041,ADM1,
COD,Kirotshe,1,-1.613,29.031,200000,ADM3,
COD,Bukavu,1,-2.506,28.859,200000,ADM2,
HTI,Département de l'Ouest,2,18.618,-72.18,194356,ADM1,
IDN,Sungai Maros,6,-5.005,119.561,185279,ADM2,Flood
PAK,Sindh,6,26.007,68.773,184011,ADM2,Flood
COD,Kitembo,1,-1.642,29.072,178000,ADM3,
PHL,Negros Island Region,6,10.676,122.951,173608,ADM3,Typhoon/Hurricane/Cyclone
MOZ,Nampula,6,-15.172,39.112,166576,ADM1,Typhoon/Hurricane/Cyclone
SDN,Khartoum,1,15.552,32.532,163890,ADM1,
COD,Manguredjipa,1,0.353,28.765,162000,ADM3,
AFG,Kandahar,1,30.991,65.707,160800,ADM1,
COL,Colombia,1,4.216,-72.771,159639,AM0,
HTI,Artibonite Department,2,19.337,-72.492,158723,ADM1,
USA,Los Angeles,7,34.054,-118.243,154960,ADM3,Wildfire
SDN,Al Jazirah,1,14.667,33.222,154815,ADM1,
PAK,Bājaur Agency,1,34.833,71.5,152000,ADM2,
COD,Bapere,1,0.264,28.439,151034,ADM3,
PHL,Zamboanga Peninsula,6,7.773,122.756,150598,ADM1,Typhoon/Hurricane/Cyclone
SSD,Warrap,2,8.281,28.665,148000,ADM1,
COD,Fataki,1,1.989,30.585,141000,ADM3,
SDN,Khartoum State,1,15.938,33.137,140995,ADM1,
CHN,Shigatse,6,29.558,86.528,139000,ADM3,Earthquake
HTI,Sud Department,2,18.227,-73.882,135706,ADM1,
PHL,Negros Island Region,6,10.676,122.951,133588,ADM1,Typhoon/Hurricane/Cyclone
MOZ,Nampula,1,-15.172,39.112,130304,ADM1,
SYR,Syria,1,34.815,38.427,128023,AM0,
PSE,Gaza Strip,1,31.433,34.378,127669,ADM1,
COD,Sange,1,-3.06,29.173,126000,ADM3,
IND,Baramula,1,34.178,74.336,125000,ADM2,
VNM,Khanh Hoa province,6,12.196,108.995,121491,ADM1,Mixed disasters
COD,Rutshuru,0,-1.187,29.446,118781,ADM2,
CHN,Wenzhou City,6,27.882,120.355,117875,ADM3,Typhoon/Hurricane/Cyclone
LKA,Kandy District,6,7.214,80.64,116969,ADM2,Typhoon/Hurricane/Cyclone
COD,Beni,1,0.494,29.465,116221,ADM2,
IND,Andhra Pradesh,6,15.893,79.777,116000,ADM2,Typhoon/Hurricane/Cyclone
CHN,Hunan Province,6,28.0,112.01,112000,ADM1,Flood
IND,Uttar Pradesh,6,27.144,80.774,110349,ADM1,Flood
COD,Lubero,1,-0.065,28.771,109552,ADM2,
SSD,Western Equatoria,1,5.558,29.099,109160,ADM1,
COD,Kinshasa,6,-4.479,15.783,106385,ADM1,Flood
COD,Masisi,1,-1.397,28.817,105000,ADM3,
CHN,Beijing,6,40.251,116.628,104000,ADM1,Flood
COD,Mwenga,1,-3.041,28.432,100364,ADM2,
USA,Washington,6,47.275,-120.696,100000,ADM1,Flood
COD,Djugu,0,1.915,30.504,100000,ADM3,
TUR,Istanbul,6,41.01,28.965,100000,ADM3,Earthquake
UKR,Donetsk Oblast,1,47.961,37.834,99932,ADM1,
COD,Kibirizi,1,-0.908,29.203,96500,ADM3,
ETH,Afar Region,6,11.693,40.878,96347,ADM1,Earthquake
VNM,Quang Ngai province,6,14.964,108.664,94514,ADM1,Typhoon/Hurricane/Cyclone
COD,Lubutu,1,-0.74,26.582,94500,ADM2,
ECU,Ecuador,2,-1.777,-78.504,92730,AM0,
CHN,Rongjiang County,6,26.038,108.478,92574,ADM2,Flood
COD,Djugu,1,1.915,30.504,92100,ADM2,
SDN,West Kurdufan,1,11.752,28.205,90417,ADM1,
SSD,Fangak,6,9.067,30.88,89106,ADM3,Flood
THA,Si Sa Ket Province,1,14.953,104.334,87406,ADM1,
COD,Fizi,1,-4.27,28.881,86254,ADM2,
COD,Walungu,0,-2.624,28.673,86000,ADM3,
BGD,Feni District,6,23.017,91.408,83694,ADM2,Flood
LKA,Nuwara Eliya District,6,7.012,80.757,82505,ADM2,Landslide/Wet mass movement
TCD,Mandoul,6,8.728,17.584,80145,ADM1,Flood
IND,Mathnashipur,6,23.124,87.983,80000,ADM1,Erosion
ETH,Borena,1,5.047,38.369,79991,ADM2,
HTI,Département du Nord,2,19.567,-72.218,78919,ADM1,
IDN,West Sumatra,6,-0.583,100.613,77918,ADM1,Typhoon/Hurricane/Cyclone
COD,Kayna,0,-0.609,29.173,77550,ADM3,
ETH,Dawa,1,4.316,40.768,77260,ADM2,
COD,Masisi,0,-1.397,28.817,77000,ADM2,
COD,Kalehe,1,-2.052,28.535,76849,ADM2,
PHL,Cordillera Administrative Region,6,17.36,121.075,74672,ADM1,Typhoon/Hurricane/Cyclone
COD,Kalemie,1,-5.946,29.197,74042,ADM2,
SDN,North Kordofan State,1,14.417,29.468,73624,ADM1,
IND,Bihar,6,25.901,86.119,72830,ADM1,Flood
COD,Mwenga,1,-3.393,28.311,72000,ADM2,
MDG,Atsimo-Andrefana,6,-23.091,44.401,71870,ADM1,Typhoon/Hurricane/Cyclone
COD,Butembo,0,0.125,29.289,71000,ADM2,
COD,Fizi,2,-4.27,28.881,70847,ADM2,
SDN,West Darfur State,1,13.512,22.691,70230,ADM1,
COD,Rutshuru,1,-0.962,29.326,69193,ADM2,
IND,Odisha,6,20.191,84.702,68490,ADM2,Flood
YEM,Hajjah Governorate,6,16.091,42.827,67235,ADM1,Flood
MMR,Mandalay Region,6,20.987,95.766,66310,ADM1,Earthquake
HTI,Département de la Grande-Anse,2,18.516,-74.099,64983,ADM1,
SDN,Central Darfur,1,12.123,23.347,64647,ADM1,
USA,Milwaukee,6,43.039,-87.909,64565,ADM3,Flood
MEX,Veracruz,6,19.804,-96.876,64238,ADM1,Flood
COD,Manono,0,-7.298,27.397,62950,ADM2,
KHM,Siem Reap,1,13.315,103.805,61907,ADM1,
VNM,Đắk Lắk province,6,12.789,108.415,61661,ADM1,Mixed disasters
COD,Kalemie,0,-5.946,29.197,61255,ADM2,
PAK,Khyber Pakhtunkhwa,1,34.081,72.445,61200,ADM2,
SSD,Old Fangak,1,9.067,30.88,61174,ADM3,
SLV,El Salvador,2,13.713,-88.941,60546,AM0,
MMR,Kayin State,6,17.186,97.75,60000,ADM1,Typhoon/Hurricane/Cyclone
COD,Masisi,1,-1.371,28.882,58246,ADM2,
NGA,Borno,1,11.872,13.435,57497,ADM1,
IND,Assam,6,26.054,90.753,56802,ADM1,Flood
SSD,Twic East,6,7.4,32.067,56738,ADM3,Flood
COD,Makobola,0,-3.553,29.148,56000,ADM3,
THA,Surin Province,1,14.907,103.67,55898,ADM1,
COD,Kindu,6,-2.949,25.918,55564,ADM2,Flood
COD,Beni,1,0.362,29.477,55010,ADM2,
LKA,Kegalle District,6,7.113,80.322,54699,ADM2,Dry mass movement
IDN,North Sumatra,6,2.192,99.381,53523,ADM1,Typhoon/Hurricane/Cyclone
SOM,Xudun District,6,9.142,47.507,53278,ADM2,Drought
COD,Pangi,0,-3.136,26.602,52800,ADM2,
YEM,Aden Governorate,6,12.686,44.828,52437,ADM1,Flood
NGA,Akwa Ibom,6,5.01,7.805,51058,ADM1,Flood
SSD,Panyijar,6,7.539,30.276,50490,ADM3,Flood
HTI,Département du Sud-Est,2,18.219,-72.781,50051,ADM1,
COD,Katanga,1,-1.235,28.093,50000,ADM3,
TUR,Izmir,7,38.606,26.744,50000,ADM1,Wildfire
COD,Kalehe,0,-2.052,28.569,49638,ADM2,
SSD,Pibor,6,6.799,33.132,49596,ADM3,Flood
LKA,Badulla District,6,7.084,81.089,49091,ADM2,Typhoon/Hurricane/Cyclone
COD,Nyabiondo,1,-1.312,28.731,48570,ADM3,
SYR,Aleppo,1,36.153,37.411,48327,ADM1,
COD,Bagata,2,-4.804,18.749,45624,ADM2,
COD,Mambasa,1,1.535,28.758,45191,ADM2,
COD,Djugu,1,1.915,30.504,45000,ADM3,
IND,Maharashtra,6,18.819,75.259,44723,ADM2,Flood
MDG,Androy,6,-24.686,45.526,44457,ADM1,Typhoon/Hurricane/Cyclone
SSD,Ayod,6,8.124,31.412,44333,ADM3,Flood
COD,Kabamba,0,-2.18,28.858,44000,ADM3,
CHN,Hebei Province,6,39.0,116.0,44000,ADM1,Flood
COD,Ubundu,1,-0.358,25.432,43985,ADM2,
COD,Nzibira,1,-2.675,28.506,43500,ADM3,
COD,Bagata,2,-3.726,17.952,43000,ADM2,
COD,Kisangani,1,0.518,25.206,42435,ADM2,
VNM,Ha Tinh Province,6,18.458,105.707,42044,ADM1,Typhoon/Hurricane/Cyclone
NGA,Benue,2,7.298,8.835,41570,ADM1,
COD,Irumu,1,1.27,30.017,41143,ADM2,
COD,Mirangi,0,-0.893,29.1,41102,ADM3,
COD,Bwito,1,-0.987,29.133,41091,ADM3,
CHN,Jiangmen City,6,22.157,112.566,41000,ADM3,Typhoon/Hurricane/Cyclone
LKA,Puttalam District,6,7.984,79.83,40822,ADM2,Typhoon/Hurricane/Cyclone
COD,Malemba-Nkulu,2,-8.041,26.791,40413,ADM2,
BRA,Erechim,6,-27.677,-52.256,40268,ADM2,Dry mass movement
COD,Mwenga,2,-3.041,28.432,39664,ADM2,
LKA,Mannar District,6,8.88,79.974,39596,ADM2,Typhoon/Hurricane/Cyclone
KHM,Oddar Meanchey,1,14.159,103.783,39546,ADM1,
SDN,River Nile State,1,17.998,34.056,39495,ADM1,
SSD,Panyijar,0,7.539,30.276,39000,ADM3,
SSD,Panyijar,1,7.539,30.276,39000,ADM3,
SOM,Xarardheere,6,4.792,47.835,39000,ADM2,Drought
ECU,Ecuador,1,-1.777,-78.504,38840,AM0,
SOM,Laas Caanood,6,8.438,47.636,38130,ADM2,Drought
ETH,Zone 3,6,10.024,40.653,37330,ADM2,Flood
CAF,Bangui,1,4.378,18.554,37313,ADM1,
SSD,Ibba,1,5.991,28.497,37041,?,
COD,Nundu,1,-3.825,29.083,37000,?,
PHL,Bangsamoro Autonomous Region in Muslim Minda,6,5.851,120.028,36889,ADM1,Typhoon/Hurricane/Cyclone
PSE,Jenin Refugee Camp,1,32.46,35.288,36853,?,
JPN,Hokkaidō Prefecture,6,43.434,142.951,36711,ADM1,Flood
COD,Nizi,1,1.768,30.287,36707,ADM3,
PHL,Davao Region,6,6.611,125.43,36699,ADM1,Flood
USA,Altadena,7,34.19,-118.131,36684,ADM3,Wildfire
COD,Katana centre,0,-2.225,28.832,36102,ADM3,
BFA,Djibasso,1,13.124,-4.159,36033,ADM3,
SSD,Mayendit,6,8.144,30.003,35987,ADM3,Flood
UKR,Dnipropetrovsk Oblast,1,48.324,35.166,35003,ADM1,
SOM,Jowhar,6,2.993,45.568,34916,ADM2,Drought
SOM,Ceel Afweyn,6,10.148,46.689,34615,ADM2,Drought
SOM,Bulo Burto,0,3.9,45.532,34374,ADM2,
BFA,Di,1,13.164,-3.398,33265,ADM3,
COD,Moba,2,-7.045,29.781,33000,ADM2,
CAN,Manitoba,7,54.498,-97.226,32700,ADM1,Wildfire
COD,Kikwit,0,-5.061,18.809,32579,ADM2,
KHM,Preah Vihear,1,13.746,104.974,32558,ADM1,
COD,Lunyasenge,1,-0.296,29.294,32000,ADM3,
CHN,Congjiang County,6,25.674,108.722,32000,ADM2,Flood
COD,Mahagi,1,2.337,30.581,31867,ADM2,
COD,Uvira,0,-3.198,29.007,31860,ADM2,
CHN,Sanya City,6,18.387,109.385,31843,ADM3,Typhoon/Hurricane/Cyclone
COD,Irumu,0,1.27,30.017,31616,ADM2,
COD,Bagata,0,-4.804,18.749,31300,ADM2,
COD,Irumu,1,1.453,29.875,31200,ADM3,
COD,Bandundu,6,-3.316,17.445,31197,ADM2,Flood
COD,Ramba,1,-1.983,28.714,31000,ADM3,
SSD,Ulang,1,8.718,32.726,30830,ADM3,
DOM,Dominican Republic,6,19.281,-70.036,30808,AM0,Flood
KOR,Uiseong-gun,7,36.361,128.592,30553,ADM2,Wildfire
VNM,Nghe An province,6,19.274,104.877,30519,ADM1,Typhoon/Hurricane/Cyclone
COD,Bulwa,1,-1.46,28.76,30000,ADM3,
VNM,Thanh Hoa province,6,19.896,105.602,29921,ADM1,Typhoon/Hurricane/Cyclone
BFA,Kassoum,1,13.118,-3.251,29347,ADM2,
CHN,Sichuan Province,6,30.5,102.5,29142,ADM1,Flood
YEM,Hajjah Governorate,1,16.091,42.827,28623,ADM1,
ETH,Shebelle,6,6.334,42.391,27996,?,Flood
SDN,Northern State,1,19.0,30.0,27883,ADM1,
SYR,As Suwayda,1,32.709,36.569,27749,ADM3,
COD,Kalehe,1,-2.107,28.919,27700,ADM3,
NER,Chétimari,1,13.185,12.424,27191,ADM3,
COD,Bukavu,1,-2.51,28.834,27000,ADM2,
COD,Bukama,0,-8.854,26.118,26892,ADM2,
COD,Walungu,0,-2.771,28.6,26700,ADM2,
SOM,Qandala,0,11.472,49.873,26134,ADM2,
LKA,Matale District,6,7.698,80.661,26127,ADM2,Typhoon/Hurricane/Cyclone
USA,Pasadena,7,34.148,-118.144,26081,ADM3,Wildfire
COD,Lubero,1,-0.159,29.239,25850,ADM3,
ETH,Gambela,6,8.247,34.588,25634,ADM3,Flood
THA,Buri Ram Province,1,14.611,102.645,25550,ADM1,
SSD,Pigi,6,9.337,31.408,25500,ADM3,Flood
SOM,Jamaame,0,0.07,42.745,25443,ADM2,
YEM,Al Hudaydah Governorate,6,14.638,43.085,25382,ADM1,Flood
VNM,Da Nang,6,16.126,108.219,25039,ADM1,Typhoon/Hurricane/Cyclone
SOM,Belet Xaawo,0,3.436,41.734,24981,ADM2,
COD,Bwahungu,0,-2.754,28.598,24900,ADM3,
COD,Punia,0,-1.703,26.923,24468,ADM2,
ETH,Gambela,1,8.247,34.588,24405,ADM3,
SDN,East Darfur State,1,11.265,26.438,24386,ADM1,
COD,Katoyi,1,-1.656,28.715,24300,ADM3,
SDN,South Darfur State,1,11.408,24.705,24266,ADM1,
SSD,Kediba,1,5.515,30.721,24256,ADM3,
LKA,Gampaha District,6,7.119,79.916,23925,ADM2,Typhoon/Hurricane/Cyclone
COD,Masi Manimba,0,-4.775,17.887,23885,ADM2,
SDN,White Nile State,1,13.606,32.315,23833,ADM1,
SSD,Lakamadi,1,5.668,30.489,23056,ADM3,
MMR,Shan State,6,21.729,98.379,23018,ADM1,Earthquake
SSD,Leer,6,8.308,30.118,23000,?,Flood
COD,Lolwa,1,1.35,29.495,22920,ADM3,
COG,Brazzaville,6,-3.97,15.466,22842,ADM1,Flood
COD,Minova,1,-1.708,29.024,22800,ADM3,
THA,Ubon Ratchathani Province,1,15.188,105.327,22780,ADM1,
SDN,Blue Nile State,1,11.957,34.123,22560,ADM1,
LKA,Trincomalee District,6,8.629,81.201,22414,ADM2,Flood
MDG,Analamanga,6,-18.6,47.513,22110,ADM1,Flood
CHN,Inner Mongolia,6,45.365,118.342,22000,ADM1,Flood
COD,Bwisha,1,-1.088,29.465,22000,ADM3,
COL,Sucre,6,8.814,-74.748,21861,ADM2,Flood
NGA,Katsina,2,12.236,7.512,21826,ADM1,
COD,Uvira,2,-3.407,29.136,21714,ADM3,
COD,Lubutu,0,-0.74,26.582,21680,ADM2,
COD,Kabambare,0,-4.414,27.776,21422,ADM2,
USA,Pacific Palisades,7,34.047,-118.546,21321,ADM3,Wildfire
LKA,Colombo District,6,6.848,79.926,21317,ADM2,Storm
YEM,Ta'izz Governorate,6,13.392,43.7,21175,ADM1,Flood
COD,Kalehe,6,-2.052,28.569,21148,ADM2,Flood
ARG,Partido de Campana,6,-34.163,-58.892,21000,ADM2,Flood
SOM,Qardho,6,9.502,49.508,20717,ADM2,Drought
SDN,Kassala State,1,15.412,35.659,20705,ADM1,
COD,Goma,1,-1.667,29.226,20698,ADM2,
ETH,Oromia Region,6,6.952,40.417,20325,ADM1,Earthquake
MLI,Tombouctou Cercle,1,20.767,-2.947,20219,ADM2,
MLI,Gourma-Rharous Cercle,1,16.103,-1.823,20037,ADM2,
COD,Mwenga,0,-3.041,28.432,20006,ADM2,
COD,Kisangani,2,0.518,25.206,20000,ADM2,
MYT,Mayotte,6,-12.821,45.129,20000,AM0,Typhoon/Hurricane/Cyclone
USA,California,6,37.27,-120.025,20000,ADM1,Flood
USA,St. Louis,6,38.627,-90.198,19785,ADM3,Storm
SOM,Ceerigaabo,6,10.616,47.368,19687,ADM2,Drought
SOM,Garoowe,6,8.402,48.483,19365,ADM2,Drought
IRQ,Erbil,1,36.377,44.166,19326,ADM1,
SDN,وادي درام,1,13.831,22.815,19175,ADM1,
COD,Kagheri,1,-0.219,29.125,19000,ADM3,
SYR,Homs,1,34.256,38.302,18309,ADM1,
COD,Kaniola,0,-2.594,28.615,18000,ADM3,
CUB,Guantánamo,6,20.11,-75.14,18000,ADM2,Typhoon/Hurricane/Cyclone
CHN,Xianfeng County,6,29.688,109.051,18000,ADM2,Flood
SYR,Al-Hasakah,1,36.436,40.579,17797,ADM1,
MDG,Menabe,6,-20.036,45.131,17730,ADM1,Flood
CMR,Logone-et-Chari,1,12.041,14.84,17728,ADM2,
COD,Buhavu (chefferie),1,-2.052,28.367,17500,ADM3,
NGA,Imo,6,5.566,7.033,17454,ADM1,Flood
BFA,Yondé,1,11.451,0.219,17386,ADM2,
IND,Punjab,6,31.03,75.579,17163,ADM1,Flood
ETH,Zone 2,1,13.486,40.589,17154,ADM2,
KOR,Seoul,6,37.565,126.939,17056,ADM1,Flood
COD,Shabunda,2,-3.009,27.47,17051,ADM2,
COD,Manono,2,-7.298,27.397,17000,ADM2,
SSD,Tambura,6,5.61,27.469,17000,ADM3,Flood
BFA,Titao,1,13.767,-2.067,16855,ADM3,
SSD,Aweil,6,8.768,27.398,16820,ADM3,Flood
SDN,South Kordofan State,1,11.226,30.914,16776,ADM1,
COD,Luntukulu,1,-2.73,28.475,16606,ADM3,
UKR,Kharkiv Oblast,1,49.496,36.664,16508,ADM1,
COD,Fizi,6,-4.27,28.881,16400,ADM2,Flood
HTI,Département des Nippes,2,18.405,-73.319,16373,ADM1,
SSD,Western Equatoria,0,5.558,29.099,16300,ADM1,
BFA,Diabo,1,12.017,-0.033,16250,ADM3,
COD,Kabanga,2,-5.814,29.133,16239,ADM3,
SOM,Cadale,0,3.091,46.264,16174,ADM2,
IND,Karnataka,6,15.021,75.536,16117,ADM2,Flood
SYR,Hama,1,35.299,37.272,16071,ADM1,
SSD,Kajo Keji,1,3.887,31.669,16034,ADM2,
COD,Kashuga,1,-1.055,28.99,16000,ADM3,
COD,Vuyinga,1,0.06,29.051,16000,ADM3,
ZAF,O.R. Tambo District Municipality,6,-31.444,29.086,15873,ADM2,Flood
SSD,Mvolo,6,6.06,29.952,15780,ADM3,Flood
TWN,Hualien County,6,23.734,121.395,15776,ADM2,Typhoon/Hurricane/Cyclone
LKA,Anuradhapura District,6,8.368,80.44,15612,ADM2,Flood
COD,Mabukulu,1,1.345,29.216,15600,ADM3,
CHN,Chongqing,6,30.182,107.867,15550,ADM1,Flood
COD,Kailo,6,-2.504,25.686,15510,ADM2,Flood
SSD,Tambura,1,5.605,27.472,15426,ADM3,
NGA,Sokoto,2,12.709,5.216,15406,ADM1,
ETH,Dawa,1,4.316,40.768,15300,?,
SSD,Nasir,1,8.623,33.07,15140,ADM3,
IND,Tripura,6,23.734,91.556,15061,ADM1,Flood
PAK,Torkham,1,34.121,71.102,15000,ADM3,
CAN,Saskatchewan,7,54.476,-105.927,15000,ADM1,Wildfire
PAK,Kurram Agency,1,33.75,70.333,15000,ADM2,
COD,Nyampala,1,1.818,30.435,14900,ADM3,
PHL,Shariff Aguak,1,6.861,124.445,14820,ADM3,
COD,Kibua,1,-1.234,28.416,14802,ADM3,
VNM,Lam Dong province,6,11.694,108.153,14766,ADM1,Flood
ETH,Amhara,1,11.248,38.314,14763,ADM1,
GTM,Comapa,6,14.12,-89.897,14725,ADM2,Earthquake
COD,Shabunda,1,-2.994,27.47,14672,ADM2,
SSD,Koch,6,8.593,29.996,14538,ADM3,Flood
IDN,Flores Timur,6,-8.687,122.307,14444,ADM2,Volcanic activity
VNM,Quang Tri province,6,16.832,107.006,14354,ADM1,Typhoon/Hurricane/Cyclone
PAK,Khyber Pakhtunkhwa,6,34.5,72.0,14317,ADM1,Flood
COD,Walungu,2,-2.771,28.6,14226,ADM2,
CMR,Mayo-Tsanaga,1,10.607,13.803,14188,ADM2,
PAK,Balochistan,6,28.0,66.0,14144,ADM1,Flood
PSE,Gaza Strip,1,31.462,34.275,14120,ADM2,
IDN,Labuha,6,-0.633,127.483,14067,ADM2,Flood
SYR,Latakia,1,35.579,35.984,13883,ADM1,
ETH,West Shewa,6,9.102,37.857,13827,ADM2,Flood
NGA,Garha,1,10.4,12.89,13734,ADM3,
KEN,Kwale,6,-4.184,39.105,13688,ADM1,Flood
ETH,East Wellega,1,9.428,37.043,13463,ADM2,
LKA,Polonnaruwa District,6,7.996,81.049,13452,ADM2,Flood
COD,Popokabaka,0,-5.693,16.584,13450,ADM2,
IDN,Cikarang,6,-6.259,107.146,13413,ADM2,Flood
SSD,Abiemnom,2,9.4,28.828,13399,ADM3,
COD,Walikale,1,-1.073,27.978,13262,ADM2,
COD,Mwenga,0,-3.393,28.311,13200,ADM2,
COD,Idjwi,1,-2.042,29.068,13182,ADM2,
JPN,Miyagi Prefecture,6,38.388,141.235,13166,ADM1,Tsunami
COD,Kaziba (chefferie),1,-2.89,28.83,13000,ADM3,
COD,Moba,0,-7.045,29.781,13000,ADM2,
COD,Punia,6,-1.703,26.923,12900,ADM2,Flood
COD,Pweto,2,-8.474,28.899,12781,ADM2,
BHS,Freetown,6,26.612,-78.357,12723,ADM3,Typhoon/Hurricane/Cyclone
CHN,Jizhou,6,40.044,117.419,12657,ADM3,Flood
MLI,Bandiagara Cercle,1,14.4,-3.647,12606,ADM2,
TCD,Logone Occidental,2,8.761,15.934,12500,ADM1,
ZAF,eThekwini Metropolitan Municipality,6,-29.885,30.838,12351,ADM2,Flood
HTI,Nord-Est Department,2,19.497,-71.891,12344,ADM1,
YEM,Hadramaut Governorate,6,17.369,49.256,12264,ADM1,Flood
IND,Manipur,6,24.763,93.865,12208,ADM1,Flood
MMR,Sagaing,6,24.472,95.465,12156,ADM1,Earthquake
ETH,Metekel,1,11.001,35.803,12134,ADM2,
COD,Kalemie,6,-5.946,29.197,12125,ADM2,Flood
SSD,Wunlit,1,6.877,31.307,12102,ADM3,
YEM,Ad Dali' Governorate,6,13.894,44.783,12061,ADM1,Flood
BFA,Gorom-Gorom,1,14.517,-0.298,12047,ADM3,
COD,Kilicha,1,-4.508,28.735,12000,ADM3,
COD,Lulenge,0,-4.027,28.271,12000,ADM3,
SYR,Idlib,1,35.856,36.571,11924,ADM1,
COD,Bunyakiri,1,-2.003,29.086,11884,ADM3,
COD,Malemba-Nkulu,0,-8.041,26.791,11873,ADM2,
COD,Kenge,0,-4.806,17.039,11761,ADM2,
KHM,Stung Treng,6,13.852,106.089,11751,ADM1,Flood
PHL,Tipo-Tipo,1,6.518,122.249,11740,ADM3,
NGA,Zamfara,2,12.023,6.014,11721,ADM1,
LBN,Tyre District,1,33.213,35.289,11711,ADM2,
CAF,Sido,1,7.303,16.995,11687,ADM2,
ETH,Liben,1,4.544,40.712,11684,ADM2,
NER,Boudouri,1,13.269,12.49,11628,ADM3,
MWI,Chikwawa,6,-16.215,34.723,11556,ADM1,Flood
NER,N’Guigmi,1,15.897,13.274,11552,ADM2,
LKA,Kurunegala District,6,7.726,80.257,11489,ADM2,Typhoon/Hurricane/Cyclone
AGO,Zaire,6,-6.846,13.31,11434,ADM1,Flood
SSD,Magwi,2,4.13,32.299,11429,ADM3,
KEN,Trans Nzoia,6,1.045,34.979,11250,ADM1,Flood
PER,Sarayacu,6,-6.397,-75.218,11206,ADM3,Erosion
COD,Kongolo,2,-5.386,26.999,11100,ADM2,
NGA,Gebe B,2,13.174,6.592,11046,ADM3,
COD,Kalingi,0,-3.897,28.783,11000,ADM3,
COD,Aru,2,2.859,30.824,11000,ADM3,
COD,Kabare,0,-2.409,28.75,10950,ADM2,
MYS,Kuantan,6,3.82,103.329,10837,ADM3,Flood
YEM,Marib Governorate,6,15.333,45.452,10794,ADM1,Flood
BRA,Belém,6,-1.241,-48.46,10754,ADM2,Storm
IND,Madhya Pradesh,6,23.972,79.39,10734,ADM2,Flood
BFA,Solenzo,1,12.178,-4.079,10685,ADM3,
CAF,Bouar,1,5.935,15.592,10680,ADM2,
KEN,Naivasha,6,-0.721,36.439,10641,ADM3,Flood
SDN,Kassala State,1,16.043,36.018,10633,ADM1,
COD,Tongo,1,-1.208,29.279,10600,ADM3,
COD,Katale,1,-1.438,28.848,10500,ADM3,
SOM,Jowhar,0,2.993,45.568,10402,ADM2,
COD,Kiwanja,1,-1.158,29.431,10340,ADM3,
YEM,Dhamar Governorate,6,14.54,44.306,10339,ADM1,Flood
NGA,Rivers,6,5.023,6.836,10321,ADM1,Flood
SSD,Northern Bari,1,4.868,31.536,10299,ADM3,
BFA,Tougan,1,13.095,-2.922,10290,ADM2,
MMR,Myitkyina Township,6,25.369,97.254,10231,ADM3,Flood
CHN,Yuzhong County,6,36.009,104.19,10160,ADM2,Flood
VNM,Hue City,6,16.455,107.582,10082,ADM2,Typhoon/Hurricane/Cyclone
CAF,Ouham Pendé,1,6.719,15.98,10080,ADM1,
COD,Kalemie,6,-5.946,29.197,10000,ADM3,Flood
COD,Loda,1,1.995,30.893,10000,ADM3,
PAK,Gilgit-Baltistan,6,35.801,74.848,9988,ADM2,Flood
SSD,Panyikang,1,9.377,31.396,9986,ADM3,
IDN,Tolikara,6,-3.488,138.4,9910,ADM2,Flood
MDG,Mananjary,7,-21.239,48.347,9900,ADM3,Wildfire
NGA,Delta,6,5.757,5.496,9853,ADM1,Flood
IND,Gujarat,6,22.413,71.499,9843,ADM1,Flood
MWI,Mangochi,6,-14.14,35.326,9840,ADM1,Flood
AGO,Huambo,6,-12.604,15.603,9749,ADM1,Flood
YEM,Ibb Governorate,6,14.088,44.175,9723,ADM1,Flood
BGD,Kurigram District,6,25.806,89.636,9713,ADM2,Erosion
SDN,Sennar State,1,13.0,33.5,9644,ADM1,
MWI,Nkhotakota,6,-12.832,34.033,9594,ADM1,Flood
BFA,Kamsé,1,13.287,-1.1,9593,ADM3,
SSD,Nadiangere,1,5.52,28.415,9533,ADM3,
THA,Nan Province,6,18.824,100.793,9294,ADM1,Flood
SSD,Eastern Equatoria,1,4.768,33.438,9253,ADM1,
ETH,ቡሌ ሆራ / Bule Hora,0,5.64,38.239,9248,ADM3,
NER,Makalondi,1,12.838,1.691,9212,ADM3,
ETH,Horo And Guduru Awraja,1,9.833,36.667,9190,ADM2,
BFA,Oursi,1,14.649,-0.486,9184,ADM2,
NER,Tillabéri,1,13.799,1.865,9117,ADM1,
SSD,Nagero,1,6.388,27.773,9109,ADM3,
ISR,Israel,1,31.395,34.634,9000,AM0,
MOZ,Búzi,6,-19.884,34.597,9000,ADM3,Flood
HND,Honduras,2,14.849,-86.473,8926,AM0,
BFA,Kawara,1,13.002,-2.89,8861,ADM3,
MEX,San Luis Potosi,6,22.827,-101.096,8848,ADM1,Flood
BRA,Angra dos Reis,6,-23.003,-44.315,8751,ADM2,Storm
MWI,Southern Region,6,-15.306,35.328,8697,ADM1,Storm
SSD,Pieri,1,8.045,32.029,8686,ADM3,
CHN,Yibin City,6,28.557,104.765,8615,ADM3,Flood
YEM,Hadramaut Governorate,1,17.369,49.256,8554,ADM1,
SSD,Terekeka,6,5.437,31.742,8505,?,Flood
COD,Kalehe,2,-2.052,28.569,8469,ADM2,
SSD,Panyikang,6,9.549,31.317,8456,ADM3,Flood
COD,Kasheke,1,-2.152,28.856,8400,ADM3,
CAF,Central African Republic,6,6.603,20.642,8385,AM0,Flood
USA,Glendale,7,34.147,-118.248,8295,ADM3,Wildfire
JPN,Shizuoka Prefecture,6,35.009,138.56,8295,ADM1,Tsunami
SOM,Bossaso,0,10.921,49.4,8289,ADM2,
LKA,Hambantota District,6,6.178,81.131,8230,ADM2,Typhoon/Hurricane/Cyclone
BRA,Fonte Boa,6,-2.496,-66.266,8204,ADM2,Drought
PER,Contamana,6,-7.35,-75.009,8162,ADM3,Erosion
ESP,Porto,7,42.057,-6.534,8100,?,Wildfire
IRQ,Sulaymaniyah,1,35.571,45.36,8088,ADM1,
PAK,Azad Jammu and Kashmir - آزاد جموں و کشمیر,1,33.963,73.905,8065,ADM2,
SOM,Adan Yabaal,0,3.499,46.593,8028,ADM2,
ETH,West Gojjam,1,11.293,37.35,8002,ADM2,
SSD,Torit,0,4.413,32.569,8000,ADM3,
BGD,Ukhia-উখিয়া,6,21.244,92.139,8000,ADM3,Flood
BRA,Mâncio Lima,6,-7.505,-73.433,8000,ADM2,Flood
ETH,Guji,6,9.067,35.5,7950,?,Flood
CHN,Chaozhou City,6,23.831,116.773,7893,ADM3,Typhoon/Hurricane/Cyclone
VNM,Bac Ninh province,6,21.117,106.109,7860,ADM1,Typhoon/Hurricane/Cyclone
NGA,Waduku,2,9.505,11.654,7854,ADM3,
YEM,Sa'dah Governorate,6,17.093,44.04,7847,ADM1,Flood
GRC,Drosia,7,38.109,23.861,7837,ADM3,Wildfire
CHN,Longxi County,6,35.121,104.599,7812,ADM2,Earthquake
COD,Kasongo,0,-4.175,26.541,7800,ADM2,
KEN,Mandera,0,3.229,40.706,7781,ADM1,
MLI,Gao Cercle,1,16.693,0.468,7752,ADM2,
COL,Bajo Baudó,6,4.902,-77.228,7727,ADM2,Flood
SDN,White Nile State,1,12.5,32.5,7718,ADM1,
GRC,Kato Achaia - Araxos,7,38.145,21.52,7689,?,Wildfire
NGA,Edo,6,6.665,5.874,7681,ADM1,Flood
SSD,Doma,1,8.936,32.645,7657,ADM3,
NGA,Bargaja,1,13.197,6.451,7650,ADM3,
COD,Boga,0,1.025,29.956,7626,ADM3,
SDN,Red Sea State,1,20.0,36.0,7602,ADM1,
NGA,Sarkin Pawa,2,10.021,7.112,7580,ADM3,
SYR,Daraa,1,32.622,36.111,7578,ADM3,
MYS,Kuala Perlis,6,6.403,100.135,7574,ADM3,Flood
PHL,Carmen,2,7.205,124.795,7545,ADM3,
NGA,Gebe A,2,13.097,6.584,7537,ADM3,
BRA,Barreirinha,6,-3.066,-57.166,7479,ADM2,Flood
PHL,Shariff Saydona Mustapha,1,6.976,124.482,7475,ADM3,
SSD,Lankien,1,8.527,32.061,7416,ADM3,
COD,Ngenge,1,-1.37,28.576,7400,ADM3,
HTI,Nord-Ouest Department,2,19.786,-73.099,7379,ADM1,
AFG,Momand Dara,1,34.19,71.041,7369,ADM2,
SSD,Tambura,2,5.605,27.472,7329,ADM3,
YEM,Lahij Governorate,6,13.18,44.585,7252,ADM1,Flood
CHN,Zhaotong,6,27.604,104.291,7200,ADM3,Flood
SSD,Panyume,1,3.781,30.951,7110,ADM3,
LKA,Vavuniya District,6,8.836,80.489,7107,ADM2,Flood
UGA,Butaleja,6,0.861,33.878,7000,ADM1,Flood
ISR,Jerusalem,7,31.788,35.219,7000,ADM3,Wildfire
ETH,Dollo,1,6.917,45.083,6960,ADM2,
COD,Tchomia,1,1.442,30.483,6911,ADM3,
BFA,Tansila,1,12.423,-4.396,6854,ADM3,
NGA,Makama 'B',6,9.218,12.475,6845,ADM3,Flood
SSD,Mundri,0,5.346,30.322,6800,ADM3,
IND,Jammu and Kashmir,6,34.048,76.797,6783,ADM1,Flood
SOM,Burtinle,6,7.802,48.399,6744,ADM2,Drought
TCD,Kaiga Kindjiria,1,13.964,13.696,6729,ADM3,
IDN,Pasuruan,6,-7.642,112.907,6708,ADM2,Flood
BRA,Bagre,6,-2.402,-50.166,6700,ADM2,Drought
BFA,Gomboro,1,13.432,-2.843,6690,ADM3,
BRA,Juruti,6,-2.331,-56.027,6680,ADM2,Storm
SSD,Wa̱a̱t,1,8.179,32.153,6671,ADM3,
TCD,Lac,6,13.751,14.177,6630,ADM1,Flood
SOM,Kismayo,6,-0.358,42.545,6557,ADM2,Drought
COD,Beni,6,0.494,29.465,6552,ADM2,Flood
COD,Nundu,6,-3.825,29.083,6463,?,Flood
GRC,Ανάβυσσος,7,37.737,23.949,6460,ADM3,Wildfire
SSD,Awerial County,6,6.185,31.173,6450,ADM2,Flood
HTI,Haiti,6,19.064,-72.544,6435,AM0,Typhoon/Hurricane/Cyclone
COD,Pinga,0,-0.984,28.702,6424,ADM3,
JPN,Iwate Prefecture,6,39.654,141.565,6395,ADM1,Earthquake
IDN,Intan Jaya,1,-3.406,136.66,6375,ADM3,
SSD,Mupoi,2,5.466,27.663,6370,ADM3,
SOM,Afgooye,0,2.138,45.121,6347,ADM2,
USA,Harlingen,6,26.191,-97.696,6308,ADM3,Flood
SSD,Baliet,2,9.297,32.066,6305,ADM3,
NER,Malam Adjimiri (Garin Wanzam),1,13.646,12.905,6300,ADM3,
BRA,Borba,6,-5.112,-59.305,6300,ADM2,Flood
ETH,Arsi,1,7.864,39.725,6288,ADM2,
COD,Kabare,1,-2.413,28.747,6249,ADM2,
VNM,Quang Ninh Province,6,21.044,107.38,6194,ADM1,Typhoon/Hurricane/Cyclone
NER,Téra,1,14.005,0.761,6169,?,
NGA,Bokkos,2,9.213,8.931,6111,ADM3,
CAF,Batangafo,1,7.304,18.291,6106,ADM2,
LKA,Jaffna District,6,9.695,80.079,6102,ADM2,Flood
ETH,Kemashi,1,9.862,35.768,6039,ADM2,
COD,Mahagi,1,2.3,30.992,6010,ADM2,
USA,Maricopa,6,33.277,-112.766,6000,ADM2,Flood
SDN,Khartoum State,6,15.938,33.137,6000,ADM1,Flood
CAF,Bata,1,6.312,16.444,6000,ADM3,
SSD,Udier,1,9.317,33.674,5950,ADM3,
ETH,Afar Region,0,11.693,40.878,5930,ADM1,
GTM,Panzós,6,15.323,-89.669,5900,ADM2,Flood
BRA,Eldorado do Sul,6,-30.089,-51.534,5776,ADM2,Storm
SSD,Mathiang,1,9.026,33.497,5747,ADM3,
LKA,Kilinochchi District,6,9.45,80.244,5729,ADM2,Typhoon/Hurricane/Cyclone
NGA,Kebbi,6,11.673,4.002,5718,ADM1,Flood
MRT,Guidimaka,6,15.389,-12.196,5700,ADM1,Flood
CHN,Laifeng County,6,29.394,109.226,5696,ADM2,Flood
USA,Bollinger,6,37.362,-90.005,5674,ADM2,Tornado
BFA,Soudougui,1,11.359,0.403,5625,ADM3,
AGO,Uíge,6,-7.127,15.387,5620,ADM1,Flood
SDN,Al Qadarif State,6,13.976,35.085,5615,ADM1,Flood
IDN,Poso Regency,6,-1.665,120.5,5611,ADM2,Earthquake
NER,Manda,1,14.433,0.481,5594,ADM3,
ETH,Oromia Region,0,6.952,40.417,5580,ADM1,
NGA,Dikwa,1,12.036,13.918,5570,ADM3,
NGA,Cross River,6,5.786,8.419,5518,ADM1,Flood
AGO,Moxico,6,-13.382,19.973,5515,ADM1,Flood
BRA,Terra Alta,6,-0.993,-47.844,5467,ADM2,Flood
LBN,Nabatieh District,1,33.399,35.454,5452,ADM2,
TWN,Kaohsiung,6,20.69,116.779,5413,ADM3,Flood
SSD,Nagero,2,6.388,27.773,5391,ADM3,
BRA,Porto Velho,6,-9.208,-64.311,5390,ADM2,Flood
BFA,Tin-Akoff,1,14.925,-0.427,5376,ADM2,
MEX,Hidalgo,6,20.498,-99.213,5363,ADM1,Flood
COD,Lusenge,1,-3.607,27.129,5361,ADM3,
JPN,Kanagawa Prefecture,6,35.315,139.358,5328,ADM1,Tsunami
GRC,Kryoneriou,7,38.141,23.837,5318,?,Wildfire
MLI,Goundam Cercle,1,19.552,-5.224,5297,ADM2,
IND,Himachal Pradesh,6,31.929,77.183,5273,ADM1,Flood
GRC,Marathon,7,38.157,23.961,5260,ADM3,Wildfire
USA,San Benito,6,26.133,-97.631,5253,ADM3,Flood
COD,Irumu,2,1.27,30.017,5250,ADM2,
PHL,Manila,6,14.598,120.984,5244,ADM3,Flood
BWA,Boteti,6,-20.646,24.409,5241,ADM2,Flood
BFA,Botou,1,12.507,1.985,5235,ADM2,
SOM,Luuq,0,3.803,42.544,5227,ADM2,
COD,Mwenga,1,-3.041,28.432,5224,ADM3,
YEM,Al Bayda' Governorate,6,14.326,45.216,5222,ADM1,Flood
PHL,Baco,1,13.358,121.096,5220,ADM3,
USA,Jefferson,7,44.607,-121.094,5215,ADM2,Wildfire
AUS,Townsville,6,-19.257,146.824,5200,ADM3,Flood
BRA,Juruá,6,-3.275,-66.242,5198,ADM2,Drought
NGA,Zauma,2,12.231,5.429,5175,ADM3,
MYS,Johor Bahru,6,1.495,103.755,5158,ADM3,Flood
USA,Pharr,6,26.195,-98.184,5135,ADM3,Flood
NGA,Tijime,1,7.438,8.188,5131,ADM3,
BRA,Maracanã,6,-0.758,-47.488,5120,ADM2,Storm
LBN,Hermel District,1,34.367,36.305,5070,ADM2,
YEM,Shabwah Governorate,6,14.798,46.809,5068,ADM1,Flood
MYS,Tumpat,6,6.168,102.165,5041,ADM2,Flood
SSD,Gumuruk,2,6.644,32.824,5027,ADM3,
YEM,Al Hudaydah Governorate,1,14.638,43.085,5026,ADM1,
CAF,Nzoro,1,7.367,15.727,5013,ADM3,
USA,Ocean,7,39.824,-74.22,5000,ADM2,Wildfire
GRC,Santorini,6,36.407,25.457,5000,?,Earthquake
CAF,Vakaga,1,9.825,22.376,5000,ADM1,
USA,Ventura,7,34.447,-119.077,5000,ADM2,Wildfire
CHN,Yinchuan City,6,38.183,106.411,4965,ADM3,Earthquake
IND,Maharashtra,6,19.532,76.055,4950,ADM1,Flood
ETH,Oromia Region,1,6.952,40.417,4926,ADM1,
COL,Inírida,6,2.924,-68.935,4921,ADM2,Flood
NGA,Ilobu,2,7.841,4.485,4914,ADM3,
NGA,Abia,6,5.432,7.488,4896,ADM1,Flood
BRA,Jacareacanga,6,-7.445,-57.303,4836,ADM2,Storm
COD,Kabare,0,-2.413,28.747,4833,ADM2,
MYS,Bintulu Division,6,3.18,113.5,4827,?,Flood
TWN,Taichung,6,24.22,120.814,4791,ADM3,Flood
SSD,Bur,1,4.619,32.597,4788,ADM3,
PER,El Ingenio,6,-14.645,-75.058,4740,ADM3,Flood
PHL,Soccsksargen,6,6.594,124.538,4719,ADM1,Typhoon/Hurricane/Cyclone
NGA,Nyiev,2,8.004,8.44,4710,ADM3,
SOM,Burao,6,9.522,45.534,4704,ADM2,Drought
SSD,Adong,2,9.217,32.117,4685,ADM3,
SOM,Qoryooley,0,1.788,44.53,4655,ADM2,
MYS,Kuala Selangor,6,3.341,101.25,4638,ADM3,Flood
LKA,Mullaitivu District,6,9.269,80.629,4636,ADM2,Typhoon/Hurricane/Cyclone
KOR,Eonyang-eup,7,35.579,129.148,4628,ADM3,Wildfire
COL,Majagual,6,8.535,-74.715,4610,ADM2,Flood
GTM,Palín,6,14.39,-90.718,4595,ADM2,Earthquake
UKR,Sumy Oblast,1,51.237,33.808,4594,ADM1,
COL,Departamento del Caquetá,6,0.75,-74.0,4578,ADM2,Flood
NER,Tahoua,1,16.158,5.328,4568,ADM1,
BRA,Bacuri,6,-1.651,-45.22,4540,ADM2,Storm
MLI,Ségou Cercle,1,13.792,-6.231,4525,ADM2,
BFA,Fonghin,1,12.014,0.128,4500,ADM3,
CAN,Alberta,7,54.498,-115.004,4500,ADM1,Wildfire
COD,Burhale,0,-2.712,28.628,4500,ADM3,
SOM,Qansax Dheere,6,2.815,42.84,4497,ADM2,Drought
COL,San Jacinto del Cauca,6,8.237,-74.668,4493,ADM2,Flood
IRN,Iran,6,32.315,54.162,4484,AM0,Flood
CAF,Bossangoa,1,6.499,17.45,4477,ADM2,
SOM,Ceerigaabo,0,10.616,47.368,4474,ADM2,
CAF,Bozoum,1,6.315,16.381,4473,ADM2,
CAF,Birao,0,10.296,22.781,4458,ADM2,
CMR,Koza,1,10.923,13.882,4452,ADM3,
JPN,Ibaraki Prefecture,6,36.342,140.398,4430,ADM1,Tsunami
JPN,Ofunato,7,38.981,141.934,4423,ADM3,Wildfire
BEN,Tanougou,2,10.81,1.436,4404,ADM3,
BRA,Porto Alegre,6,-30.115,-51.164,4400,ADM2,Flood
YEM,Ta'izz Governorate,1,13.392,43.7,4396,ADM1,
BFA,Piéla,1,12.71,-0.131,4391,ADM3,
SOM,Afmadow,0,0.591,41.786,4361,ADM2,
KOR,Gyeongsangnam-do,6,35.039,128.274,4359,ADM1,Flood
USA,Malibu,7,34.026,-118.78,4349,ADM3,Wildfire
SSD,Terekeka,2,5.444,31.751,4312,ADM3,
SSD,Malakal,1,9.528,31.668,4285,ADM3,
MWI,Karonga,6,-9.939,33.927,4280,ADM3,Flood
COD,Fendula,1,-2.371,28.626,4276,ADM3,
BRA,Marapanim,6,-0.841,-47.709,4271,ADM2,Erosion
LKA,Ampara District,6,7.062,81.847,4269,ADM2,Flood
ETH,Gardula Awraja,1,5.667,37.333,4266,ADM2,
SDN,Al Jazirah,6,14.667,33.222,4250,ADM1,Flood
BFA,Koumbri,1,13.849,-2.418,4234,ADM3,
SSD,Yirol East County,6,6.693,30.831,4203,ADM2,Flood
SSD,Manyo,6,11.039,32.288,4200,ADM3,Flood
COD,Punia,2,-1.703,26.923,4200,ADM2,
COD,Luvungi,6,-2.86,29.03,4200,ADM3,Flood
ETH,Gamo Gofa,0,6.14,37.256,4174,ADM2,
SSD,Karam,1,8.212,31.78,4160,ADM3,
SOM,Dhahar,0,9.749,48.822,4157,ADM2,
BFA,Bissiga,1,11.823,-0.119,4142,ADM3,
YEM,Amran Governorate,6,16.3,43.869,4116,ADM1,Flood
SOM,Diinsoor,6,2.409,42.975,4073,ADM2,Drought
BRA,Beruri,6,-4.344,-61.751,4039,ADM2,Flood
ECU,Esmeraldas,6,0.734,-79.386,4034,ADM1,Earthquake
IRQ,Najaf,6,31.117,43.803,4032,ADM1,Drought
BRA,Rio Bonito do Iguaçu,6,-25.548,-52.622,4028,ADM2,Tornado
CMR,Menchum,2,6.623,10.043,4002,ADM2,
COD,Jiba,1,1.879,30.698,4000,ADM3,
ZAF,Cape Town,6,-33.929,18.417,4000,ADM3,Flood
SLE,Bonthe District,6,7.529,-12.513,4000,ADM1,Flood
SSD,Yei,2,4.093,30.677,4000,ADM3,
PSE,Tubas Governorate,1,32.295,35.44,4000,ADM2,
COD,Mbwavinwa,1,-0.57,29.006,4000,ADM3,
COD,Kitasha,0,-3.443,28.468,4000,ADM3,
TCD,Liwa,1,13.868,14.265,3979,ADM3,
IRQ,Babil,6,32.632,44.563,3960,ADM1,Drought
CHN,Eryuan County,6,26.118,99.893,3936,ADM2,Earthquake
GHA,Nkwanta,2,8.263,0.521,3932,ADM3,
CMR,Mayo-Sava,1,11.105,14.215,3932,ADM2,
MLI,Tenenkou,1,14.458,-4.915,3921,ADM2,
IDN,Makassar,6,-5.134,119.412,3903,ADM2,Flood
CHN,Nujiang Lisu Autonomous Prefecture,6,26.972,99.047,3900,ADM3,Flood
VEN,Bolívar,6,6.03,-63.447,3890,ADM1,Flood
IDN,Manado,6,1.49,124.841,3876,ADM2,Flood
MYS,Kota Marudu,6,6.499,116.766,3873,ADM3,Flood
IND,Kerala,6,10.446,76.276,3848,ADM2,Flood
UGA,Otuke,6,2.478,33.393,3819,ADM1,Flood
BRA,Tijucas,6,-27.247,-48.716,3811,ADM2,Storm
GTM,La Blanca,6,14.551,-92.112,3811,ADM2,Flood
NER,Baramchandi,1,13.981,12.948,3799,ADM3,
KEN,Elegeyo-Marakwet,6,0.743,35.562,3750,ADM1,Landslide/Wet mass movement
LBN,Marjeyoun District,1,33.258,35.498,3742,ADM2,
LKA,Batticaloa District,6,7.838,81.557,3723,ADM2,Flood
GTM,Taxisco,6,14.033,-90.552,3721,ADM2,Flood
NER,Bagara,1,13.29,12.593,3721,ADM3,
COL,Candelaria,6,3.384,-76.425,3707,ADM2,Flood
NGA,Sayau,2,11.33,7.044,3705,ADM3,
UKR,Kherson Oblast,1,46.679,33.357,3704,ADM1,
MYS,Beaufort,6,5.358,115.756,3695,ADM3,Flood
NGA,Katsina,6,12.236,7.512,3692,ADM1,Mixed disasters
NGA,Lagos,6,6.531,3.709,3680,ADM1,Flood
COD,Mwenga,6,-3.041,28.432,3672,ADM2,Flood
PER,Quichuas,6,-12.47,-74.77,3663,ADM3,Flood
GTM,Municipio de Santa María de Jesús,6,14.478,-90.7,3649,ADM2,Earthquake
COD,Kabambare,2,-4.414,27.776,3619,ADM2,
BRA,Careiro da Várzea,6,-3.352,-59.655,3604,ADM2,Flood
COD,Boma,6,-5.701,13.143,3600,ADM2,Flood
MLI,Douentza Cercle,1,15.16,-2.446,3596,ADM2,
BRA,Manaquiri,6,-3.79,-60.707,3595,ADM2,Storm
BFA,Lanfièra,1,12.899,-3.408,3562,ADM3,
NER,Metime /Alio Attifa,1,14.507,13.209,3553,ADM3,
PHL,Datu Odin Sinsuat,1,7.024,124.316,3545,ADM3,
CAF,Obo,1,5.394,26.493,3520,ADM2,
BFA,Seguenega,1,13.436,-1.963,3519,ADM3,
TUR,Bursa,7,40.183,29.068,3515,ADM3,Wildfire
USA,Chickasha,7,35.041,-97.945,3500,ADM3,Wildfire
CMR,Akwaya,2,6.163,9.49,3500,ADM3,
NER,Gueskerou,1,13.486,12.843,3500,ADM3,
GHA,Savannah Region,2,9.083,-1.95,3482,?,
SSD,Longochuk,1,9.053,33.425,3480,ADM3,
CMR,Hilé - Alifa,6,12.684,14.353,3480,ADM3,Flood
PER,Caja,6,-12.916,-74.466,3467,ADM3,Flood
COD,Lubi,2,-5.559,23.47,3464,ADM3,
CAF,Bossembélé,1,5.268,17.643,3452,ADM2,
SSD,Ezo,2,5.073,27.47,3450,ADM3,
RWA,East Province,6,-1.742,30.54,3424,ADM1,Flood
IDN,Sanggau,6,0.123,110.594,3423,ADM2,Flood
PER,Kunturkanki,6,-14.527,-71.294,3423,ADM3,Flood
YEM,Sa'dah Governorate,1,17.093,44.04,3416,ADM1,
SOM,Balcad,6,2.488,45.659,3403,ADM2,Flood
BFA,Bahn,1,14.083,-2.45,3400,ADM3,
SSD,Iwire,2,4.087,32.188,3400,ADM3,
IDN,Jakarta Special Capital Region,6,-5.654,106.654,3395,ADM1,Flood
MAC,Macau,6,22.148,113.589,3388,AM0,Typhoon/Hurricane/Cyclone
PHL,Hadji Muhtamad,2,6.728,121.523,3385,ADM3,
NER,Mataou Gana,1,13.343,12.55,3381,ADM3,
MYS,Kota Tinggi,6,1.733,103.902,3379,ADM3,Flood
NGA,Mandara Girau,1,10.71,12.369,3372,ADM3,
MLI,Djenné,1,13.905,-4.555,3341,ADM2,
BRA,Altamira,7,-5.879,-53.658,3340,ADM2,Wildfire
TWN,Pingtung County,6,22.391,120.655,3339,ADM2,Typhoon/Hurricane/Cyclone
SSD,Guit,6,8.411,30.19,3336,ADM3,Flood
SDN,Kassala State,6,15.412,35.659,3325,ADM1,Flood
CAF,Ippy,1,6.261,21.2,3292,ADM2,
LBN,Beirut,1,33.889,35.503,3286,ADM3,
MMR,Myawaddy Township,6,16.565,98.494,3281,ADM3,Flood
BRA,Carauari,6,-5.116,-67.358,3270,ADM2,Drought
MYS,Kluang,6,2.032,103.319,3268,ADM3,Flood
BFA,Touya,1,13.646,-2.621,3262,ADM3,
COD,Kusisa,0,-1.815,28.727,3255,ADM3,
GTM,Municipio de San Vicente Pacaya,6,14.333,-90.645,3254,ADM2,Earthquake
SSD,Minga,1,5.33,30.866,3252,ADM3,
SSD,Belwang,1,9.1,33.333,3252,ADM3,
TZA,Kilosa,6,-6.903,36.975,3250,ADM2,Flood
PER,San Francisco,6,-10.334,-76.285,3249,ADM3,Flood
MYS,Marang,6,5.207,103.204,3245,ADM3,Flood
IRQ,Qadisiyah,6,31.96,45.12,3222,ADM1,Drought
SSD,Pagil,1,8.711,31.269,3218,ADM3,
SDN,Blue Nile,1,11.957,34.123,3215,ADM1,
MDG,Analanjirofo,6,-16.317,49.491,3203,ADM1,Typhoon/Hurricane/Cyclone
BRA,São Bernardo,6,-3.361,-42.42,3200,ADM2,Storm
COD,Lusuku,0,-3.941,28.872,3165,ADM3,
TZA,Kyela,6,-9.507,33.856,3150,ADM2,Flood
SYR,Rif Dimashq,1,33.461,37.028,3147,ADM1,
MLI,Timbuktu,6,20.021,-4.008,3142,ADM1,Flood
SOM,Cadaado,6,6.137,46.626,3131,ADM2,Drought
USA,Grant,7,32.539,-108.285,3117,ADM2,Wildfire
GTM,Senahú,6,15.439,-89.809,3105,ADM2,Landslide/Wet mass movement
PHL,Northern Mindanao,6,8.405,124.687,3102,ADM1,Typhoon/Hurricane/Cyclone
USA,Santa Monica,7,34.012,-118.492,3100,ADM3,Wildfire
LBN,Sidon District,1,33.458,35.353,3081,ADM2,
PER,Bambamarca,6,-7.44,-77.693,3072,ADM3,Flood
NGA,Yola North,6,9.174,12.415,3068,ADM3,Flood
JPN,Aomori Prefecture,6,40.911,140.626,3044,ADM1,Earthquake
BRA,Picos,6,-7.107,-41.513,3038,ADM2,Dry mass movement
BRA,São José,6,-27.616,-48.628,3032,ADM2,Storm
COD,Nyunzu,0,-5.958,28.012,3030,ADM2,
KHM,Pursat,1,12.466,103.743,3026,ADM1,
BRA,Novo Aripuanã,6,-7.001,-60.63,3024,ADM2,Flood
ETH,Guji,0,9.067,35.5,3022,?,
NGA,Kontagora,2,9.841,4.644,3021,ADM3,
GNB,Gabú,6,12.282,-14.226,3017,ADM3,Storm
USA,Donna,6,26.17,-98.052,3012,ADM3,Flood
MEX,Puebla,6,19.35,-97.42,3009,ADM1,Flood
USA,Cleveland,7,36.31,-96.464,3000,ADM3,Wildfire
USA,Chandler,7,35.708,-96.876,3000,ADM3,Wildfire
BFA,Bagaré,1,12.861,-2.642,3000,ADM3,
GHA,Greater Accra Region,6,5.764,-0.035,3000,ADM1,Flood
COD,Logo,1,2.181,30.925,3000,ADM3,
BFA,Sônô,1,12.83,-3.494,3000,ADM3,
BRA,Careiro,6,-3.787,-60.348,3000,ADM2,Flood
COD,Mweka,2,-4.848,21.561,3000,ADM2,
SSD,Kurwai,1,9.244,31.153,2967,ADM3,
BRA,Pau Brasil,6,-15.443,-39.69,2967,ADM2,Storm
SSD,Rijong,2,5.514,31.328,2966,ADM3,
COD,Kusisa,1,-1.815,28.727,2962,ADM3,
BRA,Cururupu,6,-1.806,-44.707,2960,ADM2,Storm
USA,West Hollywood,7,34.092,-118.369,2959,ADM3,Wildfire
COD,Walikale,0,-1.073,27.975,2940,ADM2,
NER,Téra,1,14.012,0.755,2938,ADM3,
GTM,Amatitlán,6,14.479,-90.62,2933,ADM2,Earthquake
IDN,Bandung,6,-6.934,107.605,2913,ADM2,Flood
BFA,Dourtenga,1,11.59,0.012,2899,ADM2,
MYS,Manjung,6,4.335,100.634,2896,ADM3,Flood
COD,Kalehe,6,-2.052,28.535,2885,ADM2,Flood
BFA,Déou,1,14.592,-0.719,2877,ADM3,
MYS,Kemaman District,6,4.218,103.177,2870,ADM2,Flood
USA,Weslaco,6,26.159,-97.991,2864,ADM3,Flood
NER,Guidan-Roumdji,1,13.546,6.957,2864,ADM2,
IND,Uttarakhand,6,30.087,79.291,2850,ADM1,Flood
YEM,Sana'a Governorate,6,15.139,44.108,2842,ADM1,Flood
IND,Chhattisgarh,6,20.94,81.501,2841,ADM2,Flood
USA,Valencia,7,34.699,-106.835,2835,ADM2,Wildfire
ESP,Gallegos del Río,7,41.743,-6.161,2827,ADM3,Wildfire
MYS,Kota Bharu,6,6.054,102.274,2822,ADM2,Flood
ETH,Gedeo,6,6.132,38.226,2821,ADM2,Landslide/Wet mass movement
NER,Baram Koura,1,13.415,12.673,2815,ADM3,
USA,Menomonee Falls,6,43.179,-88.117,2812,ADM3,Flood
CMR,Logone-et-Chari,6,12.041,14.84,2809,ADM2,Flood
SSD,Lasu,1,3.949,30.467,2802,ADM3,
IND,Sikkim,6,27.601,88.454,2790,ADM1,Flood
IND,Arunachal Pradesh,6,28.017,95.06,2786,ADM1,Flood
BRA,Cachoeira do Piriá,6,-1.94,-46.469,2776,ADM2,Drought
PER,Surcubamba,6,-12.116,-74.63,2758,ADM3,Flood
IDN,Nduga,6,-4.436,138.134,2755,ADM2,Flood
UKR,Zaporizhia Oblast,1,47.146,35.738,2753,ADM1,
ZAF,Free State,6,-28.681,26.628,2738,ADM1,Flood
LBN,Bint Jbeil District,1,33.173,35.409,2733,ADM2,
SSD,Jonglei,1,7.673,32.084,2726,ADM1,
COD,Shabunda,2,-2.994,27.47,2723,ADM2,
MLI,Niafounké Cercle,1,15.887,-3.869,2718,ADM2,
MYS,Pontian Kechil,6,1.488,103.388,2718,ADM3,Flood
SOM,Banadir,6,2.107,45.427,2702,ADM2,Drought
RUS,Yuzhno-Kurilsky District,6,43.948,146.24,2700,ADM2,Tsunami
CAN,Sandy Lake,7,44.544,-78.406,2687,?,Wildfire
BFA,Pibaoré,1,12.894,-0.814,2683,ADM3,
BRA,Cametá,6,-2.296,-49.492,2648,ADM2,Storm
MYS,Keningau,6,5.332,116.152,2641,ADM3,Flood
COL,Paratebueno,6,4.417,-73.186,2637,ADM2,Earthquake
JPN,Chiba Prefecture,6,35.359,140.189,2637,ADM1,Tsunami
BRA,Macaúbas,6,-13.192,-42.683,2608,ADM2,Storm
USA,Topanga,7,34.094,-118.601,2599,ADM3,Wildfire
YEM,Al Mahwit Governorate,6,15.308,43.499,2583,ADM1,Flood
NER,Dosso,1,13.334,3.621,2563,ADM1,
NER,Guel Baourou,1,13.994,13.018,2562,ADM3,
BRA,Óbidos,6,0.132,-55.824,2560,ADM2,Storm
USA,Encino,7,34.159,-118.501,2560,ADM3,Wildfire
MLI,Niono Cercle,1,14.674,-6.005,2550,ADM2,
CMR,Hina,6,10.33,13.811,2532,ADM3,Flood
ETH,Sidama,1,6.655,38.482,2529,ADM2,
GTM,El Estor,6,15.434,-89.373,2524,ADM2,Flood
YEM,Al Jawf Governorate,6,16.596,45.599,2520,ADM1,Flood
NER,Filingué,1,14.352,3.324,2516,ADM2,
GRC,Athens,7,37.984,23.728,2510,ADM3,Wildfire
GRC,Palia Fokea,7,37.717,23.946,2510,ADM3,Wildfire
BRA,Boa Vista do Ramos,6,-3.158,-57.905,2510,ADM2,Flood
USA,La Cañada Flintridge,7,34.199,-118.188,2506,ADM3,Wildfire
SSD,Nadiangere,2,5.52,28.415,2505,ADM3,
MYS,Kubang Pasu,6,6.364,100.393,2504,ADM2,Flood
CMR,Munyenge,1,4.404,9.273,2500,ADM3,
BFA,Kiembara,1,13.289,-2.805,2500,ADM3,
BRA,Uruará,6,-3.632,-53.78,2485,ADM2,Storm
BFA,Thiou,1,13.803,-2.655,2483,ADM3,
LKA,Ratnapura District,6,6.58,80.588,2477,ADM2,Erosion
NER,Bagaroua,1,14.639,4.347,2471,ADM3,
MYS,Central Seberang Perai District,6,5.365,100.451,2461,ADM2,Flood
CAF,Bossemptele,1,5.681,16.635,2432,ADM2,
BFA,Diapangou,1,12.12,0.184,2431,ADM3,
YEM,Raymah Governorate,6,14.657,43.687,2429,ADM1,Flood
NER,Tchetchena,1,13.996,13.047,2427,ADM3,
COD,Kibwe,2,-7.079,29.688,2422,ADM3,
BRA,Bom Jesus do Tocantins,6,-4.992,-48.824,2420,ADM2,Drought
SOM,Bu'aale,0,1.198,42.741,2420,ADM2,
NGA,Malumfashi B,6,11.793,7.595,2412,ADM3,Mixed disasters
BOL,San Ignacio de Moxos,6,-14.996,-65.642,2405,ADM3,Flood
BFA,Kouka,1,11.893,-4.338,2404,ADM3,
IDN,Demak,6,-6.895,110.639,2400,ADM2,Flood
NGA,Bukkuyum,2,12.183,5.495,2399,ADM3,
COD,Beni,2,0.494,29.465,2395,ADM2,
PHL,Pagalungan,2,7.058,124.699,2395,ADM3,
NER,Kabélawa كانيلاوا,1,13.977,12.979,2393,ADM3,
SSD,Yei,0,4.093,30.677,2392,ADM2,
IND,Pudukkottai district,6,10.201,78.995,2391,ADM2,Typhoon/Hurricane/Cyclone
BDI,Rukana,6,-2.784,29.051,2388,ADM3,Flood
PAK,Azad Jammu and Kashmir - آزاد جموں و کشمیر,6,33.963,73.905,2387,ADM2,Flood
USA,Mercedes,6,26.15,-97.914,2364,ADM3,Flood
PER,Olmos,6,-5.995,-79.734,2363,ADM3,Flood
CHN,Longnan City,6,33.565,105.256,2360,ADM3,Flood
SOM,Wanla Weyn,0,2.792,44.906,2349,ADM2,
COL,San Benito Abad,6,8.788,-74.957,2344,ADM2,Flood
BRA,Tucuruí,6,-3.828,-49.875,2339,ADM2,Storm
BRA,Florianópolis,6,-27.615,-48.501,2337,ADM2,Storm
MOZ,Niassa,1,-13.387,36.314,2334,ADM1,
MYS,Larut,6,4.848,100.737,2330,ADM3,Flood
CAF,Moyenne Sido,6,8.223,18.716,2320,ADM3,Flood
NGA,Dankama,6,13.293,7.773,2318,ADM3,Mixed disasters
SSD,Guat,6,8.411,30.19,2311,ADM3,Flood
SSD,Kaldak,1,9.347,31.489,2308,ADM3,
USA,Columbia,6,31.252,-89.835,2302,ADM3,Storm
USA,North Hollywood,7,34.187,-118.388,2302,ADM3,Wildfire
IDN,Lanny Jaya,2,-3.976,138.302,2300,ADM3,
HTI,Département de la Grande-Anse,6,18.516,-74.099,2300,ADM1,Mixed disasters
MMR,Kachin State,6,26.021,97.492,2300,ADM1,Flood
CAF,Zemio,1,5.025,25.129,2299,ADM2,
NGA,Mbayer/Yandev,2,7.881,8.627,2297,ADM3,
USA,Sylmar,7,34.299,-118.459,2294,ADM3,Wildfire
NER,Kadjhidjia,1,13.928,12.879,2285,ADM3,
COL,Nuevo Belén de Bajirá,6,7.372,-76.715,2284,ADM2,Flood
SYR,Deir Ezzor,1,35.262,40.242,2284,ADM1,
AUS,New South Wales,6,-32.835,146.574,2275,ADM1,Flood
AB9,Abyei,2,9.468,28.463,2269,ADM1,
NGA,Wababe-Salau,2,12.801,5.514,2267,ADM3,
GTM,Zapotitlán,6,14.107,-89.821,2267,ADM2,Earthquake
ZMB,Lundazi,6,-12.166,32.603,2262,ADM2,Flood
COL,Purísima de la Concepción,6,9.237,-75.722,2249,ADM2,Flood
BRA,Brejões,6,-13.071,-39.821,2240,ADM2,Storm
BRA,Vigia,6,-0.888,-48.138,2240,ADM2,Storm
MYS,Kota Setar,6,6.099,100.372,2238,ADM2,Flood
SSD,Phom,1,9.408,31.163,2235,ADM3,
YEM,Sana'a City,1,15.329,44.225,2233,ADM3,
TWN,New Taipei,6,24.986,121.771,2230,ADM3,Typhoon/Hurricane/Cyclone
GHA,Odawna Close,6,5.559,-0.216,2225,?,Flood
COD,Mambasa,1,1.36,29.035,2220,ADM3,
TWN,Kaohsiung,6,22.64,120.303,2214,?,Typhoon/Hurricane/Cyclone
SSD,Magwi,7,4.128,32.3,2213,ADM3,Wildfire
CAF,Alindao,1,5.042,21.211,2213,ADM2,
IDN,Jailolo,6,1.077,127.434,2206,ADM2,Flood
ESP,Tarifa,7,36.132,-5.72,2200,ADM3,Wildfire
USA,Little Rock,6,34.743,-92.276,2197,ADM3,Flood
NGA,Gwana,2,9.625,10.829,2189,ADM3,
BRA,São Domingos do Capim,6,-1.872,-47.778,2186,ADM2,Storm
MDG,Anosy,6,-24.062,46.262,2178,ADM1,Typhoon/Hurricane/Cyclone
MYS,Selangau,6,2.524,112.326,2178,ADM3,Flood
TCD,Daboua,1,14.414,13.613,2175,ADM3,
TZA,Ulanga,6,-9.054,36.648,2165,ADM2,Storm
ZWE,Zimbabwe,6,-19.017,29.354,2163,AM0,Flood
PER,Lambras,6,-12.051,-74.656,2159,ADM3,Flood
PHL,Irosin,6,12.704,124.032,2157,ADM3,Volcanic activity
CAF,Bocaranga,1,6.996,15.639,2151,ADM2,
NGA,Musari,2,12.474,10.443,2144,ADM3,
USA,Edinburg,6,26.301,-98.162,2136,ADM3,Flood
MYS,Membakut,6,5.475,115.803,2131,ADM3,Flood
SOM,Laasqoray,6,10.537,48.696,2128,ADM2,Drought
USA,Tylertown,6,31.116,-90.142,2128,ADM3,Storm
IRQ,Nineveh,1,35.972,42.327,2123,ADM1,
PSE,West Bank,1,31.947,35.274,2115,ADM2,
UGA,Sironko Budadiri Road,6,1.21,34.302,2115,?,Flood
BFA,Kombori,1,13.401,-3.978,2111,ADM3,
NER,Tillia,1,16.138,4.792,2107,ADM3,
SOM,Taleex,6,9.148,48.421,2107,ADM2,Drought
DZA,Oran,6,35.622,-0.702,2104,ADM1,Landslide/Wet mass movement
USA,Mono,7,38.088,-119.03,2100,ADM2,Wildfire
SSD,Malakal,6,9.541,31.65,2100,ADM3,Flood
MLI,San Cercle,1,13.109,-4.994,2099,ADM2,
NGA,Bole Yolde Pate,6,9.129,12.461,2098,ADM3,Flood
IDN,Sukoharjo,6,-7.683,110.841,2089,ADM2,Flood
MYS,Serian,6,1.169,110.569,2082,ADM3,Flood
NGA,Rigange primary heath center,2,9.574,11.761,2082,ADM3,
USA,Missouri,6,38.304,-92.492,2081,ADM1,Storm
USA,Wasco,7,45.263,-121.253,2067,ADM2,Wildfire
MYS,Bachok,6,6.026,102.372,2065,ADM2,Flood
ETH,South Wollo,1,10.934,39.277,2062,ADM2,
BRA,Irituia,6,-1.77,-47.421,2056,ADM2,Erosion
NGA,Yashe A,2,12.37,7.936,2053,ADM3,
IDN,Bekasi,6,-6.235,106.995,2052,ADM2,Flood
PHL,Pandag,2,6.742,124.783,2050,ADM3,
BFA,Niangré-Tansoba,1,12.906,-0.813,2046,ADM3,
BRA,Prainha,6,-2.201,-53.493,2045,ADM2,Flood
SSD,Atar,1,9.267,31.405,2034,ADM3,
MYS,Kulim,6,5.403,100.64,2033,ADM2,Flood
USA,Sierra Madre,7,34.162,-118.053,2029,ADM3,Wildfire
LBN,Baabda District,1,33.839,35.649,2024,ADM2,
BRA,Atalaia do Norte,6,-5.664,-71.828,2017,ADM2,Drought
BDI,Buterere,6,-3.328,29.347,2016,ADM3,Flood
GTM,Raxruhá,6,15.899,-90.118,2014,ADM2,Flood
ETH,Western Tigray,6,14.12,37.5,2010,ADM2,Flood
MYS,Kulai,6,1.657,103.606,2009,ADM3,Flood
MYS,Pitas,6,6.73,117.041,2006,ADM3,Flood
NGA,Gwoza,1,11.083,13.694,2004,ADM3,
ETH,East Wellega,6,9.428,37.043,2002,ADM2,Flood
TUR,Çanakkale,7,40.154,26.414,2000,ADM3,Wildfire
CMR,Dumbo,1,6.704,10.512,2000,ADM3,
IDN,Puncak,2,-3.56,137.319,2000,ADM3,
ALB,Delvinë,7,39.95,20.098,2000,ADM3,Wildfire
COD,Bakano,1,-1.733,28.027,2000,ADM3,
UGA,Amuru,6,3.129,32.102,2000,ADM1,Flood
FRA,Aude,7,43.054,2.512,2000,ADM2,Wildfire
UGA,Kamutur,6,1.367,34.217,2000,ADM3,Flood
COD,Samboko Centre,1,0.856,29.501,2000,ADM3,
PSE,Jenin Governorate,1,32.426,35.255,1993,ADM2,
SOM,Bossaso,6,10.921,49.4,1989,ADM2,Drought
BRA,Rio Branco,6,-10.07,-68.155,1987,ADM2,Flood
GTM,Puerto Barrios,6,15.728,-88.595,1985,ADM2,Flood
UGA,Apaa,2,2.983,31.872,1978,ADM3,
SLV,San Lorenzo,6,14.026,-89.784,1975,ADM2,Earthquake
BRA,São Luís do Quitunde,6,-9.263,-35.572,1974,ADM2,Storm
NGA,Kakumi,2,11.79,7.31,1971,ADM3,
USA,Calabasas,7,34.154,-118.647,1970,ADM3,Wildfire
GRC,Μουζάκι,7,37.735,20.822,1965,ADM3,Wildfire
BRA,Presidente Sarney,6,-2.621,-45.439,1963,ADM2,Storm
SOM,Rab Dhuure,0,4.243,43.212,1962,ADM2,
SSD,Twic,6,8.61,28.18,1953,ADM3,Flood
MYS,Teluk Intan,6,4.023,101.026,1950,ADM3,Flood
SOM,Ceel Afweyn,0,10.148,46.689,1944,ADM2,
BRA,Primavera,6,-8.337,-35.375,1942,ADM2,Flood
BRA,Uarini,6,-3.147,-65.42,1930,ADM2,Flood
MYS,Sungai Nerus,6,5.322,103.043,1929,?,Flood
IDN,Parigi Moutong Regency,6,-0.238,119.96,1928,ADM2,Flood
BRA,Itupiranga,6,-5.233,-49.95,1928,ADM2,Storm
AGO,Lunda Sul,6,-9.904,20.942,1928,ADM1,Flood
BRA,Tutóia,6,-2.817,-42.346,1920,ADM2,Storm
BRA,Araci,6,-11.136,-39.07,1920,ADM2,Storm
SOM,Afgooye,6,2.138,45.121,1920,ADM2,Drought
BRA,Bujaru,6,-1.653,-48.053,1917,ADM2,Storm
SDN,River Nile State,6,17.998,34.056,1915,ADM1,Flood
IDN,Grobogan,6,-7.032,110.917,1912,ADM2,Flood
KOR,Sancheong-gun,7,35.398,127.908,1908,ADM2,Wildfire
ESP,Jarilla,7,40.177,-6.004,1905,ADM3,Wildfire
NER,Maïné-Soroa,1,13.752,11.583,1904,ADM2,
USA,Arcadia,7,34.14,-118.035,1904,ADM3,Wildfire
SSD,Fashoda,6,9.888,32.108,1900,ADM3,Flood
BRA,Rio Largo,6,-9.514,-35.911,1900,ADM2,Storm
NER,Zinder,6,15.179,9.707,1894,ADM1,Flood
NER,Lmoudaka Kogané,1,13.9,0.529,1893,ADM3,
GTM,Municipio de Chiquimulilla,6,14.097,-90.379,1887,ADM2,Flood
BRA,Alvorada,6,-29.989,-51.037,1879,ADM2,Flood
NER,Boulakaou,1,15.416,11.163,1875,ADM3,
CAF,Bria,1,6.543,21.987,1874,ADM2,
BRA,Novo Progresso,6,-7.754,-55.513,1872,ADM2,Storm
MLI,Gao,6,17.002,-0.099,1871,ADM1,Flood
ETH,Metekel,0,11.001,35.803,1870,ADM2,
CAF,Bambari,1,5.768,20.676,1869,ADM2,
NGA,Adamawa,1,9.154,12.294,1866,ADM1,
SOM,Afmadow,6,0.591,41.786,1864,ADM2,Drought
MYS,Tatau,6,2.878,112.852,1863,ADM3,Flood
TWN,Tainan,6,23.151,120.336,1854,ADM3,Typhoon/Hurricane/Cyclone
NER,Kakarwa,1,13.714,13.121,1852,ADM3,
NGA,Niger,2,9.774,5.711,1850,ADM1,
GRC,Stathmos Mourion,7,41.262,22.839,1846,ADM3,Wildfire
NER,N Gadodo,1,13.961,12.972,1839,ADM3,
SOM,Dhahar,6,9.749,48.822,1837,ADM2,Drought
NER,Diffa,1,15.53,13.115,1825,ADM1,
TWN,Yilan County,6,24.649,121.647,1819,ADM2,Typhoon/Hurricane/Cyclone
NER,Guinia,1,13.592,11.763,1818,ADM3,
NGA,Isa,2,13.213,6.372,1814,ADM3,
SOM,Garbahaarey,6,3.206,42.359,1812,ADM2,Drought
AGO,Luanda,6,-9.002,13.149,1803,ADM1,Flood
IND,Mizoram,6,23.23,92.866,1800,ADM1,Flood
BRA,Aveiro,6,-3.667,-56.016,1800,ADM2,Storm
KEN,Narok,2,-1.278,35.477,1800,ADM1,
VNM,Ninh Binh province,6,20.074,106.048,1798,ADM1,Typhoon/Hurricane/Cyclone
PER,Callería,6,-7.896,-74.185,1798,ADM3,Flood
NER,Ouallam,1,14.587,2.196,1797,ADM2,
CMR,Foumban,6,5.718,10.908,1796,ADM3,Landslide/Wet mass movement
BRA,São Félix do Xingu,6,-7.213,-52.193,1792,ADM2,Storm
PER,Manantay,6,-8.479,-74.546,1781,ADM3,Flood
SOM,Jamaame,6,0.07,42.745,1779,ADM2,Drought
USA,Woodland Hills,7,34.169,-118.606,1766,ADM3,Wildfire
BRA,Terra Santa,6,-1.896,-56.483,1766,ADM2,Storm
BOL,Municipio Papel Pampa,6,-17.713,-67.692,1765,ADM3,Flood
PER,Aparicio Pomares,6,-9.723,-76.566,1764,ADM3,Flood
BFA,Guilyendé,1,12.246,0.116,1760,ADM3,
ARG,Partido de Bahía Blanca,6,-38.584,-62.188,1757,ADM2,Flood
PHL,Valencia,6,7.903,125.09,1754,ADM3,Flood
TCD,Ngouboua Koura,1,13.529,14.045,1750,ADM3,
BRA,Esteio,6,-29.85,-51.166,1740,ADM2,Storm
COL,Medina,6,4.501,-73.405,1740,ADM2,Earthquake
SOM,Jilib,0,0.645,43.057,1727,ADM2,
USA,New Berlin,6,42.976,-88.108,1724,ADM3,Flood
CHN,Danba County,6,30.893,101.859,1719,ADM2,Landslide/Wet mass movement
MYS,Kuala Terengganu,6,5.33,103.138,1709,ADM3,Flood
TCD,Wadrarom,1,13.502,14.246,1707,ADM3,
BGD,Rangpur Division,6,25.837,88.959,1704,ADM1,Tornado
SOM,Buuhoodle,0,8.46,46.661,1704,ADM2,
SOM,Marka,0,1.716,44.772,1703,ADM2,
IDN,Mimika,2,-4.583,136.827,1700,ADM3,
BFA,Barani,1,13.17,-3.893,1700,ADM3,
BRA,São Domingos do Araguaia,6,-5.719,-48.728,1700,ADM2,Storm
COD,Bunia,6,1.562,30.248,1700,ADM3,Flood
USA,Apache,7,35.213,-109.442,1700,ADM2,Wildfire
SSD,Panyagor,2,7.164,31.41,1686,?,
PNG,Mendi,2,-6.141,143.657,1685,ADM3,
USA,Van Nuys,7,34.201,-118.466,1679,ADM3,Wildfire
SSD,Motot,1,8.165,32.048,1678,ADM3,
USA,Long Beach,7,33.769,-118.192,1677,ADM3,Wildfire
NGA,"Karim ""A""",2,9.269,11.173,1675,ADM3,
MDG,Atsimo-Atsinanana,6,-23.226,47.284,1673,ADM1,Flood
SOM,Iskushuban,0,10.284,50.23,1672,ADM2,
USA,Pikeville,6,37.479,-82.519,1662,ADM3,Storm
PSE,West Bank,2,31.947,35.274,1658,ADM2,
SSD,Jikmir,1,8.456,33.188,1657,ADM3,
ZAF,Umkhanyakude District Municipality,6,-27.662,32.303,1655,ADM2,Flood
USA,Burbank,7,34.181,-118.307,1655,ADM3,Wildfire
NGA,Yobe,1,11.974,11.524,1653,ADM1,
JPN,Fukushima Prefecture,6,37.367,140.263,1652,ADM1,Tsunami
BRA,Bom Jesus da Lapa,6,-13.209,-43.296,1650,ADM2,Storm
SDN,Blue Nile State,6,11.957,34.123,1650,ADM1,Flood
MLI,Macina Cercle,1,14.014,-5.506,1643,ADM2,
NER,Maine Soroa,1,13.213,12.029,1641,ADM3,
BRA,Curralinho,6,-1.582,-49.987,1640,ADM2,Storm
PER,Jacas Grande,6,-9.54,-76.737,1638,ADM3,Flood
SOM,Adan Yabaal,6,3.499,46.593,1638,ADM2,Drought
USA,Pawnee,7,36.362,-96.78,1638,ADM2,Wildfire
PHL,Glan,6,5.822,125.205,1636,ADM3,Flood
PHL,Uson,1,12.225,123.783,1635,ADM3,
BFA,Dori,1,14.017,-0.056,1624,ADM3,
IND,Senapati,2,25.393,94.151,1621,ADM2,
THA,Trat Province,1,12.259,102.427,1621,ADM1,
MYS,Petaling Jaya,6,3.106,101.643,1617,ADM3,Flood
CMR,Blangoua,1,12.774,14.546,1617,ADM3,
USA,Michigan,6,45.003,-84.507,1617,ADM1,Winter storm/Blizzard
MYS,Miri Division,6,4.0,114.0,1616,?,Flood
BRA,Jutaí,6,-4.655,-68.28,1613,ADM2,Flood
PER,Morropón District,6,-5.184,-79.972,1612,ADM3,Flood
NER,Guidan Sori,1,13.538,6.877,1611,ADM3,
COL,El Banco,6,9.005,-73.974,1607,ADM2,Erosion
MYS,Pasir Mas,6,6.02,102.068,1607,ADM2,Flood
MYS,Sungai Setiu,6,5.545,102.745,1606,?,Flood
NGA,Mafa,2,12.321,12.108,1605,ADM3,
ETH,Zone 2,6,13.486,40.589,1602,ADM2,Earthquake
BFA,Nangouna,1,12.522,-4.348,1600,ADM3,
ETH,Awi,1,10.964,36.758,1597,ADM2,
USA,Los Angeles,6,34.02,-118.287,1594,ADM3,Storm
MYS,Seri Iskandar,6,4.361,100.951,1592,ADM3,Flood
USA,Granada Hills,7,34.265,-118.523,1592,ADM3,Wildfire
IND,Nagaland,6,26.121,94.556,1591,ADM1,Flood
MEX,Guerrero,6,17.602,-99.946,1591,ADM1,Typhoon/Hurricane/Cyclone
SDN,Gedaref,1,14.009,34.862,1590,ADM1,
SSD,Southern Malakal,1,9.502,31.669,1586,ADM3,
PER,San Francisco de Asís,6,-9.977,-76.629,1585,ADM3,Flood
BRA,Camboriú,6,-27.025,-48.654,1578,ADM2,Flood
JPN,Kumamoto Prefecture,6,32.602,130.703,1567,ADM1,Flood
UGA,Moroto,6,2.616,34.64,1567,ADM1,Flood
BDI,Rugombo,6,-2.819,29.098,1562,ADM3,Flood
NGA,Fajaldu,2,12.841,5.381,1562,ADM3,
SEN,Bakel,6,14.905,-12.457,1541,ADM3,Flood
BRA,Guimarães,6,-2.133,-44.602,1540,ADM2,Storm
IND,Meghalaya,6,25.578,91.265,1532,ADM1,Flood
ZAF,Johannesburg,6,-26.205,28.05,1529,ADM3,Flood
SSD,Torit,1,4.372,32.567,1528,ADM3,
BRA,Salvaterra,6,-0.788,-48.62,1520,ADM2,Storm
PER,Yarinacocha,6,-8.355,-74.576,1519,ADM3,Flood
PHL,Mansalay,1,12.52,121.439,1515,ADM3,
IDN,Nunukan,6,4.056,117.673,1512,ADM2,Flood
BRA,Xinguara,6,-6.849,-49.256,1510,ADM2,Storm
PSE,Jenin,1,32.462,35.298,1507,ADM3,
YEM,Al Bayda' Governorate,1,14.326,45.216,1505,ADM1,
ARG,Epuyén,7,-42.229,-71.368,1502,ADM3,Wildfire
CHN,Taiyuan,6,29.7,108.275,1500,ADM3,Flood
BRA,Entre Rios,6,-12.07,-38.03,1500,ADM2,Storm
NGA,Rim,2,9.55,8.75,1500,ADM3,
GAB,Libreville,6,0.39,9.454,1500,ADM3,Storm
ARG,Partido de Zárate,6,-34.003,-59.147,1500,ADM2,Flood
SSD,Renk,6,11.834,32.798,1500,ADM3,Flood
FJI,Northern,6,-16.352,179.049,1500,ADM1,Typhoon/Hurricane/Cyclone
USA,Stillwater,7,36.142,-97.067,1500,ADM3,Wildfire
COD,Djugu,0,1.875,30.393,1500,ADM2,
NGA,Gatawa,2,13.423,6.483,1500,ADM3,
CPV,São Vicente,6,16.849,-24.972,1500,ADM1,Storm
ESP,San Bartolomé de Pinares,7,40.536,-4.51,1500,ADM3,Wildfire
ETH,Zone 1,6,11.94,41.362,1500,ADM2,Flood
CAF,Yaloke,6,5.317,17.102,1494,ADM2,Storm
IND,Haryana,6,29.293,76.045,1494,ADM2,Flood
NGA,Markurdi,2,7.735,8.518,1489,ADM3,
BFA,Barani,1,13.169,-3.892,1488,ADM3,
USA,Collins,6,31.646,-89.555,1485,ADM3,Storm
MEX,Chihuahua,2,28.693,-106.042,1481,ADM1,
COD,Uvira,6,-3.198,29.007,1480,ADM2,Flood
IDN,South Tapanuli,6,1.551,99.212,1476,ADM2,Flood
MYS,Bagan Datuk,6,3.989,100.788,1466,ADM3,Flood
BRA,Santa Maria,6,-29.689,-53.792,1465,ADM2,Storm
MWI,Likoma Island,6,-12.066,34.732,1464,ADM3,Flood
BRA,Peruíbe,6,-24.279,-47.013,1463,ADM2,Storm
TZA,Moshi,6,-3.349,37.344,1455,ADM3,Flood
PER,Conchamarca,6,-10.036,-76.217,1454,ADM3,Flood
PER,Vilque,6,-15.766,-70.259,1454,ADM3,Flood
GRC,Evinochori,7,38.359,21.535,1451,ADM3,Wildfire
SOM,Caynabo,0,9.282,46.49,1449,ADM2,
SOM,Diinsoor,0,2.409,42.975,1438,ADM2,
SSD,Kpaile,2,7.107,27.933,1435,ADM3,
SOM,Ceel Waaq,6,2.686,41.441,1432,ADM2,Drought
IDN,East Java,6,-6.969,113.98,1430,ADM1,Earthquake
CMR,Kumbo,1,6.207,10.705,1426,ADM3,
NER,N'Guel Kolo,1,13.421,12.366,1426,ADM3,
GTM,Champerico,6,14.294,-91.912,1422,ADM2,Flood
CMR,Konye,1,4.871,9.38,1419,ADM3,
ECU,Chugchillan,6,-0.825,-78.979,1418,ADM3,Storm
NPL,Ilam,6,26.899,87.929,1415,ADM3,Landslide/Wet mass movement
NGA,Safana,2,12.378,7.377,1414,ADM3,
SSD,Kurmuot,1,8.363,32.984,1409,ADM3,
HKG,Hong Kong,6,22.349,114.186,1403,AM0,Typhoon/Hurricane/Cyclone
CAF,Kabo,1,7.692,18.624,1401,ADM2,
ESP,Huelva,6,37.502,-6.923,1400,ADM2,Storm
BRA,Concórdia do Pará,6,-1.862,-47.963,1400,ADM2,Flood
GTM,Santo Domingo Suchitepéquez,6,14.479,-91.483,1399,ADM2,Flood
GTM,Los Amates,6,15.296,-89.08,1398,ADM2,Flood
MLI,Mopti Cercle,1,14.742,-4.046,1392,ADM2,
SOM,Iskushuban,6,10.284,50.23,1392,ADM2,Drought
MLI,Diré Cercle,1,16.351,-3.38,1390,ADM2,
BRA,Rio Maria,6,-7.41,-49.829,1388,ADM2,Drought
ESP,Ponteceso,7,43.262,-8.864,1385,ADM3,Wildfire
NGA,Madagali,1,10.886,13.63,1384,ADM3,
NGA,Hong,1,10.23,12.926,1383,ADM3,
COL,Canalete,6,8.749,-76.259,1380,ADM2,Flood
ESP,Boca de Huérgano,7,42.989,-4.868,1376,ADM3,Wildfire
NGA,Tijime,2,7.438,8.188,1375,ADM3,
PER,Changuillo,6,-14.664,-75.223,1373,ADM3,Flood
NER,Bangui,1,13.68,6.194,1372,ADM3,
BFA,Boala,1,12.868,-0.701,1370,ADM3,
NGA,Yantumaki B,2,12.189,7.427,1368,ADM3,
BRA,Bonito,6,-6.958,-50.283,1356,ADM2,Storm
ECU,Loja,6,-4.053,-79.805,1353,ADM1,Flood
TCD,ماني Mani,6,12.734,14.68,1349,ADM3,Flood
GRC,Hfaistos,7,41.13,25.384,1348,ADM3,Wildfire
BRA,Pacajá,6,-3.702,-50.778,1348,ADM2,Drought
NGA,Nyiev,1,8.004,8.44,1340,ADM3,
BRA,Nova Santa Rita,6,-29.833,-51.274,1339,ADM2,Dry mass movement
AGO,Cazombo,6,-11.892,22.9,1338,ADM3,Flood
USA,Town of Brookfield,6,43.04,-88.164,1336,ADM3,Flood
SYR,Damascus,1,33.516,36.274,1334,ADM1,
NAM,Ohangwena,6,-17.662,16.825,1331,ADM1,Flood
SSD,Wudabi,1,3.772,30.619,1330,ADM3,
USA,Cleveland,6,35.153,-97.291,1327,ADM2,Mixed disasters
BRA,Riachuelo,6,-5.813,-35.824,1327,ADM2,Storm
BRA,Ipanguaçu,6,-5.542,-36.831,1327,ADM2,Storm
BRA,Lauro de Freitas,6,-12.842,-38.327,1324,ADM2,Storm
USA,Quemado,6,28.948,-100.624,1322,ADM3,Flood
ETH,Guji,1,9.067,35.5,1320,?,
PHL,Antipolo,1,14.587,121.176,1318,ADM3,
SOM,Buur Hakaba,6,2.485,44.007,1314,ADM2,Drought
MYS,Maran,6,3.582,102.775,1314,ADM3,Flood
COD,Mutambala,2,-4.165,28.946,1313,ADM3,
PNG,Chimbu Province,2,-6.323,144.943,1310,ADM1,
NGA,Shinkafi,2,13.029,7.647,1308,ADM3,
SSD,Nyongrial,2,9.322,31.982,1305,ADM3,
BRA,São José da Coroa Grande,6,-8.872,-35.174,1304,ADM2,Storm
SOM,Baidoa,6,3.114,43.65,1302,ADM2,Drought
PHL,Cagwait,6,8.918,126.298,1301,ADM3,Earthquake
BFA,Bissiga,1,11.823,-0.119,1300,ADM2,
ETH,Amhara,6,11.248,38.314,1300,ADM1,Landslide/Wet mass movement
MYS,Batang Subis,6,3.816,113.772,1299,ADM3,Flood
COD,Lopa,2,1.737,30.34,1293,ADM3,
NGA,Sayaya,6,12.301,7.617,1291,ADM3,Mixed disasters
PNG,Jiwaka Province,2,-5.802,144.634,1290,ADM1,
BRA,Itaquaquecetuba,6,-23.458,-46.329,1282,ADM2,Storm
COL,Condoto,6,5.106,-76.452,1281,ADM2,Storm
COD,Kashalira,1,-0.986,29.166,1277,ADM3,
PSE,Tulkarm Governorate,1,32.327,35.084,1265,ADM2,
CYP,Souni-Zanakia,7,34.735,32.882,1257,ADM3,Wildfire
USA,La Crescenta,7,34.23,-118.235,1256,ADM3,Wildfire
LBN,Baalbek District,1,34.138,36.286,1254,ADM2,
SSD,Rumbek East County,6,6.786,30.165,1250,ADM2,Flood
TCD,Ngoria,1,13.337,14.281,1244,ADM3,
ZAF,Jozini Local Municipality,6,-27.365,32.118,1243,ADM3,Storm
GTM,Jerez,6,14.08,-89.757,1235,ADM2,Flood
CAF,Nana-Bakassa,1,6.991,17.276,1230,ADM2,
PHL,Hadji Mohammad Ajul,2,6.688,122.394,1227,ADM3,
CAF,Bambouti,1,5.4,27.205,1226,ADM2,
GTM,Yupiltepeque,6,14.17,-89.783,1223,ADM2,Earthquake
BRA,Urucurituba,6,-2.833,-57.75,1219,ADM2,Flood
MLI,Bankass Cercle,1,13.644,-3.615,1218,ADM2,
GTM,Chisec,6,15.884,-90.336,1217,ADM2,Flood
CAF,Kémo,1,5.728,19.145,1214,ADM1,
BRA,Encruzilhada,6,-15.568,-40.908,1212,ADM2,Storm
BRA,Jaguari,6,-29.452,-54.646,1210,ADM2,Storm
PER,Pilpichaca,6,-13.33,-74.977,1210,ADM3,Flood
BRA,Heliópolis,6,-10.729,-38.255,1210,ADM2,Storm
BRA,Itororó,6,-15.067,-40.019,1207,ADM2,Flood
UGA,Kalangala,6,-0.693,32.375,1200,ADM2,Typhoon/Hurricane/Cyclone
USA,Bonner,7,48.34,-116.542,1200,ADM2,Wildfire
CAF,Bekondjo,2,7.176,17.524,1200,ADM3,
NGA,Birnin Tudu,2,12.084,5.298,1198,ADM3,
SSD,Adior,2,6.783,30.722,1198,ADM3,
MEX,Othón P. Blanco,6,19.621,-89.005,1197,ADM3,Flood
MEX,Reynosa,6,25.665,-100.141,1192,?,Flood
NAM,Otjomuise,6,-22.556,17.021,1189,ADM3,Flood
PHL,Navotas,6,14.674,120.936,1189,ADM3,Flood
SOM,Waajid,6,3.816,43.433,1188,ADM2,Drought
BRA,Capão da Canoa,6,-29.661,-50.014,1188,ADM2,Storm
PER,San Isidro,6,-13.979,-75.24,1187,ADM3,Flood
PER,Anco,6,-12.644,-74.572,1184,ADM3,Flood
CAF,Zemio,6,5.025,25.129,1183,ADM2,Storm
IDN,Tolitoli,6,0.97,120.876,1178,ADM2,Flood
YEM,Marib Governorate,1,15.333,45.452,1176,ADM1,
NGA,Rimaye,2,12.304,7.854,1173,ADM3,
IDN,Krui,6,-5.166,103.94,1173,ADM2,Flood
NGA,Kamanji,2,11.593,7.227,1171,ADM3,
COD,Mahagi,2,2.3,30.992,1170,ADM3,
SOM,Kurtunwaarey,0,1.675,44.067,1169,ADM2,
GTM,Municipio de Retalhuleu,6,14.534,-91.686,1163,ADM2,Flood
MYS,Tenom,6,5.12,115.945,1162,ADM3,Flood
BRA,São Bento,6,-2.702,-44.841,1160,ADM2,Storm
GRC,Chios Prefecture,7,38.361,25.775,1155,ADM2,Wildfire
MEX,Culiacán,2,24.664,-107.265,1155,ADM3,
PHL,Lugus,6,5.7,120.785,1145,ADM3,Flood
NGA,Kaduna,2,10.262,7.873,1143,ADM1,
CAF,Bangassou,1,4.744,22.823,1138,ADM2,
SOM,Saakow,0,1.629,42.063,1138,ADM2,
SSD,Malek,2,6.64,30.971,1137,ADM3,
NGA,Rogo,2,7.232,9.935,1136,ADM3,
NGA,Chanchanji,2,7.513,9.929,1136,ADM3,
MYS,North Seberang Perai District,6,5.486,100.453,1133,ADM2,Flood
GTM,La Máquina,6,14.304,-91.565,1128,ADM2,Flood
SOM,Jilib,6,0.645,43.057,1125,ADM2,Drought
TCD,Bekamba,6,8.486,17.96,1121,ADM3,Flood
PER,San José de los Molinos,6,-13.933,-75.671,1121,ADM3,Flood
SSD,Pathai,1,8.07,31.835,1120,ADM3,
LBY,Tripoli,1,32.934,13.351,1120,ADM1,
IDN,Kabupaten Cilacap,6,-7.459,108.803,1120,ADM2,Flood
USA,Klickitat,7,45.826,-120.773,1117,ADM2,Wildfire
NGA,Gaji Ganna I,1,12.226,13.07,1117,ADM3,
GTM,El Adelanto,6,14.181,-89.84,1111,ADM2,Earthquake
USA,Luther,7,35.66,-97.175,1107,ADM3,Wildfire
SSD,Ayod,1,8.124,31.412,1106,ADM3,
CAN,Abbotsford,6,49.086,-122.27,1103,ADM3,Flood
BRA,Pariquera-Açu,6,-24.664,-47.846,1103,ADM2,Storm
USA,Pinal,7,32.975,-111.326,1100,ADM2,Wildfire
SSD,Bentiu,1,9.256,29.804,1100,ADM3,
PER,Huarmaca,6,-5.568,-79.524,1097,ADM3,Flood
NGA,Yankaba,2,12.65,6.579,1088,ADM3,
PER,Churubamba,6,-9.826,-76.134,1088,ADM3,Flood
GTM,Santa Cruz Verapaz,6,15.331,-90.419,1088,ADM2,Flood
CMR,Tchika,1,12.785,14.273,1085,ADM3,
SOM,Xudur,6,4.189,43.906,1081,ADM2,Drought
IDN,Banjarnegara,6,-7.396,109.695,1080,ADM2,Flood
COL,Barrancominas,6,3.494,-69.813,1077,ADM2,Flood
PER,Pampamarca,6,-9.705,-76.703,1073,ADM3,Flood
USA,Raymondville,6,26.481,-97.783,1072,ADM3,Flood
UKR,Kupiansk,1,49.71,37.622,1067,ADM3,
USA,Tarzana,7,34.173,-118.554,1065,ADM3,Wildfire
USA,Prentiss,6,31.599,-89.867,1065,ADM3,Storm
SSD,Lobonok,2,4.387,31.596,1064,ADM3,
PER,Choras,6,-9.91,-76.606,1062,ADM3,Flood
SSD,Yomding,1,8.633,32.85,1061,ADM3,
PER,Orurillo,6,-14.727,-70.512,1059,ADM3,Flood
BRA,Maravilhas,6,-19.512,-44.68,1056,ADM2,Storm
NGA,Anambra,6,6.261,6.937,1050,ADM1,Flood
PHL,Rajah Buayan,2,6.907,124.55,1050,ADM3,
IND,Malkangiri,2,18.27,81.955,1042,ADM2,
BRA,Espinosa,6,-14.86,-42.992,1040,ADM2,Storm
PHL,Shariff Saydona Mustapha,2,6.976,124.482,1040,ADM3,
PER,Acobamba,6,-12.815,-74.558,1039,ADM3,Flood
CAF,Taley,1,6.674,16.371,1035,ADM2,
COD,Beni,1,0.482,29.453,1034,ADM2,
COD,Bukama,6,-9.202,25.853,1034,ADM3,Flood
LKA,Monaragala District,6,6.878,81.378,1032,ADM2,Typhoon/Hurricane/Cyclone
GRC,Thymari,7,37.699,23.943,1030,ADM3,Wildfire
BRA,Tonantins,6,-2.576,-67.473,1030,ADM2,Flood
BRA,Ponta de Pedras,6,-1.053,-49.155,1028,ADM2,Flood
SSD,Northern Malakal,1,9.538,31.664,1027,ADM3,
GTM,San Benito,6,16.9,-90.002,1026,ADM2,Flood
PER,Santa Cruz de Chuca,6,-8.12,-78.142,1024,ADM3,Flood
COL,Hatillo de Loba,6,8.966,-74.125,1024,ADM2,Flood
PER,Llusco,6,-14.337,-72.114,1022,ADM3,Flood
BRA,Alegrete,6,-29.753,-55.893,1020,ADM2,Flood
IDN,Brebes,6,-6.855,109.039,1016,ADM2,Flood
USA,Monrovia,7,34.148,-118.001,1012,ADM3,Wildfire
IDN,Cirebon,6,-6.714,108.561,1011,ADM2,Flood
PER,Molino,6,-9.91,-76.016,1010,ADM3,Flood
ETH,East Shewa,6,8.077,38.78,1004,ADM2,Flood
BRA,Maiquinique,6,-15.699,-40.264,1004,ADM2,Storm
BRA,Trairão,6,-5.102,-55.958,1004,ADM2,Storm
SOM,Dhuusamarreeb,0,5.536,46.387,1004,ADM2,
USA,Indiana,6,39.763,-86.173,1003,ADM1,Storm
BRA,Araquari,6,-26.468,-48.801,1002,ADM2,Hailstorm
YEM,Sana'a City,6,15.329,44.225,1001,ADM3,Flood
SSD,Rupkona,6,9.289,29.79,1000,ADM3,Flood
CAN,Annapolis County,7,44.695,-65.281,1000,ADM2,Wildfire
COD,Luofu,1,-0.614,29.109,1000,ADM3,
IDN,Intan Jaya,2,-3.406,136.66,1000,ADM3,
FRA,Ille-et-Vilaine,6,48.173,-1.65,1000,ADM2,Storm
USA,San Juan,7,37.748,-109.745,1000,ADM2,Wildfire
SSD,Morobo,1,3.685,30.775,1000,ADM2,
REU,Réunion,6,-21.131,55.536,1000,AM0,Typhoon/Hurricane/Cyclone
COD,Sange,2,-3.06,29.173,1000,?,
BGD,Sylhet Division,6,24.493,91.709,1000,ADM1,Flood
CHN,Dehong Dai and Jingpo Autonomous Prefecture,6,24.591,98.019,1000,ADM3,Earthquake
NGA,Mussa,1,10.737,13.092,999,ADM3,
NGA,Barkami / Bulturi,1,12.193,12.095,995,ADM3,
PER,Margos,6,-10.005,-76.523,993,ADM3,Flood
BRA,Santa Maria da Vitória,6,-13.261,-44.378,990,ADM2,Storm
CAF,N'Délé,1,8.411,20.648,990,ADM2,
PER,Yanas,6,-9.714,-76.75,989,ADM3,Flood
USA,Kipnuk,6,59.939,-164.041,989,ADM3,Flood
SOM,Qoryooley,6,1.788,44.53,988,ADM2,Drought
USA,Calaveras,7,38.171,-120.657,984,ADM2,Wildfire
SSD,Pakang,1,9.384,31.482,984,ADM3,
USA,Alamo,6,26.184,-98.123,983,ADM3,Flood
NGA,Sabuwa,2,11.35,7.058,981,ADM3,
CAN,Peachland,7,49.773,-119.749,980,ADM3,Wildfire
SOM,Belet Weyne,6,4.724,45.38,979,ADM2,Drought
PER,Vista Alegre,6,-14.846,-74.944,976,ADM3,Flood
MLI,Ansongo Cercle,1,15.896,0.886,970,ADM2,
SDN,Tokar,6,18.852,37.899,970,ADM3,Flood
NER,Tamou,1,12.757,2.178,968,ADM3,
SSD,Payai,1,7.971,31.969,966,ADM3,
NGA,Katsina,2,13.013,7.62,966,ADM3,
USA,Frankfort,6,38.201,-84.873,965,ADM3,Storm
NER,Gabou,1,14.604,1.025,964,ADM3,
AGO,Luanda,6,-8.827,13.244,964,ADM3,Flood
AGO,Moxico,6,-11.848,20.042,964,ADM3,Flood
PER,Chacabamba,6,-9.9,-76.611,959,ADM3,Flood
COL,Santa Marta,6,11.243,-74.208,957,ADM2,Flood
MYS,Sepang,6,2.692,101.75,954,ADM3,Flood
USA,Vallecito,6,38.07,-120.446,954,ADM2,Flood
IRQ,Baghdad,1,33.32,44.413,954,ADM3,
MYS,Pekan,6,3.49,103.394,953,ADM3,Flood
URY,Montevideo,6,-34.82,-56.235,950,ADM1,Cold wave
IDN,Sukabumi,6,-6.92,106.927,949,ADM2,Flood
CAN,Vancouver Island,7,49.593,-125.703,948,?,Wildfire
USA,Hazard,6,37.25,-83.193,947,ADM3,Storm
CAN,Musgrave Harbour,7,49.456,-53.958,946,ADM3,Wildfire
SOM,Qansax Dheere,0,2.815,42.84,946,ADM2,
LBN,Chouf District,1,33.638,35.544,945,ADM2,
CAF,Alindao,6,5.042,21.211,945,ADM2,Storm
SSD,Wunlit,1,6.913,31.307,945,ADM3,
BRA,Quatipuru,6,-0.826,-47.01,945,ADM2,Erosion
MYS,Batu Pahat,6,1.847,102.935,945,ADM3,Flood
SSD,Yirol East County,2,6.693,30.831,943,ADM2,
PER,Panao,6,-9.897,-75.994,943,ADM3,Flood
UGA,Sironko,6,1.188,34.298,941,ADM1,Storm
USA,Hidalgo,6,26.1,-98.263,941,ADM3,Flood
BRA,Canoas,6,-29.921,-51.177,940,ADM2,Storm
CAF,Birao,1,10.296,22.781,940,ADM3,
PER,Catache,6,-6.674,-79.033,938,ADM3,Flood
USA,West Allis,6,43.017,-88.007,935,ADM3,Flood
USA,San Juan,6,26.189,-98.155,931,ADM3,Flood
BRA,São Jerônimo,6,-30.315,-51.925,930,ADM2,Storm
GTM,Barberena,6,14.302,-90.394,928,ADM2,Flood
IDN,City of Padang Sidempuan,6,1.387,99.274,926,ADM2,Flood
SOM,Saakow,6,1.629,42.063,925,ADM2,Drought
PER,Julcamarca,6,-13.014,-74.445,925,ADM3,Flood
NGA,Maibakko,6,11.251,7.128,921,ADM3,Mixed disasters
ARG,Brandsen,6,-35.162,-58.236,920,?,Storm
NGA,Gamji,2,11.364,7.123,920,ADM3,
USA,Sun Valley,7,34.223,-118.388,920,ADM3,Wildfire
GRC,Chalkida,7,38.462,23.594,918,ADM3,Wildfire
COL,San Andres de Tumaco,6,1.783,-78.786,918,ADM2,Flood
USA,Tujunga,7,34.252,-118.288,917,ADM3,Wildfire
VNM,Thai Nguyen,6,21.655,105.836,912,ADM1,Flood
SLE,Bo,6,7.962,-11.737,911,ADM3,Flood
PER,Santiago de Quirahuara,6,-14.056,-74.977,910,ADM3,Flood
SDN,Umm Kadadah,6,13.6,26.689,910,ADM3,Flood
BFA,Toma,1,12.646,-2.847,909,ADM2,
USA,Fairmont,6,39.485,-80.143,908,ADM3,Flood
UGA,Usuku,6,1.988,33.972,907,ADM3,Flood
PER,Laramarca,6,-13.948,-75.035,906,ADM3,Flood
PHL,Cataingan,1,12.002,123.994,905,ADM3,
BRA,Wagner,6,-12.259,-41.221,904,ADM2,Storm
MYS,Sibu Division,6,2.291,111.826,903,ADM3,Flood
PER,Santiago de Chuco,6,-8.145,-78.173,902,ADM3,Flood
NGA,Danja B,6,11.38,7.578,902,ADM3,Mixed disasters
AGO,Huambo,6,-12.777,15.732,901,ADM3,Flood
PER,Amarilis,6,-9.955,-76.18,900,ADM3,Flood
FRA,Brittany,6,48.163,-2.684,900,ADM1,Storm
PHL,Kabankalan,1,9.891,122.855,900,ADM3,
SOM,Doolow,0,4.003,42.141,900,ADM2,
SDN,South Darfur State,6,11.408,24.705,900,ADM1,Flood
SDN,North Darfur State,6,15.849,25.504,900,ADM1,Flood
TCD,Ngara,1,13.229,14.81,900,ADM3,
CYP,Kivides,7,34.757,32.856,900,ADM3,Wildfire
GRC,Rizari,7,40.784,22.087,896,ADM3,Wildfire
MDG,Diana,6,-13.204,49.111,896,ADM1,Typhoon/Hurricane/Cyclone
USA,La Feria,6,26.159,-97.824,894,ADM3,Flood
BRA,Montenegro,6,-29.7,-51.48,893,ADM2,Storm
NGA,Adamawa,2,9.154,12.294,892,ADM1,
ROU,Neamț,6,46.991,26.485,890,ADM1,Flood
NER,Sanam,1,14.834,3.918,889,ADM3,
MYS,Kuching Division,6,1.573,110.126,888,ADM2,Flood
SOM,Bu'aale,6,1.198,42.741,887,ADM2,Drought
CAN,Deer Lake,7,46.209,-81.45,885,?,Wildfire
ECU,El Oro,6,-3.531,-79.833,885,ADM1,Flood
USA,Forrest City,6,35.009,-90.785,882,ADM3,Flood
YEM,Sana'a Governorate,7,15.139,44.108,882,ADM1,Wildfire
IRQ,Saladin,6,34.658,43.584,882,ADM1,Drought
USA,Agoura Hills,7,34.136,-118.775,881,ADM3,Wildfire
SOM,Bulo Burto,6,3.9,45.532,881,ADM2,Drought
BRA,Matinha,6,-3.096,-44.992,880,ADM2,Storm
NGA,Achida,2,13.166,5.394,879,ADM3,
SOM,Waajid,0,3.816,43.433,877,ADM2,
IDN,Batang,6,-6.932,109.757,876,ADM2,Flood
USA,London,6,37.129,-84.083,876,ADM3,Storm
TWN,Xiulin,6,24.095,121.466,873,ADM3,Landslide/Wet mass movement
MYS,Bintulu Division,6,3.18,113.5,873,ADM3,Flood
PER,Arancay,6,-9.172,-76.751,872,ADM3,Flood
SLV,ahuachapan,6,13.626,-87.891,872,ADM2,Earthquake
COD,Katale,1,-1.642,29.069,870,ADM3,
CAF,Bossemptele,6,5.681,16.635,870,ADM2,Storm
USA,West Memphis,6,35.147,-90.185,870,ADM3,Flood
USA,Alanreed,7,35.213,-100.733,868,ADM3,Wildfire
MYS,Dungun,6,4.77,103.417,868,ADM3,Flood
VEN,Amazonas State,6,3.424,-65.787,866,ADM1,Flood
USA,Oilton,7,36.085,-96.584,865,ADM3,Wildfire
PER,Otoca,6,-14.49,-74.686,865,ADM3,Flood
USA,Osage,7,36.581,-96.446,865,ADM2,Wildfire
MYS,Asajaya,6,1.544,110.614,861,ADM3,Flood
PER,Llata,6,-9.55,-76.816,861,ADM3,Flood
USA,Sherman Oaks,7,34.151,-118.449,859,ADM3,Wildfire
CAF,Boali,6,4.809,18.114,858,ADM2,Flood
IDN,Purwakarta,6,-6.552,107.446,858,ADM2,Flood
PER,Cosme,6,-12.581,-74.648,858,ADM3,Flood
IDN,Musi River,6,-2.911,103.917,857,ADM2,Flood
GTM,Santa María Cahabón,6,15.598,-89.733,857,ADM2,Landslide/Wet mass movement
NGA,Shimankar,6,8.608,9.523,856,ADM3,Mixed disasters
SLV,Yamabal,6,13.664,-88.173,852,ADM2,Dry mass movement
SSD,Rejaf,1,4.749,31.591,852,ADM3,
SSD,Ri-Rangu,2,4.729,28.361,851,ADM3,
TCD,Kirnakoya,1,13.809,13.858,850,ADM3,
CAN,Pinehouse,7,55.518,-106.574,850,ADM3,Wildfire
SOM,Belet Xaawo,6,3.436,41.734,849,ADM2,Drought
GRC,Kambi,7,39.218,20.9,849,ADM3,Wildfire
IDN,City of Medan,6,3.643,98.676,845,ADM3,Flood
ZAF,North West,6,-26.371,25.237,840,ADM1,Flood
SDN,Korma,6,13.853,24.752,840,ADM3,Flood
USA,Greene,6,36.116,-90.528,839,ADM2,Storm
CHL,Litueche,7,-34.105,-71.699,838,ADM3,Wildfire
SOM,Jariiban,6,7.162,49.001,837,ADM2,Drought
NGA,Bama,1,11.513,14.024,836,ADM3,
BRA,Passo de Camaragibe,6,-9.299,-35.428,834,ADM2,Storm
IDN,Jayawijaya,6,-4.115,138.965,832,ADM2,Flood
BHS,Inagua,6,21.232,-73.31,831,ADM1,Typhoon/Hurricane/Cyclone
TCD,Litri,1,13.402,13.866,831,ADM3,
TCD,Bolorom,1,13.5,15.23,830,ADM3,
BRA,Ourém,6,-1.542,-47.166,828,ADM2,Storm
MDG,Sava,6,-14.294,49.773,828,ADM1,Typhoon/Hurricane/Cyclone
TCD,ماني Mani,1,12.734,14.68,827,ADM3,
NGA,Merkyen,1,7.606,8.386,826,ADM3,
MYS,Paitan,6,6.409,117.398,824,ADM3,Flood
UGA,Ntoroko,6,1.052,30.537,823,ADM3,Flood
NGA,Ruwan Godiya,2,11.763,7.211,822,ADM3,
COL,Momil,6,9.235,-75.636,822,ADM2,Flood
CAF,Paoua,1,7.241,16.433,821,ADM2,
GTM,Municipio de Morales,6,15.445,-88.766,820,ADM2,Flood
BRA,Placas,6,-3.977,-54.524,820,ADM2,Storm
PER,Sillapata,6,-9.757,-76.775,820,ADM3,Dry mass movement
ETH,Guji,0,9.067,35.5,819,ADM2,
CAF,Satema,1,4.31,21.685,818,ADM2,
IDN,Tasikmalaya,6,-7.326,108.22,817,ADM2,Landslide/Wet mass movement
NGA,Gbemacha,2,7.633,8.682,816,ADM3,
BRA,Santa Bárbara d'Oeste,6,-22.754,-47.414,815,ADM2,Flood
MDG,Ihorombe,6,-22.633,46.1,813,ADM1,Typhoon/Hurricane/Cyclone
MYS,Hulu Terennganu,6,5.001,102.804,812,ADM2,Flood
SYR,Ar-Raqqah,1,36.011,38.861,806,ADM1,
ESP,Almanza,7,42.674,-5.014,805,ADM3,Wildfire
LKA,Eravur,6,7.786,81.605,803,?,Flood
BRA,Cícero Dantas,6,-10.539,-38.421,803,ADM2,Storm
BRA,Itapebi,6,-15.888,-39.688,800,ADM2,Storm
CMR,Karéna,1,12.731,14.343,800,ADM3,
MEX,Bosque La Primavera,7,20.581,-103.385,800,?,Wildfire
BEN,Zogbodomey,6,7.017,2.203,800,ADM3,Storm
CAN,Wabaseemoong,7,50.129,-94.938,800,?,Wildfire
PER,Yarumayo,6,-10.004,-76.468,800,ADM3,Flood
BRA,Paranatinga,6,-13.343,-54.016,800,ADM2,Flood
TZA,Musoma,6,-1.704,33.92,800,ADM2,Storm
CHN,Junlian County,6,28.04,104.546,800,ADM2,Landslide/Wet mass movement
IRQ,Al-Qadisiyah,6,31.858,45.13,798,ADM1,Drought
USA,Ocracoke Island,6,35.128,-75.922,797,?,Typhoon/Hurricane/Cyclone
USA,Louisville,6,38.254,-85.759,797,ADM3,Storm
RUS,Kursk Oblast,1,51.673,36.164,797,ADM1,
BRA,Monte Alegre,6,-0.845,-54.453,794,ADM2,Storm
USA,Mission,6,26.216,-98.325,794,ADM3,Flood
AUS,Queensland,6,-19.435,142.771,792,ADM1,Flood
PER,San Pedro de Chaulán,6,-10.09,-76.405,792,ADM3,Flood
KEN,Dukana,2,3.998,37.271,791,ADM3,
SOM,Caynabo,6,9.282,46.49,789,ADM2,Drought
BFA,Foutouri,1,12.723,1.05,785,ADM3,
PHL,San Dionisio,6,11.316,123.093,783,ADM3,Storm
KGZ,Ysyk-Ata District,7,42.71,74.957,782,ADM2,Dam release flood
PER,Huancabamba,6,-5.24,-79.449,781,ADM3,Flood
COD,Nyiragongo,1,-1.55,29.246,776,ADM2,
NER,Amsamiri,1,13.231,12.371,776,ADM3,
BFA,Tibga,1,12.169,0.062,776,ADM3,
ESP,Villar del Pedroso,7,39.639,-5.294,776,ADM3,Wildfire
USA,North Little Rock,6,34.756,-92.268,774,ADM3,Flood
IDN,Tangerang,6,-6.176,106.633,772,ADM2,Flood
COL,Cacahual,6,3.325,-67.624,770,ADM2,Flood
PER,Nazca,6,-14.831,-74.939,768,ADM3,Flood
USA,Muskego,6,42.902,-88.149,765,ADM3,Flood
CAN,Salmon Cove,7,47.78,-53.174,764,ADM3,Wildfire
NGA,Fandum,2,12.467,10.184,763,ADM3,
MYS,Telupid,6,5.621,117.135,763,ADM3,Flood
PER,Salcabamba,6,-12.202,-74.781,762,ADM3,Flood
BRA,Palmeirândia,6,-2.659,-45.067,760,ADM2,Storm
MYS,Machang,6,5.771,102.232,759,ADM2,Flood
BRA,Triunfo,6,-29.937,-51.719,758,ADM2,Storm
USA,Williamson,6,37.674,-82.277,757,ADM3,Storm
CAF,Babua,1,5.807,14.833,756,ADM2,
USA,Rio Grande City,6,26.383,-98.821,755,ADM3,Flood
BRA,Abelardo Luz,6,-26.598,-52.223,755,ADM2,Storm
SOM,Cabudwaaq,6,5.826,46.125,755,ADM2,Drought
PER,Chinchihuasi,6,-12.519,-74.548,753,ADM3,Flood
HND,Yoro,6,15.299,-87.292,751,ADM1,Flood
BRA,Uruguaiana,6,-29.828,-56.632,750,ADM2,Flood
PER,Santa María del Valle,6,-9.863,-76.17,750,ADM3,Flood
NGA,Ta-Hoss,2,9.586,8.699,750,ADM3,
MEX,Badiraguato,2,25.605,-107.3,750,ADM3,
BRA,Itapema,6,-27.108,-48.634,750,ADM2,Storm
MEX,Concordia,2,23.421,-105.956,750,ADM3,
USA,Borger,7,35.663,-101.392,750,ADM3,Wildfire
BFA,Yalgo,1,13.588,-0.265,749,ADM3,
BRA,Capitão Poço,6,-1.98,-47.203,749,ADM2,Storm
BFA,Bouroum,1,13.61,-0.649,747,ADM3,
USA,Clackamas,6,45.174,-122.244,747,ADM2,Flood
BRA,Japurá,6,-1.553,-68.245,745,ADM2,Flood
NGA,Kandawa,6,12.932,7.311,743,ADM3,Mixed disasters
USA,Greenwood,6,33.516,-90.18,743,ADM3,Storm
BDI,Bubanza,6,-3.082,29.398,741,ADM3,Flood
NER,Baléyara,1,13.784,2.952,741,ADM3,
PER,Pachamarca,6,-12.515,-74.526,741,ADM3,Flood
IDN,Mataram,6,-8.584,116.107,740,ADM2,Flood
BRA,Capanema,6,-1.1,-47.082,740,ADM2,Storm
ALB,Albania,6,41.153,19.945,740,AM0,Flood
MYS,Tanjung Malim,6,3.696,101.52,739,ADM3,Flood
BRA,Mocajuba,6,-2.562,-49.436,739,ADM2,Storm
PER,Vizcatán del Ene,6,-12.198,-74.177,738,ADM3,Flood
CAF,Kaga-Bandoro,1,6.999,19.182,737,ADM2,
BRA,Altamira,6,-5.879,-53.658,735,ADM2,Storm
BRA,Itambé,6,-15.225,-40.495,735,ADM2,Storm
SOM,Buur Hakaba,0,2.485,44.007,734,ADM2,
BRA,Balneário Camboriú,6,-27.005,-48.62,734,ADM2,Storm
USA,Denali,7,63.518,-149.92,733,ADM2,Wildfire
ESP,Oencia,7,42.542,-6.99,733,ADM3,Wildfire
NGA,Musawa,6,12.105,7.656,733,ADM3,Mixed disasters
BRA,Manacapuru,6,-3.247,-61.008,732,ADM2,Flood
BFA,Fada N'Gourma,1,12.057,0.359,731,ADM3,
BRA,Mãe do Rio,6,-1.991,-47.513,730,ADM2,Storm
PER,Tantamayo,6,-9.392,-76.72,729,ADM3,Flood
COL,Medellín,6,6.25,-75.583,727,ADM2,Flood
USA,Texarkana,6,33.43,-94.036,726,ADM3,Flood
BRA,Pantano Grande,6,-30.258,-52.342,725,ADM2,Storm
MEX,Parácuaro,2,19.07,-102.22,725,ADM3,
USA,Sisseton,6,45.665,-97.05,725,ADM3,Flood
CAF,Rafaï,1,4.971,23.932,723,ADM2,
NGA,Kurya,2,12.485,6.546,722,ADM3,
USA,Inglewood,7,33.956,-118.353,721,ADM3,Wildfire
MYS,Klang,6,3.043,101.45,721,?,Flood
BRA,Santo Amaro,6,-12.614,-38.774,721,ADM2,Storm
GTM,Nueva Concepción,6,14.185,-91.299,720,ADM2,Flood
IRQ,Dhi Qar,6,31.267,46.254,720,ADM1,Drought
USA,Archuleta,7,37.206,-107.051,717,ADM2,Wildfire
MYS,Raub,6,3.791,101.853,716,ADM3,Flood
USA,South Pasadena,7,34.116,-118.15,715,ADM3,Wildfire
NGA,Mbuliya / Goniri / Siraja,1,11.5,13.567,714,ADM3,
BRA,Ribeira do Amparo,6,-11.006,-38.387,713,ADM2,Storm
IDN,Karawang,6,-6.304,107.308,712,ADM2,Flood
JPN,Hachijojima,6,33.102,139.808,711,?,Typhoon/Hurricane/Cyclone
CMR,Owe,1,4.298,9.377,710,ADM3,
UGA,Agago,6,2.948,33.386,708,ADM2,Flood
MYS,Jalan Penampang,6,5.936,116.085,706,?,Flood
GTM,San Sebastián,6,14.558,-91.652,706,ADM2,Flood
BRA,Rurópolis,6,-4.188,-55.184,704,ADM2,Storm
UGA,Bundibugyo,6,0.649,30.042,701,ADM1,Flood
MEX,Apatzingán,2,18.968,-102.469,701,ADM3,
CAF,N'Délé,6,8.411,20.648,700,ADM2,Storm
CAN,Patuanak,7,55.917,-107.721,700,ADM3,Wildfire
CAN,Beauval,7,55.146,-107.611,700,ADM3,Wildfire
TCD,Bikérom,1,14.181,13.969,700,ADM3,
ESP,Molezuelas de la Carballeda,7,42.076,-6.197,700,ADM3,Wildfire
NGA,Mafa,1,12.321,12.108,699,ADM3,
USA,McAllen,6,26.204,-98.23,698,ADM3,Flood
PER,San Francisco de Sangayaico,6,-13.795,-75.249,698,ADM3,Flood
SOM,Luuq,6,3.803,42.544,697,ADM2,Drought
MYS,Rompin,6,2.805,103.439,696,ADM3,Flood
CHN,Ningde City,6,26.988,119.548,696,ADM3,Flood
SSD,Kongor,2,7.141,31.352,696,ADM3,
GRC,Romanos,7,36.992,21.663,695,ADM3,Wildfire
PER,Sícchez,6,-4.569,-79.778,695,ADM3,Flood
ETH,Western Tigray,0,14.12,37.5,695,ADM2,
CAN,Canoe Lake,7,55.098,-108.323,694,ADM3,Wildfire
PER,Sitabamba,6,-8.022,-77.73,693,ADM3,Flood
NGA,Gujba,1,11.5,11.934,693,ADM3,
IDN,Pringsewu,6,-5.355,104.977,692,ADM2,Flood
NGA,Bultuwa,1,12.965,12.059,692,ADM3,
SSD,Nagero,2,6.438,27.737,690,ADM3,
MYS,Kampung Triso,6,1.527,111.003,689,ADM3,Flood
JPN,Aichi Prefecture,6,34.851,137.133,689,ADM1,Tsunami
NGA,Isambe/Mbasev,2,7.512,8.243,687,ADM3,
ESP,Páramo del Sil,7,42.841,-6.557,685,ADM3,Wildfire
PER,Querocoto,6,-6.359,-79.035,684,ADM3,Flood
UGA,Kilak,6,2.841,32.176,683,ADM3,Flood
DZA,Djelfa,6,34.343,3.217,683,ADM1,Flood
CAN,Badger,7,48.979,-56.042,682,ADM3,Wildfire
PER,Bolívar,6,-7.154,-77.703,681,ADM3,Flood
SOM,Badhan,6,10.714,48.336,681,ADM2,Drought
IDN,Jakarta Timur,6,-6.263,106.882,680,ADM2,Flood
ESP,Puente de Domingo Flórez,7,42.42,-6.772,680,ADM3,Wildfire
CMR,Darak,1,12.771,14.43,678,ADM3,
GTM,Municipio de La Libertad,6,17.004,-90.582,677,ADM2,Flood
BHS,Acklins,6,22.414,-74.061,676,ADM1,Typhoon/Hurricane/Cyclone
PER,Chavín de Pariarca,6,-9.426,-76.757,675,ADM3,Flood
CAF,Kouango,1,4.994,19.977,674,ADM2,
CAN,Municipality of the County of Kings,7,45.005,-64.629,674,ADM2,Wildfire
MEX,Uruapan,7,31.622,-116.441,673,ADM3,Wildfire
ETH,Kaffa,6,7.167,36.216,671,ADM2,Landslide/Wet mass movement
PER,Pampa Hermosa,6,-7.197,-75.294,671,ADM3,Flood
IDN,Yahukimo,1,-4.386,139.408,671,ADM3,
PER,Puinahua,6,-5.602,-74.931,671,ADM3,Flood
COL,Villavicencio,6,4.074,-73.492,671,ADM2,Flood
PHL,Lugait,6,8.343,124.262,670,ADM3,Flood
ECU,Manabí,6,-0.788,-80.06,669,ADM1,Flood
VNM,Thai Nguyen province,6,21.687,105.856,667,ADM1,Flood
PER,Layo,6,-14.494,-71.155,667,ADM3,Flood
NGA,Katsina,6,12.996,7.598,666,ADM3,Mixed disasters
USA,Commerce,7,34.003,-118.154,666,ADM3,Wildfire
BRA,Palestina do Pará,6,-5.975,-48.385,665,ADM2,Storm
ZAF,Cape Town,7,-33.929,18.417,665,ADM3,Wildfire
NGA,Yabiri Kura/Yabiri Gana/Chongolo,1,11.387,14.077,665,ADM3,
COL,San Felipe,6,2.143,-67.341,664,ADM2,Flood
USA,Mount Olive,6,31.761,-89.655,663,ADM3,Storm
USA,Town of Germantown,6,43.272,-88.159,662,ADM3,Flood
BRA,Tarauacá,6,-8.239,-71.445,661,ADM2,Flood
NGA,Nasarawa,1,8.547,8.184,661,ADM1,
PER,Jivia,6,-10.024,-76.681,661,ADM3,Flood
SDN,River Nile State,1,19.011,33.018,660,ADM1,
SSD,Ifwotu,1,4.238,32.541,660,ADM3,
SSD,Ogot,1,9.646,31.742,658,ADM3,
NGA,Lamurde,2,9.607,11.793,658,ADM3,
NGA,Kwarhi,1,10.316,13.116,656,ADM3,
PER,Roble,6,-12.236,-74.449,654,ADM3,Flood
TCD,Magui,1,14.177,13.976,650,ADM3,
ZMB,Lusaka,6,-15.416,28.282,650,ADM3,Flood
BRA,Cachoeira do Sul,6,-30.208,-52.971,649,ADM2,Storm
USA,Bland,6,37.127,-81.078,648,ADM2,Flood
PER,Chuquis,6,-9.677,-76.705,647,ADM3,Flood
IDN,Indragiri Hilir Regency,6,-0.271,103.328,647,ADM2,Flood
CAF,Obo,1,5.394,26.493,647,ADM3,
SLE,Kpetema,7,7.854,-11.755,645,ADM3,Wildfire
PER,San Miguel de El Faique,6,-5.402,-79.606,643,ADM3,Flood
BFA,Koba,1,12.517,-3.917,640,ADM3,
GIN,Coyah,6,9.7,-13.371,640,ADM2,Flood
COL,San Vicente del Caguán,6,1.578,-74.518,639,ADM2,Flood
KAZ,Kazakhstan,6,48.007,66.307,638,AM0,Flood
MYS,Kuala Lipis,6,4.187,102.054,637,ADM3,Flood
YEM,Abyan Governorate,6,13.569,46.133,637,ADM1,Flood
USA,Sunland,7,34.26,-118.311,637,ADM3,Wildfire
PER,Marcapata,6,-13.591,-70.977,637,ADM3,Flood
YEM,Abyan Governorate,1,13.579,46.214,637,ADM1,
BRA,Porto Belo,6,-27.156,-48.595,636,ADM2,Storm
USA,Rio Hondo,6,26.235,-97.582,636,ADM3,Flood
BOL,Municipio Santa Ana del Yacuma,6,-14.44,-66.015,634,ADM3,Flood
GTM,Guatemala City,2,14.622,-90.519,634,ADM3,
NER,Oudi Kanori,1,14.107,12.997,633,ADM3,
PER,Cahuac,6,-9.853,-76.631,633,ADM3,Flood
USA,Welch,6,37.433,-81.584,631,ADM3,Storm
USA,Lancaster,7,34.698,-118.137,629,ADM3,Wildfire
USA,McComb,6,31.244,-90.453,629,ADM3,Storm
MYS,Siburan,6,1.362,110.404,629,ADM3,Flood
BOL,Municipio Ixiamas,6,-13.033,-67.982,628,ADM3,Flood
HTI,Département de l'Ouest,6,18.618,-72.18,627,ADM1,Mixed disasters
GTM,Pueblo Nuevo Viñas,6,14.236,-90.516,626,ADM2,Flood
NGA,Sakajiki,2,12.521,6.476,626,ADM3,
GRC,Gardiki,7,39.359,20.564,624,ADM3,Wildfire
BOL,Municipio Guanay,6,-15.63,-67.89,624,ADM3,Flood
IDN,Gunung Tanggamus,6,-5.417,104.7,623,ADM2,Flood
PER,Huachos,6,-13.22,-75.534,623,ADM3,Flood
KOR,Onyang-eup,7,35.424,129.266,622,ADM3,Wildfire
ZAF,Nomzamo,7,-34.115,18.861,622,ADM3,Wildfire
CRI,Cantón Puntarenas,6,9.788,-85.059,621,ADM2,Flood
MWI,Nsanje,6,-16.72,35.101,621,ADM1,Flood
USA,Hopkinsville,6,36.866,-87.491,621,ADM3,Storm
USA,Rio Blanco,7,39.938,-108.184,621,ADM2,Wildfire
ETH,Negele,0,5.333,39.581,620,ADM3,
CAN,La Loche,7,56.484,-109.433,620,ADM3,Wildfire
CAN,Fort Providence,7,61.354,-117.654,618,ADM3,Wildfire
ESP,A Mezquita,7,42.013,-7.025,617,ADM3,Wildfire
NGA,Ngurbuwa,1,11.518,12.091,616,ADM3,
THA,Ubon Ratchathani,6,15.226,104.858,615,ADM3,Flood
KOR,Buk-gu,7,35.931,128.581,614,ADM2,Wildfire
USA,Northridge,7,34.235,-118.536,613,ADM3,Wildfire
SSD,Nyinthok,1,9.313,31.602,613,ADM3,
PHL,San Ricardo,6,9.912,125.277,612,ADM3,Landslide/Wet mass movement
BRA,Afonso Bezerra,6,-5.432,-36.656,612,ADM2,Storm
NGA,Majen Wayya,6,12.488,7.713,610,ADM3,Mixed disasters
PER,El Carmen,6,-12.701,-74.495,609,ADM3,Flood
PER,Bagua Grande,6,-5.754,-78.442,609,ADM3,Flood
USA,Palmdale,7,34.579,-118.117,607,ADM3,Wildfire
NGA,Kuki A,2,12.4,7.615,604,ADM3,
BRA,Santa Cruz Cabrália,6,-16.278,-39.173,604,ADM2,Flood
MMR,Tatkon Township,6,20.172,96.142,604,ADM3,Flood
AGO,Cunda diá Base,6,-8.255,16.243,603,?,Flood
NGA,Taraba,2,8.059,10.386,603,ADM1,
GTM,Fray Bartolomé de las Casas,6,15.881,-89.728,602,ADM2,Flood
BRA,Taboão da Serra,6,-23.612,-46.783,600,ADM2,Storm
USA,Douglas,7,38.826,-119.585,600,ADM2,Wildfire
BRA,Santa Rosa do Purus,6,-9.41,-70.396,600,ADM2,Flood
UKR,Odesa,1,46.486,30.684,600,ADM3,
SSD,Pochalla,6,7.187,34.098,600,ADM3,Flood
BRA,Santa Luz,6,-8.949,-44.13,600,ADM2,Drought
UGA,Bulambuli,6,1.358,34.28,600,ADM1,Flood
CMR,Diche II,1,5.829,9.777,600,ADM3,
ESP,El Herradón,7,40.585,-4.54,600,ADM3,Wildfire
ZAF,Belgravia,6,-33.972,18.518,600,ADM3,Flood
UKR,Kostiantynivka,1,48.532,37.716,597,ADM3,
NGA,Sengev,1,7.815,8.156,596,ADM3,
SOM,Baidoa,0,3.114,43.65,595,ADM2,
USA,Pacoima,7,34.262,-118.427,594,ADM3,Wildfire
SSD,Himodonge,1,4.159,32.672,594,ADM3,
GTM,Departamento de Guatemala,6,14.667,-90.5,592,ADM2,Flood
NGA,Sengev,2,7.815,8.156,592,ADM3,
BRA,Camacan,6,-15.428,-39.508,592,ADM2,Storm
USA,Brown Deer,6,43.174,-87.973,592,ADM3,Flood
PER,San Miguel de Cauri,6,-10.291,-76.63,591,ADM3,Flood
BRA,Cristal,6,-31.025,-52.029,588,ADM2,Storm
BDI,Bubanza,0,-3.115,29.401,588,ADM1,
IRQ,Karbala,6,32.44,43.806,588,ADM1,Drought
USA,Grenada,6,33.785,-89.803,587,ADM3,Storm
BRA,São Sebastião do Caí,6,-29.588,-51.348,583,ADM2,Storm
SSD,Lith,2,7.337,31.413,582,ADM3,
SOM,Gaalkacyo,6,6.77,47.431,581,ADM2,Drought
IDN,Nduga,2,-4.436,138.134,580,ADM3,
BRA,Goiana,6,-7.569,-35.002,580,ADM2,Flood
COL,Chigorodó,6,7.634,-76.632,579,ADM2,Flood
GRC,Ρομίρι,7,37.749,20.819,579,ADM3,Wildfire
GRC,Koutsounari,7,35.018,25.831,579,ADM3,Wildfire
CAF,Baoro,1,5.695,15.953,578,ADM2,
MYS,Pendang,6,5.98,100.548,577,ADM2,Flood
USA,Compton,7,33.895,-118.227,577,ADM3,Wildfire
USA,Hatteras Island,6,35.729,-75.506,577,?,Typhoon/Hurricane/Cyclone
NGA,Mbabai,2,7.934,8.682,577,ADM3,
SSD,Dari,1,5.82,30.357,576,ADM3,
GTM,Las Cruces,6,16.86,-90.853,573,ADM2,Flood
CHN,Yangjiang City,6,22.049,111.751,573,ADM3,Typhoon/Hurricane/Cyclone
GRC,Karyes,7,38.391,26.097,572,ADM3,Wildfire
USA,Fairbanks North Star,7,64.856,-146.364,572,ADM2,Wildfire
USA,Greenfield,6,42.96,-87.981,570,ADM3,Flood
CAN,Anahim Lake,7,52.496,-125.341,570,?,Wildfire
IDN,Bengkayang,6,0.819,109.483,569,ADM2,Flood
BRA,Barra do Ribeiro,6,-30.344,-51.361,569,ADM2,Storm
SOM,Bardera,6,2.337,42.285,569,ADM2,Drought
COL,Córdoba,6,8.334,-75.667,568,ADM2,Flood
NGA,Hong,6,10.23,12.926,567,ADM3,Flood
IDN,Bogor,6,-6.596,106.797,567,ADM2,Tornado
USA,Foxworth,6,31.238,-89.869,566,ADM3,Storm
SSD,Gel Achiel,1,9.104,32.372,566,ADM3,
USA,Santa Rosa,6,26.257,-97.825,565,ADM3,Flood
ESP,Villalba de Guardo,7,42.72,-4.839,564,ADM3,Wildfire
CAF,Gambo,6,4.652,22.26,564,ADM2,Storm
USA,Selmer,6,35.17,-88.592,563,ADM3,Storm
MYS,Putatan,6,5.883,116.05,563,ADM3,Flood
IDN,Bali,6,-8.236,115.122,562,ADM1,Flood
BOL,Municipio El Torno,6,-18.034,-63.45,560,ADM3,Flood
NGA,Goniri,1,11.487,12.312,559,ADM3,
MLI,Bamako,6,12.605,-7.987,556,ADM1,Flood
USA,Belfry,6,37.62,-82.269,556,ADM3,Storm
LBN,Aley District,1,33.773,35.634,556,ADM2,
PER,Sondor,6,-5.394,-79.359,554,ADM3,Flood
SOM,Rab Dhuure,6,4.243,43.212,554,ADM2,Drought
USA,Elkhorn City,6,37.304,-82.351,553,ADM3,Storm
SDN,North Kordofan State,6,14.417,29.468,550,ADM1,Flood
NGA,Bugaje,6,12.971,7.463,550,ADM3,Mixed disasters
SOM,Laasqoray,0,10.537,48.696,549,ADM2,
SOM,Jalalaqsi,6,3.403,45.613,548,ADM2,Drought
USA,Triadelphia,6,40.053,-80.628,548,ADM3,Flood
MYS,Besut,6,5.61,102.506,548,ADM2,Flood
BRA,São Lourenço do Sul,6,-31.21,-52.092,548,ADM2,Flood
IDN,Pekanbaru,6,0.526,101.452,546,ADM2,Flood
BRA,Caapiranga,6,-3.13,-61.744,544,ADM2,Flood
ARG,San Luis del Palmar,6,-27.67,-58.18,544,ADM3,Flood
GRC,Lasithi Regional Unit,7,35.122,25.92,544,ADM2,Wildfire
BRA,Paraíso do Sul,6,-29.724,-53.112,544,ADM2,Storm
USA,Ruidoso,6,33.332,-105.673,543,ADM3,Flood
BRA,Grajaú,6,-5.81,-45.984,542,ADM2,Drought
USA,North Hills,7,34.236,-118.476,541,ADM3,Wildfire
USA,Virgie,6,37.335,-82.58,540,ADM3,Storm
BRA,Quinta do Sol,6,-23.798,-52.157,540,ADM2,Storm
SSD,Kudo,1,4.548,32.227,540,ADM3,
NGA,Tangaza,2,13.402,4.87,538,ADM3,
GTM,El Palmar,6,14.694,-91.602,536,ADM2,Flood
USA,Vado,6,32.112,-106.662,535,ADM3,Flood
GRC,Ammotopos,7,39.272,20.946,534,ADM3,Wildfire
MYS,Kanowit,6,2.1,112.157,534,ADM3,Flood
CAF,Bekondjo,1,7.176,17.524,534,ADM3,
NER,Gouroubi,1,12.937,2.256,534,?,
GRC,Ferma,7,35.021,25.863,533,ADM3,Wildfire
GTM,Santa Catarina Pinula,6,14.559,-90.472,533,ADM2,Flood
NGA,Kogi,2,7.636,6.849,531,ADM1,
BRA,Charqueadas,6,-30.006,-51.582,528,ADM2,Storm
GTM,Villa Canales,6,14.483,-90.533,528,ADM2,Flood
BRA,Baião,6,-3.253,-49.755,528,ADM2,Storm
IRQ,Dohuk,1,36.853,43.312,528,ADM1,
NGA,Yandoma,2,12.746,8.088,527,ADM3,
HND,Colón,6,15.715,-85.702,527,ADM1,Flood
COD,Kongolo,2,-5.385,27.01,527,ADM2,
COL,Bello,6,6.362,-75.587,526,ADM2,Landslide/Wet mass movement
GRC,Alissos,7,38.137,21.592,525,ADM3,Wildfire
IDN,Pekalongan,6,-6.894,109.673,524,ADM2,Flood
GRC,Άγιος Νικόλαος,7,38.097,21.606,521,ADM3,Wildfire
USA,Los Fresnos,6,26.072,-97.476,520,ADM3,Flood
MYS,Lahad Datu,6,5.022,118.328,520,ADM3,Flood
GRC,Agios Georgios,7,39.333,26.146,520,?,Wildfire
PER,Canchabamba,6,-8.885,-77.123,520,ADM3,Flood
NGA,Buruku,2,7.418,9.223,518,ADM3,
NGA,Sabuwar Kasa,6,11.537,7.66,518,ADM3,Mixed disasters
USA,Panorama City,7,34.222,-118.449,518,ADM3,Wildfire
PHL,Sominot,6,8.041,123.383,518,ADM3,Storm
COD,Central Kasai,2,-6.066,22.264,517,ADM1,
PER,Buenos Aires,6,-5.267,-79.968,517,ADM3,Flood
PER,Ucuncha,6,-7.165,-77.859,516,ADM3,Flood
BRA,Aurelino Leal,6,-14.363,-39.48,516,ADM2,Storm
GTM,San Miguel Petapa,6,14.507,-90.554,515,ADM2,Flood
GRC,Vaiochori,7,40.712,23.382,515,ADM3,Wildfire
JPN,Fukuoka Prefecture,6,33.789,130.585,510,ADM1,Flood
CAN,Burnt Point Road,7,47.539,-53.602,508,?,Wildfire
BRA,Cacequi,6,-29.908,-54.792,508,ADM2,Storm
USA,Canoga Park,7,34.201,-118.598,507,ADM3,Wildfire
GRC,Deilinata,7,38.225,20.516,507,ADM3,Wildfire
USA,Princeton,6,37.366,-81.103,507,ADM3,Storm
KOR,Hadong-gun,7,35.12,127.802,506,ADM2,Wildfire
PER,Ayaví,6,-13.703,-75.351,505,ADM3,Flood
MEX,Palestina,6,25.053,-105.173,505,ADM3,Flood
USA,Union City,6,36.424,-89.057,504,ADM3,Storm
ZAF,Bloemhof,6,-27.688,25.673,504,ADM3,Flood
BDI,Gatumba,6,-3.335,29.253,503,ADM3,Flood
GTM,Municipio de Jalpatagua,6,14.116,-90.018,500,ADM2,Earthquake
CHL,San Javier,7,-35.637,-71.952,500,ADM3,Wildfire
BRA,Porto Alegre do Norte,6,-10.851,-51.769,500,ADM2,Flood
PRY,Paraguay,6,-23.447,-58.449,500,AM0,Flood
ARG,Salta,6,-24.208,-63.258,500,ADM1,Flood
SDN,Jebel Aulia,6,15.244,32.509,500,ADM3,Flood
IND,Murshidabad,2,24.264,88.397,500,ADM2,
CAN,Whatì,7,63.153,-117.234,500,ADM3,Wildfire
IDN,Mempawah,6,0.364,108.961,500,ADM2,Flood
GHA,Tamale,6,9.404,-0.843,500,ADM3,Storm
BDI,Buganda,6,-2.962,29.196,500,ADM3,Flood
USA,Florissant,6,38.789,-90.323,499,ADM3,Storm
BRA,Igarassu,6,-7.793,-34.959,498,ADM2,Storm
MMR,Thaton,6,16.98,97.308,498,ADM3,Flood
SSD,Torit,1,4.41,32.574,498,ADM3,
ZAF,Ngqushwa Local Municipality,6,-33.193,27.182,497,ADM3,Storm
USA,View Park,7,34.0,-118.343,497,ADM3,Wildfire
USA,Prestonsburg,6,37.666,-82.772,496,ADM3,Storm
USA,Glendale,6,43.125,-87.929,495,ADM3,Flood
PER,Kimbiri,6,-12.62,-73.789,495,ADM3,Flood
PHL,Parañaque,6,14.484,121.017,491,ADM3,Flood
PER,Huacaybamba,6,-9.038,-76.953,490,ADM3,Flood
ETH,Gofa,6,6.617,37.15,490,ADM2,Landslide/Wet mass movement
BRA,Abel Figueiredo,6,-4.944,-48.423,488,ADM2,Drought
SLE,Port Loko District,6,8.766,-12.908,487,ADM2,Flood
BRA,Marabá,6,-5.621,-50.064,485,ADM2,Flood
NAM,Etunda,6,-17.418,14.532,484,ADM3,Flood
USA,Coos,6,43.136,-124.106,483,ADM2,Storm
AGO,Babaera,6,-12.111,15.173,482,ADM3,Flood
USA,San Gabriel,7,34.099,-118.109,481,ADM3,Wildfire
PER,Laria,6,-12.561,-75.037,481,ADM3,Flood
MYS,Pokok Sena,6,6.165,100.524,480,ADM2,Flood
NGA,Manya,2,7.307,10.142,480,ADM3,
USA,Duarte,7,34.139,-117.977,480,ADM3,Wildfire
GTM,Río Hondo,6,15.09,-89.603,480,ADM2,Flood
GRC,Λαγόποδο,7,37.754,20.812,478,ADM3,Wildfire
PER,Cachicadán,6,-8.095,-78.149,478,ADM3,Flood
USA,Santa Clarita,7,34.413,-118.554,478,ADM3,Wildfire
PER,Andabamba,6,-12.694,-74.624,477,ADM3,Flood
USA,Wauwatosa,6,43.049,-88.008,477,ADM3,Flood
GHA,Agavedzi,6,6.005,1.043,477,ADM3,Storm surge
BRA,Tartarugalzinho,6,1.263,-51.11,476,ADM2,Flood
CAF,Basse-Kotto,1,4.96,21.354,476,ADM1,
MYS,Nabawan,6,5.097,116.431,475,ADM3,Flood
IDN,Ngamprah,6,-6.838,107.517,475,ADM2,Landslide/Wet mass movement
BRA,Senador José Porfírio,6,-4.001,-51.784,475,ADM2,Storm
PER,Ccatca,6,-13.605,-71.564,474,ADM3,Dry mass movement
SOM,Galdogob,6,7.039,47.222,472,ADM2,Drought
BRA,Pitangueiras,6,-23.192,-51.568,472,ADM2,Storm
MEX,Guadalupe y Calvo,2,26.124,-106.909,470,ADM3,
NER,Akasou,1,14.616,4.419,469,ADM3,
BRA,Ibiam,6,-27.209,-51.222,469,ADM2,Flood
BGD,Godagari,6,24.458,88.329,469,ADM3,Erosion
USA,Kiowa,7,34.863,-98.965,468,ADM2,Wildfire
USA,Jackson,6,37.553,-83.382,468,ADM3,Storm
PER,Aguas Verdes,6,-3.482,-80.246,467,ADM3,Flood
COL,Santa Rosalía,6,5.022,-70.66,466,ADM2,Flood
PER,Santa Cruz,6,-5.513,-75.859,464,ADM3,Flood
IDN,Ciamis,6,-7.327,108.353,463,ADM2,Flood
SSD,Imurok,1,4.198,32.382,462,ADM3,
USA,Montrose,7,34.207,-118.225,461,ADM3,Wildfire
USA,Bassfield,6,31.497,-89.74,461,ADM3,Storm
NGA,Bakiyawa,6,12.897,7.446,460,ADM3,Mixed disasters
CMR,Ngouma,1,12.623,14.299,460,?,
BRA,Anapu,6,-3.886,-51.338,458,ADM2,Drought
USA,Jackson,7,42.5,-122.756,458,ADM2,Wildfire
USA,Edcouch,6,26.294,-97.961,457,ADM3,Flood
NGA,Bita Izge,1,11.162,13.367,457,ADM3,
GRC,Karavados,7,35.081,25.34,456,ADM3,Wildfire
NGA,Bangshika,1,10.199,12.991,456,ADM3,
PER,Jesús,6,-10.078,-76.632,456,ADM3,Flood
ETH,Wolayita,6,6.849,37.705,456,ADM2,Landslide/Wet mass movement
MDG,Vohibato,6,-21.057,47.437,455,ADM3,Flood
PER,Inahuaya,6,-7.117,-75.265,453,ADM3,Flood
COL,Supía,6,5.435,-75.673,452,ADM2,Flood
BOL,Viacha,6,-16.651,-68.298,452,ADM3,Flood
FRA,Marseille,7,43.294,5.449,450,ADM3,Wildfire
NER,Guidan Kadji,1,13.217,12.049,450,ADM3,
BRA,Porto Acre,6,-9.65,-67.777,450,ADM2,Flood
TCD,Fourkoulom,1,13.443,14.343,450,?,
CMR,Meme,1,4.662,9.394,450,ADM2,
USA,Hot Springs,7,43.77,-108.601,450,ADM2,Wildfire
GTM,Municipio de Atescatempa,6,14.171,-89.729,449,ADM2,Earthquake
MYS,Segamat District,6,2.5,102.816,448,ADM3,Flood
MYS,Temerloh,6,3.448,102.418,448,ADM3,Flood
BRA,Dom Feliciano,6,-30.614,-52.193,448,ADM2,Storm
LKA,Kalutara District,6,6.575,80.029,448,ADM2,Flood
IDN,Deli Serdang,6,3.695,98.831,448,ADM2,Tornado
PER,Angasmarca,6,-8.133,-78.056,447,ADM3,Flood
USA,Polk,7,35.291,-82.177,447,ADM2,Wildfire
VEN,Mérida,6,8.449,-71.315,446,ADM1,Flood
USA,Reseda,7,34.201,-118.536,446,ADM3,Wildfire
USA,Castaic,7,34.489,-118.623,445,ADM3,Wildfire
CHN,Xixia County,6,33.447,111.311,445,ADM2,Flood
BRA,Itajuípe,6,-14.692,-39.429,445,ADM2,Storm
NGA,Darini Magaji Abu,6,12.938,7.195,444,ADM3,Mixed disasters
ETH,West Harerghe,1,8.682,40.631,443,ADM2,
BRA,Goianésia do Pará,6,-3.949,-48.874,442,ADM2,Storm
ESP,Móstoles,6,40.32,-3.893,442,ADM3,Flood
MYS,Mukah Division,6,2.893,112.091,440,ADM3,Flood
CMR,Mayo-Kani,1,10.291,14.459,439,ADM2,
GRC,Metaxa,7,38.179,20.488,439,?,Wildfire
PER,Vargas Guerra,6,-6.977,-74.958,439,ADM3,Flood
PHL,Nabas,6,11.894,122.045,439,ADM3,Flood
MYS,Sipitang,6,5.076,115.55,438,ADM3,Flood
USA,Greendale,6,42.941,-87.996,437,ADM3,Flood
MNG,Erdene,6,44.021,97.41,436,ADM2,Sand/dust storm
IDN,Bima,2,-8.454,118.728,436,ADM2,
GTM,Tactic,6,15.298,-90.343,436,ADM2,Flood
BRA,Viana,6,-20.391,-40.497,435,ADM2,Storm
USA,Sullivan City,6,26.278,-98.564,435,ADM3,Flood
SDN,Al Fasher,6,13.315,25.385,435,ADM3,Flood
MYS,Port Dickson,6,2.523,101.795,433,ADM3,Flood
PER,Yuyapichis,6,-9.757,-75.287,433,ADM3,Flood
MYS,Kuala Krai,6,5.429,102.178,433,ADM2,Flood
BRA,Baía da Traição,6,-6.663,-34.973,432,ADM2,Flood
PER,Río Tambo,6,-11.56,-73.784,432,ADM3,Flood
PER,Urpay,6,-8.348,-77.389,432,ADM3,Flood
USA,Alhambra,7,34.093,-118.127,432,ADM3,Wildfire
SSD,Eastern Equatoria,2,4.768,33.438,430,ADM1,
USA,Kwigillingok,6,59.864,-163.134,429,ADM3,Flood
GRC,Vasileonoiko,7,38.329,26.111,429,ADM3,Wildfire
IRQ,Basra,6,30.199,47.568,426,ADM1,Drought
PHL,Kabankalan,6,9.891,122.855,426,ADM3,Flood
ETH,Gardula Awraja,0,5.667,37.333,425,ADM2,
PNG,Finschhafen District,2,-6.417,147.5,425,ADM2,
ARG,El Bolsón,7,-41.969,-71.532,425,ADM3,Wildfire
SOM,Kismayo,0,-0.358,42.545,425,ADM2,
PHL,Mawab,6,7.508,125.921,425,ADM3,Flood
BRA,Pracuúba,6,1.671,-51.245,425,ADM2,Flood
NGA,Zango,2,12.001,7.244,424,ADM3,
MYS,Kinabatangan,6,5.589,117.847,424,ADM3,Flood
SOM,Xudur,0,4.189,43.906,423,ADM2,
USA,Hawthorne,7,33.916,-118.353,422,ADM3,Wildfire
BRA,Garrafão do Norte,6,-2.215,-47.117,421,ADM2,Storm
UGA,Bunambutye,6,1.4,34.35,420,ADM3,Flood
BRA,Santana do Paraíso,6,-19.38,-42.541,420,ADM2,Storm
NER,Goudoumaria,1,13.71,11.188,420,ADM3,
MYS,Tanah Merah,6,5.723,102.039,419,ADM2,Flood
USA,Manchester,6,37.154,-83.762,419,ADM3,Storm
PER,District of San Juan de la Virgen,6,-3.646,-80.404,419,ADM3,Flood
PER,Samán,6,-15.294,-70.027,419,ADM3,Flood
NGA,Avihijime,1,7.515,8.112,418,ADM3,
PER,La Morada,6,-8.795,-76.249,418,ADM3,Flood
PER,Pazos,6,-12.259,-75.07,417,ADM3,Flood
USA,Leedey,7,35.869,-99.345,415,ADM3,Wildfire
PER,La Merced,6,-9.735,-77.616,415,ADM3,Flood
CAN,Small Point - Broad Cove - Blackhead - Adams,7,47.848,-53.129,414,ADM3,Wildfire
COL,Villa del Rosario,6,7.758,-72.482,413,ADM2,Storm
BDI,Mutambara,6,-4.016,29.462,413,ADM3,Flood
GRC,Pissonas,7,38.526,23.719,413,ADM3,Wildfire
GTM,Concepción Las Minas,6,14.489,-89.45,412,ADM2,Flood
BRA,Rio Grande,6,-32.217,-52.407,412,ADM2,Flood
NGA,Chibok Wuntaku,1,10.88,12.794,411,ADM3,
USA,Agency Village,6,45.563,-97.065,411,ADM3,Flood
AGO,Dundo,6,-7.375,20.834,410,ADM3,Flood
MNG,Ulaanbaatar,6,47.95,106.967,410,ADM1,Storm surge
NGA,Rigange primary heath center,1,9.574,11.761,410,ADM3,
UKR,Mykolaiv,1,46.933,32.002,410,ADM3,
NGA,Waduku,1,9.505,11.654,409,ADM3,
SSD,Nyuak,2,7.103,31.376,408,ADM3,
NER,Goudoumaria,1,13.711,11.188,408,ADM3,
BRA,Muniz Freire,6,-20.423,-41.426,408,ADM2,Storm
USA,Waukesha,6,43.012,-88.232,407,ADM3,Flood
USA,Canyon Country,7,34.424,-118.472,407,ADM3,Wildfire
USA,Hales Corners,6,42.938,-88.049,407,ADM3,Flood
COL,Magangué,6,9.125,-74.78,406,ADM2,Flood
IDN,Kendari,6,-3.994,122.547,406,ADM2,Flood
USA,Porter Ranch,7,34.282,-118.55,406,ADM3,Wildfire
BRA,Arroio dos Ratos,6,-30.212,-51.73,406,ADM2,Storm
BRA,Barra do Corda,6,-5.558,-45.288,405,ADM2,Erosion
SYR,Daraa,1,32.828,36.11,405,ADM1,
BRA,São Pedro da Água Branca,6,-5.161,-48.361,405,ADM2,Storm
PER,Capacmarca,6,-14.007,-72.003,404,ADM3,Flood
COL,Morales,6,8.252,-73.973,402,ADM2,Flood
USA,Coyle,7,35.955,-97.238,402,ADM3,Wildfire
GBR,Stockport,6,53.391,-2.125,400,ADM3,Flood
BRA,Apuí,6,-7.789,-59.341,400,ADM2,Flood
NER,Diffa ديفا,1,13.313,12.614,400,ADM3,
BRA,São Miguel dos Milagres,6,-9.254,-35.384,400,ADM2,Flood
USA,Honolulu,7,21.494,-157.989,400,ADM2,Wildfire
MEX,Rincón de Alcaparrosa,2,17.447,-99.696,400,ADM3,
USA,Magnolia,6,31.143,-90.459,400,ADM3,Storm
PNG,Morobe Province,2,-6.428,147.309,400,ADM1,
ESP,Carucedo,7,42.485,-6.792,400,ADM3,Wildfire
ESP,Beceite / Beseit,7,40.806,0.196,400,ADM3,Wildfire
BRA,Riachão do Jacuípe,6,-11.846,-39.381,400,ADM2,Storm
GTM,Santa Catalina la Tinta,6,15.25,-89.831,398,ADM2,Flood
BRA,Petrópolis,6,-22.505,-43.179,398,ADM2,Cold wave
MYS,Samarahan Division,6,1.468,110.482,398,?,Flood
NER,Tondikiré,1,13.695,3.034,397,ADM3,
SOM,Balcad,0,2.488,45.659,397,ADM2,
BDI,Kinama,6,-3.325,29.378,396,ADM3,Flood
SLV,Atiquizaya,6,13.974,-89.755,396,ADM2,Earthquake
CAF,Bouca,1,6.509,18.276,395,ADM2,
CAN,Western Bay,7,47.899,-53.073,395,ADM3,Wildfire
LKA,Kandawalai,6,9.467,80.485,394,ADM3,Flood
VEN,Trujillo,6,9.572,-70.536,394,ADM1,Flood
IND,Jammu and Kashmir,6,33.976,76.502,394,ADM1,Flood
PHL,Abra de Ilog,1,13.39,120.726,393,ADM3,
BRA,Embu das Artes,6,-23.647,-46.854,393,ADM2,Storm
USA,Clarksville,6,36.53,-87.359,393,ADM3,Storm
NIC,South Atlantic Autonomous Region,6,12.075,-84.146,393,ADM1,Flood
PER,Santo Tomás,6,-14.45,-72.082,392,ADM3,Flood
GRC,Keri,7,37.661,20.816,392,ADM3,Wildfire
PER,Iquitos,6,-3.749,-73.244,391,ADM3,Flood
GTM,Municipio de Escuintla,6,14.303,-90.789,391,ADM2,Flood
NGA,Mbasombo,2,7.55,8.506,390,ADM3,
BRA,Medeiros Neto,6,-17.39,-40.276,390,ADM2,Storm
USA,Whitesburg,6,37.118,-82.827,389,ADM3,Storm
IDN,Mbay,6,-8.567,121.265,389,ADM2,Flood
BRA,Caiana,6,-20.731,-41.9,388,ADM2,Storm
COL,Puerto Guzmán,6,0.73,-75.906,388,ADM2,Flood
GTM,Playa Grande Ixcán,6,15.987,-90.781,387,ADM2,Flood
PHL,Toboso,1,10.717,123.514,387,ADM3,
BRA,Nova Esperança do Piriá,6,-2.454,-46.974,387,ADM2,Storm
USA,Tennessee,6,35.83,-86.318,386,ADM1,Flood
IDN,Jakarta Barat,6,-6.162,106.744,386,ADM2,Flood
SOM,Caluula,0,11.667,50.793,386,ADM2,
MYS,Jalan Penampang,6,5.936,116.085,386,ADM2,Flood
YEM,Shabwah Governorate,1,14.798,46.809,385,ADM1,
ETH,Welkite Gurage,1,7.641,37.885,385,?,
MWI,Kasungu,6,-12.992,33.468,385,ADM1,Flood
SDN,Um Dukhan,6,11.138,22.964,385,ADM3,Flood
GTM,Municipio de Guazacapán,6,14.018,-90.434,385,ADM2,Flood
PER,Chupa,6,-15.106,-69.987,384,ADM3,Flood
IND,Rajasthan,6,26.631,73.825,384,ADM1,Flood
PER,Huayllay Grande,6,-12.942,-74.702,384,ADM3,Flood
NGA,Mbawa,2,8.054,8.605,383,ADM3,
GTM,Masagua,6,14.103,-90.816,382,ADM2,Flood
USA,Kentucky,6,37.824,-84.729,382,ADM1,Storm
NGA,Shough,2,7.542,8.644,382,ADM3,
GRC,Lithi,7,38.331,26.0,382,ADM3,Wildfire
NGA,Nassarawo,6,9.45,12.733,382,ADM3,Flood
COL,Orocué,6,4.922,-71.597,381,ADM2,Flood
USA,Earle,6,35.271,-90.466,380,ADM3,Flood
NGA,Isa,1,13.213,6.372,380,ADM3,
BRA,Parobé,6,-29.671,-50.857,380,ADM2,Storm
BRA,Portel,6,-2.659,-50.854,380,ADM2,Storm
ESP,Jabugo,7,37.91,-6.744,380,ADM3,Wildfire
USA,West Point,6,37.999,-85.952,379,ADM3,Storm
MYS,Samarahan Division,6,1.468,110.482,379,ADM3,Flood
PER,Anchonga,6,-12.913,-74.691,377,ADM3,Flood
USA,Prospect,6,38.346,-85.605,377,ADM3,Storm
USA,Gardena,7,33.888,-118.309,377,ADM3,Wildfire
MYS,Song,6,2.008,112.552,377,ADM3,Flood
PHL,Kidapawan City,2,7.042,125.093,376,ADM3,
USA,Pink,7,35.225,-97.098,375,ADM3,Wildfire
HND,Ocotepeque,6,14.476,-89.037,375,ADM1,Dry mass movement
VNM,Son La province,6,21.3,104.139,375,ADM1,Flood
USA,Velma,7,34.454,-97.668,375,ADM3,Wildfire
PER,Distrito de Ayabaca,6,-4.685,-79.645,374,ADM3,Flood
MMR,Kamma Township,6,19.015,94.891,373,ADM3,Flood
BRA,Goioxim,6,-25.095,-52.008,372,ADM2,Flood
NGA,Kurami Yankwani,6,11.579,7.363,372,ADM3,Mixed disasters
COL,San José del Guaviare,6,2.554,-72.075,371,ADM2,Flood
YEM,Al Jawf Governorate,1,16.596,45.599,371,ADM1,
BRA,Santarém Novo,6,-0.928,-47.4,370,ADM2,Storm
SOM,Garbahaarey,0,3.206,42.359,370,ADM2,
USA,Brownsville,6,25.902,-97.498,370,ADM3,Flood
MOZ,Macate,6,-19.417,33.513,370,ADM3,Flood
CAN,Ojibway Lake,7,45.6,-78.169,370,?,Wildfire
BWA,Central District,6,-21.479,26.215,370,ADM1,Flood
CMR,Gouroum,1,10.523,14.49,370,ADM3,
USA,Shelbiana,6,37.425,-82.493,369,ADM3,Storm
CAN,Drummondville,6,45.895,-72.519,368,ADM3,Flood
NGA,Madagali,1,10.889,13.628,367,ADM3,
GRC,Κάμπος,7,36.938,22.203,367,ADM3,Wildfire
UKR,Kupiansk Raion,1,49.675,37.834,366,ADM2,
USA,Torrance,7,33.837,-118.341,366,ADM3,Wildfire
GRC,Dafnonas,7,38.347,26.08,366,ADM3,Wildfire
LBN,Qada Rashayya,1,33.535,35.843,365,ADM2,
SOM,Tayeeglow,6,3.836,44.529,365,ADM2,Drought
GTM,San Pedro Pinula,6,14.663,-89.846,364,ADM2,Flood
USA,Jenkins,6,37.173,-82.631,364,ADM3,Storm
USA,Grand Junction,6,35.049,-89.187,364,ADM3,Storm
NGA,Ondo,6,6.819,4.863,363,ADM1,Flood
PER,Paimas,6,-4.627,-79.945,363,ADM3,Flood
SSD,Kuerenge,1,8.52,33.082,363,ADM3,
PER,Vilcas Huamán,6,-13.648,-73.874,362,ADM3,Flood
MMR,Nyaungdon,6,17.033,95.685,361,ADM3,Landslide/Wet mass movement
BRA,Cairu,6,-13.527,-38.948,360,ADM2,Storm
MEX,Teocaltiche,2,21.482,-102.52,360,ADM3,
BRA,Jacundá,6,-4.569,-49.223,360,ADM2,Storm
PER,Yanahuanca,6,-10.491,-76.516,359,ADM3,Dry mass movement
URY,Paysandú,6,-32.024,-57.215,358,ADM1,Flood
BRA,Turilândia,6,-2.124,-45.347,357,ADM2,Flood
PER,Yacus,6,-9.986,-76.505,357,ADM3,Flood
USA,Carson,7,33.832,-118.252,357,ADM3,Wildfire
SSD,Ifwotu,1,4.165,32.547,357,ADM3,
BRA,Palhoça,6,-27.802,-48.659,356,ADM2,Storm
MYS,Mersing,6,2.431,103.835,356,ADM3,Flood
PER,Paucará,6,-12.727,-74.715,355,ADM3,Flood
USA,Pomona,7,34.055,-117.752,355,ADM3,Wildfire
ARG,Palo Santo,6,-24.208,-61.848,354,?,Storm
TLS,Dili,6,-8.399,125.624,354,ADM1,Flood
ARG,Salta,7,-24.792,-65.431,354,?,Wildfire
USA,Kermit,6,37.844,-82.409,354,ADM3,Storm
NGA,"Karim ""B""",2,9.31,11.264,354,ADM3,
USA,Windsor Hills,7,33.991,-118.35,353,ADM3,Wildfire
MEX,Moris,2,28.165,-108.755,353,ADM3,
MEX,Los Lagos (Predio el Mirador),2,19.032,-102.39,352,?,
MYS,Lawas,6,4.86,115.408,352,ADM3,Flood
USA,Lyford,6,26.412,-97.79,352,ADM3,Flood
BRA,Buriticupu,6,-4.52,-46.377,352,ADM2,Erosion
BRA,Curuá,6,-1.738,-55.115,350,ADM2,Flood
CYP,Ayios Amvrosios,7,34.781,32.827,350,ADM3,Wildfire
BRA,Porto de Moz,6,-2.135,-52.596,350,ADM2,Storm
PER,Huancané,6,-15.204,-69.761,349,ADM3,Flood
SOM,Qandala,6,11.472,49.873,349,ADM2,Drought
MDG,Atsinanana,6,-18.977,48.875,348,ADM1,Storm
MEX,Ahome,6,25.924,-109.208,348,ADM3,Flood
NGA,Ityuluv,2,7.615,9.523,346,ADM3,
MYS,Klang,6,3.043,101.45,346,ADM2,Flood
PER,Río Santiago,6,-3.754,-77.918,346,ADM3,Storm
MMR,Hlaingbwe Township,6,17.261,97.905,346,ADM3,Flood
NGA,Garha,2,10.4,12.89,346,ADM3,
MYS,Gua Musang,6,5.003,101.975,345,ADM2,Flood
USA,Chatsworth,7,34.257,-118.597,345,ADM3,Wildfire
GRC,Legrena,7,37.667,23.995,345,ADM3,Wildfire
NGA,Dille / Huyum,1,10.764,13.197,345,ADM3,
GTM,Municipio de Sayaxché,6,16.332,-90.163,344,ADM2,Flood
USA,Taylorsville,6,31.83,-89.428,344,ADM3,Storm
CAF,Carnot,1,4.944,15.876,344,ADM2,
MEX,Chinicuila,2,18.747,-103.39,344,ADM3,
PHL,Milagros,1,12.218,123.509,343,ADM3,
CAF,Nana-Outa,1,7.196,18.918,343,ADM3,
NGA,Otobi,2,7.103,8.07,342,ADM3,
RUS,Tyrnyauz,6,43.396,42.919,342,ADM3,Landslide/Wet mass movement
GRC,Faraklata,7,38.202,20.522,342,ADM3,Wildfire
USA,War,6,37.301,-81.691,342,ADM3,Storm
NGA,Ogwule Ogbaulu,2,7.866,7.72,342,ADM3,
USA,Oregon,6,44.142,-120.554,341,ADM1,Flood
BRA,Taquara,6,-29.663,-50.764,340,ADM2,Storm
AGO,Banga,6,-8.729,15.169,340,ADM3,Flood
CAF,Djemah,1,6.041,25.314,340,ADM2,
SOM,Gaalkacyo,0,6.77,47.431,340,ADM2,
PER,Teniente César López Rojas,6,-5.943,-75.786,339,ADM3,Flood
NGA,Shikarkir,1,10.772,12.748,339,ADM3,
IDN,Siak Regency,6,0.828,101.846,338,ADM2,Flood
ESP,Larouco,7,42.36,-7.165,337,ADM3,Wildfire
MYS,Papar,6,5.734,115.932,337,ADM3,Flood
SSD,Puolchuol,1,8.131,31.955,336,ADM3,
UGA,Paicho,7,2.896,32.451,336,ADM3,Wildfire
KEN,Laikipia,6,0.286,36.826,334,ADM1,Flood
VNM,Lao Cai province,6,22.361,104.158,334,ADM1,Landslide/Wet mass movement
USA,West Hills,7,34.208,-118.632,333,ADM3,Wildfire
IDN,Jakarta Selatan,6,-6.284,106.805,333,ADM2,Flood
USA,Somerset,6,37.092,-84.604,333,ADM3,Storm
USA,Shepherdsville,6,37.989,-85.716,332,ADM3,Storm
MYS,Sebauh,6,3.118,113.265,330,ADM3,Flood
GTM,Coatepeque,6,14.704,-91.864,330,ADM2,Flood
BRA,Pedro do Rosário,6,-2.974,-45.452,330,ADM2,Storm
MMR,Paung,6,16.619,97.456,329,ADM3,Storm
MEX,Chiapas,6,16.257,-92.247,327,ADM1,Flood
BOL,Municipio Cairoma,6,-16.837,-67.597,325,ADM3,Hailstorm
COL,Piamonte,6,1.193,-76.335,325,ADM2,Flood
BDI,Gihanga,6,-3.185,29.302,324,ADM3,Flood
SSD,Lessi,1,5.882,30.302,324,ADM3,
IRQ,Wasit,1,32.694,45.685,324,ADM1,
TJK,Tojikobod District,6,39.073,70.905,323,ADM2,Earthquake
PER,Anta,6,-12.812,-74.639,322,ADM3,Flood
RUS,Rostov-on-Don,1,47.261,39.725,322,ADM2,
USA,Bowling Green,6,36.99,-86.444,321,ADM3,Storm
NGA,Birnin Magaji,2,12.166,5.302,321,ADM3,
BOL,Municipio Nuestra Señora de La Paz,6,-16.176,-68.092,321,ADM3,Landslide/Wet mass movement
VEN,Orinoco,6,7.982,-63.961,320,?,Flood
SDN,Katayla,6,11.194,24.397,320,ADM3,Flood
BRA,Breu Branco,6,-3.733,-49.371,320,ADM2,Storm
ESP,Aliseda,7,39.407,-6.703,320,ADM3,Wildfire
GRC,Armolia,7,38.252,26.032,320,ADM3,Wildfire
GTM,Santa Bárbara,6,14.479,-91.259,319,ADM2,Flood
ITA,Versa,6,45.9,13.417,319,ADM3,Flood
IDN,Kupang,6,-10.163,123.602,319,ADM2,Flood
PER,Tabaconas,6,-5.316,-79.283,318,ADM3,Flood
COL,Riosucio,6,5.424,-75.704,318,ADM2,Landslide/Wet mass movement
BRA,São João do Araguaia,6,-5.443,-48.749,316,ADM2,Storm
NGA,Gulak,1,10.806,13.458,316,ADM3,
IDN,Lumajang,6,-8.135,113.224,316,ADM2,Volcanic activity
MYS,Miri Division,6,4.0,114.0,315,ADM3,Landslide/Wet mass movement
NGA,Isambe/Mbasev,1,7.512,8.243,315,ADM3,
BDI,Kiramira,6,-2.823,29.16,314,ADM3,Flood
USA,Lovely,6,37.826,-82.401,314,ADM3,Storm
COL,Pinillos,6,8.824,-74.381,314,ADM2,Flood
USA,Whittier,7,33.975,-118.034,314,ADM3,Wildfire
PER,Baños,6,-10.076,-76.736,314,ADM3,Flood
USA,Sebastian,6,26.343,-97.79,313,ADM3,Flood
BDI,Buganda,6,-2.975,29.202,313,ADM3,Flood
BRA,Ponta Grossa,6,-25.144,-50.074,313,ADM2,Hailstorm
USA,Tuntutuliak,6,60.343,-162.663,312,ADM3,Flood
NGA,Dejina/Fukurti,1,12.903,12.323,312,ADM3,
PHL,Don Carlos,6,7.684,124.995,312,ADM3,Flood
BRA,Pindaré-Mirim,6,-3.625,-45.394,312,ADM2,Flood
IDN,Sragen Regency,6,-7.39,110.958,311,ADM2,Flood
PER,Santo Domingo de Capillas,6,-13.737,-75.244,311,ADM3,Flood
PHL,Tulunan,6,6.831,124.873,310,ADM3,Flood
GTM,La Democracia,6,14.165,-90.928,310,ADM2,Flood
MLI,Koulikoro,6,13.482,-7.609,309,ADM1,Flood
GRC,Ancient Nemea,7,37.807,22.706,308,ADM3,Wildfire
IDN,Pohuwato,6,0.485,121.922,308,ADM2,Flood
NGA,Garha,6,10.4,12.89,307,ADM3,Flood
PER,Monzón,6,-9.28,-76.396,307,ADM3,Flood
IDN,Gorontalo,6,0.538,123.06,306,ADM2,Flood
NGA,Guni,2,9.798,6.945,306,ADM3,
BFA,Dori,1,14.031,-0.029,306,ADM3,
PHL,Tupi,6,6.331,124.951,305,ADM3,Flood
GTM,San Cristóbal Verapaz,6,15.383,-90.576,305,ADM2,Hailstorm
PER,La Merced,6,-12.788,-74.359,304,ADM3,Flood
COL,Cotorra,6,9.057,-75.779,304,ADM2,Flood
PHL,Pototan,6,10.942,122.636,304,ADM3,Flood
ISR,South District,0,30.674,34.88,304,ADM1,
IDN,Padang Lawas,6,1.157,99.811,303,ADM2,Flood
USA,Town of West Bend,6,43.398,-88.246,303,ADM3,Flood
USA,Los Angeles County,7,34.316,-118.21,303,ADM3,Wildfire
VNM,Hanoi,6,20.975,105.676,303,ADM1,Mixed disasters
PER,Nauta,6,-4.506,-73.58,301,ADM3,Erosion
SOM,Ceel Barde,0,4.674,43.998,301,ADM2,
UKR,Chernihiv Oblast,1,51.362,31.836,301,ADM1,
NGA,Nasarawa,6,10.28,11.197,301,ADM3,Mixed disasters
ARG,Carhué,6,-37.179,-62.757,300,?,Flood
MEX,Tanquián,6,21.981,-98.995,300,ADM3,Flood
MEX,Las Malvinas,7,25.797,-100.295,300,?,Wildfire
BEN,Tanguièta,2,10.966,1.42,300,ADM3,
CHE,Blatten,6,46.444,7.857,300,ADM3,Landslide/Wet mass movement
IDN,Pidie,6,5.114,95.941,300,ADM2,Flood
AUS,Djarindjin,6,-16.515,122.896,300,?,Typhoon/Hurricane/Cyclone
PRT,Covanca,7,40.186,-7.824,300,ADM3,Wildfire
CIV,Téhini,2,9.607,-3.658,300,ADM3,
BRA,Itaqui,6,-29.17,-56.064,300,ADM2,Flood
BRA,Quedas do Iguaçu,6,-25.432,-52.983,300,ADM2,Storm
BRA,Rio Branco,6,-15.24,-58.115,300,ADM2,Flood
BRA,Videira,6,-27.034,-51.102,300,ADM2,Hailstorm
IRQ,Wasit,6,32.734,45.755,300,ADM1,Drought
BDI,Rugajo,6,-2.74,29.115,300,ADM3,Flood
BRA,Arame,6,-5.032,-45.863,300,ADM2,Storm
IDN,Pesawaran,6,-5.478,105.009,299,ADM2,Flood
IDN,Semarang,6,-7.023,110.385,299,ADM3,Flood
PER,Lucma,6,-7.641,-78.553,297,ADM3,Flood
PER,Tintay Puncu,6,-12.182,-74.564,297,ADM3,Flood
MYS,Kota Belud,6,6.35,116.429,297,ADM3,Flood
USA,Bluefield,6,37.27,-81.222,297,ADM3,Storm
USA,Morgantown,6,37.226,-86.684,295,ADM3,Storm
SDN,Al Qadarif State,1,13.976,35.085,295,ADM1,
PER,Acostambo,6,-12.365,-75.055,295,ADM3,Flood
NGA,Dure / Wala / Warabe,1,11.25,13.683,295,ADM3,
PER,Imaza,6,-4.992,-78.383,294,ADM3,Flood
USA,Jolo,6,37.329,-81.815,294,ADM3,Storm
NGA,Ngohi,1,10.672,12.691,293,ADM3,
NGA,Hong,1,10.232,12.93,293,ADM3,
BHS,Crooked Island,6,22.718,-74.172,293,?,Typhoon/Hurricane/Cyclone
USA,Franklin,6,42.889,-88.038,292,ADM3,Flood
GTM,Chicacao,6,14.543,-91.327,292,ADM2,Storm
AGO,Malanje,6,-9.544,16.348,290,ADM3,Flood
MYS,Kerian,6,5.035,100.498,290,ADM3,Flood
USA,Winnetka,7,34.208,-118.571,290,ADM3,Wildfire
PER,Chaglla,6,-9.845,-75.903,290,ADM3,Flood
CMR,Mayo-Danay,6,10.511,15.041,286,ADM2,Flood
BRA,Rio Pardo,6,-30.042,-52.441,283,ADM2,Flood
BDI,Rumonge,6,-3.975,29.439,282,ADM3,Flood
GRC,Gymnotopos,7,39.291,20.904,282,ADM3,Wildfire
IRQ,Wasit,6,32.694,45.685,282,ADM1,Drought
NGA,Pulka Bokko,1,11.244,13.808,281,ADM3,
PHL,Matalam,1,7.089,124.902,281,ADM3,
KOR,Jeollanam-do,6,34.643,126.401,281,ADM1,Flood
BRA,Acará,6,-2.104,-48.48,280,ADM2,Storm
USA,Delbarton,6,37.711,-82.184,280,ADM3,Storm
IDN,Indramayu,6,-6.326,108.323,279,ADM2,Flood
USA,Sandy Hook,6,31.036,-89.805,279,ADM3,Storm
BRA,Manoel Viana,6,-29.407,-55.569,279,ADM2,Storm
MUS,Port Louis,6,-20.169,57.516,279,ADM1,Typhoon/Hurricane/Cyclone
ZAF,Amahlathi Local Municipality,6,-32.468,27.354,279,ADM3,Storm
PHL,Juban,6,12.798,123.934,278,ADM3,Volcanic activity
PER,Gregorio Pita,6,-7.221,-78.161,277,ADM3,Flood
MYS,Beluran,6,4.723,116.415,277,ADM3,Flood
PER,Huachupampa,6,-11.688,-76.611,277,ADM3,Flood
GRC,Irakleia,7,37.694,21.571,276,ADM3,Wildfire
MYS,Jasin District,6,2.294,102.42,276,ADM2,Flood
GRC,Κόκκορη,7,39.685,20.395,275,?,Wildfire
USA,San Fernando,7,34.285,-118.438,275,ADM3,Wildfire
UGA,Central Region,6,0.339,32.218,275,ADM1,Storm
NGA,Dwam,6,9.435,12.083,274,ADM3,Flood
GRC,Elata,7,38.286,25.989,274,ADM3,Wildfire
GRC,Agalas,7,37.708,20.778,273,ADM3,Wildfire
BRA,Entre Rios,6,-26.724,-52.563,273,ADM2,Storm
MYS,Beluru,6,3.975,114.102,273,ADM3,Flood
PER,Tumbes,6,-3.561,-80.454,273,ADM3,Flood
VNM,Thừa Thiên-Huế Province,6,16.554,107.69,273,ADM1,Typhoon/Hurricane/Cyclone
GRC,Latzoi,7,37.709,21.56,272,ADM3,Wildfire
USA,Beverly Hills,7,34.07,-118.396,271,ADM3,Wildfire
BRA,Mostardas,6,-30.922,-50.854,270,ADM2,Storm
NGA,Riyom,2,9.576,8.691,270,ADM3,
DEU,Neudorf,7,51.352,13.354,269,ADM3,Wildfire
USA,Logan,6,37.849,-81.993,269,ADM3,Storm
NGA,Bauchi,1,11.009,9.32,269,ADM1,
ZAF,Limpopo,6,-23.774,29.342,269,ADM1,Flood
NGA,Bayelsa,6,4.82,5.949,268,ADM1,Flood
USA,Covina,7,34.088,-117.889,268,ADM3,Wildfire
CAF,Bamingui,1,7.56,20.177,268,ADM2,
NGA,Gumsa,1,12.503,11.823,268,ADM3,
LBN,Matn District,1,33.91,35.722,267,ADM2,
USA,Elizabethtown,6,37.694,-85.859,267,ADM3,Storm
CHN,Lingchuan County,7,35.662,113.354,266,ADM2,Wildfire
MYS,Baling,6,5.722,100.933,266,ADM2,Flood
NGA,Bareruwa,6,12.602,8.188,266,ADM3,Mixed disasters
GTM,San Andrés Villa Seca,6,14.379,-91.634,265,ADM2,Flood
PER,Chulucanas,6,-5.097,-80.161,265,ADM3,Flood
COL,Salgar,6,5.967,-75.987,265,ADM2,Landslide/Wet mass movement
BRA,São Manuel,6,-22.682,-48.563,265,ADM2,Hailstorm
BRA,Franco da Rocha,6,-23.303,-46.731,265,ADM2,Storm
GTM,Santa Lucía Cotzumalguapa,6,14.3,-91.078,265,ADM2,Flood
NGA,Yaav,2,6.913,9.516,264,ADM3,
PSE,Tulkarm,1,32.311,35.028,264,ADM3,
USA,Brunswick,7,34.062,-78.244,264,ADM2,Wildfire
PER,San Juan Bautista,6,-14.011,-75.735,263,ADM3,Flood
USA,Wheeling,6,40.064,-80.721,263,ADM3,Flood
MEX,El Pinzán Morado (La Galera),2,19.116,-102.257,263,?,
USA,Napakiak,6,60.695,-161.976,263,ADM3,Flood
GRC,Chaikali,7,38.103,21.663,263,ADM3,Wildfire
COL,Moñitos,6,9.226,-76.136,262,ADM2,Drought
PER,Pillco Marca,6,-10.03,-76.272,261,ADM3,Flood
MEX,Tequisquiapan,7,20.542,-99.948,260,ADM3,Dam release flood
PER,Marías,6,-9.535,-76.441,260,ADM3,Flood
BRA,Calçoene,6,2.361,-51.453,260,ADM2,Flood
USA,Irvine,6,37.701,-83.974,260,ADM3,Storm
PER,Puños,6,-9.5,-76.883,260,ADM3,Dry mass movement
PER,Corculla,6,-15.263,-73.201,259,ADM3,Flood
PHL,Guihulngan,1,10.12,123.274,259,ADM3,
CMR,Mora,7,11.158,14.308,259,ADM3,Wildfire
GRC,Alykis,7,38.49,23.536,258,?,Wildfire
USA,Paducah,6,37.083,-88.6,258,ADM3,Storm
SSD,Lujulo,1,3.679,30.665,258,ADM3,
BOL,Municipio Charagua,6,-19.236,-61.227,257,ADM3,Flood
MEX,Tuzantla,2,19.224,-100.605,257,ADM3,
USA,Progreso,6,26.092,-97.957,257,ADM3,Flood
GRC,Kythira,7,36.258,23.002,257,?,Wildfire
GRC,Patras,7,38.246,21.735,256,ADM3,Wildfire
NGA,North Bank II,2,7.748,8.556,256,ADM3,
GRC,Mpalas,7,38.254,21.799,256,ADM3,Wildfire
PER,Ica,6,-14.064,-75.729,256,ADM3,Flood
USA,Roma,6,26.409,-99.014,256,ADM3,Flood
PER,Santiago de Anchucaya,6,-12.096,-76.23,256,ADM3,Flood
PER,San Miguel de Mayocc,6,-12.806,-74.39,256,ADM3,Flood
GRC,Smila,7,37.679,21.553,256,ADM3,Wildfire
BRA,Nova Santa Rita,6,-8.112,-42.014,256,ADM2,Drought
ETH,Western Tigray,1,14.12,37.5,255,ADM2,
PER,San Juan Bautista,6,-4.078,-73.522,255,ADM3,Storm
IDN,Central Sulawesi,6,-1.694,120.809,255,ADM1,Earthquake
AGO,Samba Caju,6,-8.76,15.411,254,ADM3,Flood
IDN,Kebumen,6,-7.669,109.652,254,ADM2,Flood
GRC,Plitra; ancient town of Asopos,7,36.689,22.841,254,ADM3,Wildfire
USA,Hyden,6,37.161,-83.373,254,ADM3,Storm
BRA,Santo Amaro da Imperatriz,6,-27.752,-48.805,254,ADM2,Storm
PSE,Tammun,1,32.283,35.385,253,ADM3,
UGA,Ntenjeru,6,0.672,33.031,253,ADM3,Storm
KOR,Inje-gun,7,38.095,128.247,253,ADM2,Wildfire
SSD,Yambio,1,4.578,28.399,253,ADM3,
PER,Singa,6,-9.389,-76.813,252,ADM3,Flood
GTM,El Asintal,6,14.595,-91.727,252,ADM2,Flood
PER,Zapatero,6,-6.53,-76.494,252,ADM3,Dry mass movement
PHL,Lutayan,6,6.561,124.859,252,ADM3,Flood
BRA,Jaguaquara,6,-13.596,-39.929,252,ADM2,Flood
SSD,Wadakona,1,11.608,32.723,252,ADM3,
MYS,Sungai Besar,6,3.677,100.986,252,ADM3,Flood
MYS,Sandakan Division,6,5.5,117.5,252,?,Flood
GMB,The Gambia,6,13.443,-16.119,251,AM0,Flood
KEN,Tana River,6,-1.537,39.551,251,ADM1,Flood
ITA,Florence,6,43.781,11.244,251,ADM3,Flood
SSD,Yambio,2,4.578,28.399,250,ADM3,
SDN,Al Fao,6,14.108,34.092,250,ADM3,Flood
MEX,Leandro Valle,7,32.478,-117.001,250,?,Wildfire
SDN,Basunda,6,12.986,35.845,250,ADM3,Flood
BRA,Pavão,6,-17.429,-40.999,250,ADM2,Storm
ARG,Berisso,6,-34.869,-57.883,250,ADM3,Flood
IDN,Kendal,6,-7.386,110.458,250,ADM2,Flood
NGA,Gulumba / Jukkuri / Batra,1,11.615,13.938,250,ADM3,
CAN,Ostrea Lake Road,7,44.692,-63.059,250,?,Wildfire
BRA,Santo Antônio do Içá,6,-3.09,-68.759,250,ADM2,Flood
GRC,Aetos,7,37.246,21.833,249,ADM3,Wildfire
USA,Quinhagak,6,59.751,-161.897,249,ADM3,Flood
BRA,Conceição do Lago-Açu,6,-3.736,-44.797,249,ADM2,Flood
PER,Paucar,6,-10.341,-76.417,248,ADM3,Mixed disasters
MEX,Madera,2,29.347,-108.294,248,ADM3,
USA,West Covina,7,34.069,-117.939,248,ADM3,Wildfire
DZA,Tipaza,7,36.527,2.168,247,ADM1,Wildfire
NGA,Kunduru Gyaza,6,12.399,7.742,247,ADM3,Mixed disasters
USA,Iaeger,6,37.465,-81.814,246,ADM3,Storm
ROU,Ceatalchioi,1,45.289,28.794,246,ADM3,
SSD,Kaka,1,10.576,32.151,245,ADM3,
BDI,Kirundo,6,-2.546,30.102,245,ADM2,Storm
PER,Yauli,6,-12.817,-74.829,245,ADM3,Flood
GRC,Ano Souli,7,38.184,23.978,245,ADM3,Wildfire
PSE,Hebron,1,31.529,35.094,245,ADM3,
USA,Downey,7,33.94,-118.129,244,ADM3,Wildfire
PER,Chumpi,6,-15.095,-73.748,244,ADM3,Flood
USA,Norwalk,7,33.902,-118.082,243,ADM3,Wildfire
USA,Valencia,7,34.444,-118.61,243,ADM3,Wildfire
NGA,Kwande,1,6.913,9.456,242,ADM3,
USA,Studio City,7,34.149,-118.396,242,ADM3,Wildfire
PER,Lagunas,6,-4.79,-79.845,242,ADM3,Flood
PER,Muñani,6,-14.771,-69.956,242,ADM3,Flood
USA,W Hollywood,7,34.101,-118.325,242,ADM3,Wildfire
USA,McGehee,6,33.611,-91.383,242,ADM3,Flood
PER,Luyando,6,-9.196,-75.974,241,ADM3,Flood
GTM,Municipio de Ipala,6,14.582,-89.605,241,ADM2,Flood
BRA,Sertânia,6,-8.232,-37.321,240,ADM2,Storm
USA,Franklin,6,36.719,-86.579,240,ADM3,Storm
BRA,Afonso Cunha,6,-4.215,-43.297,240,ADM2,Storm
TJK,Rasht District,6,39.201,70.338,240,ADM2,Earthquake
IDN,Tegal,6,-6.867,109.138,240,ADM2,Flood
USA,Crook,7,44.129,-120.322,240,ADM2,Wildfire
UGA,Kirumya,6,0.735,30.086,240,ADM3,Landslide/Wet mass movement
PER,Ahuaycha,6,-12.407,-74.891,240,ADM3,Flood
GEO,Khedmaghali,6,42.068,43.187,239,ADM3,Landslide/Wet mass movement
BDI,Mudubugu,6,-3.142,29.285,239,ADM3,Flood
USA,Carson,6,31.538,-89.795,239,ADM3,Storm
PER,Villa Virgen,6,-13.002,-73.513,238,ADM3,Flood
UGA,Masaka,6,-0.339,31.747,238,ADM3,Storm
BRA,Magé,6,-22.635,-43.121,238,ADM2,Storm
HND,Valle,6,13.525,-87.578,238,ADM1,Flood
IDN,Teluk Bintuni,1,-2.114,133.529,238,ADM3,
PER,Unión Asháninka,6,-12.371,-73.813,238,ADM3,Flood
USA,Rock,6,37.368,-81.222,237,ADM3,Storm
SOM,Bardera,0,2.337,42.285,237,ADM2,
USA,Chelan,7,47.906,-120.544,236,ADM2,Wildfire
GRC,Skandalo,7,39.368,20.545,236,ADM3,Wildfire
USA,Versailles,6,38.053,-84.73,236,ADM3,Storm
UGA,Toroma,6,1.725,33.961,235,ADM3,Flood
BDI,Rumonge,6,-3.968,29.448,235,ADM3,Flood
ZAF,Northern Cape,6,-28.854,22.021,235,ADM1,Flood
PER,Colta,6,-15.163,-73.294,235,ADM3,Flood
GHA,Salakope,6,6.015,1.053,234,ADM3,Storm surge
NGA,Girei,1,9.363,12.545,234,ADM3,
BDI,Butanuka,6,-3.142,29.436,233,ADM3,Flood
NGA,Dandume A,6,11.456,7.13,233,ADM3,Mixed disasters
SLV,San Salvador,6,13.689,-89.187,233,ADM2,Flood
BFA,Kassoum,1,13.118,-3.251,233,ADM3,
PER,Cañaris,6,-6.068,-79.295,232,ADM3,Flood
IDN,Serang,6,-6.117,106.155,232,ADM2,Flood
MEX,Cabo San Lucas,6,22.894,-109.92,232,ADM3,Landslide/Wet mass movement
PER,San Pablo de Pillao,6,-9.795,-75.996,231,ADM3,Flood
GRC,Neromylos,7,37.828,20.832,231,ADM3,Wildfire
BOL,Municipio Ayopaya,6,-17.139,-66.785,231,ADM3,Flood
AGO,Dala,6,-11.033,20.2,231,ADM3,Storm
BRA,Natal,6,-5.803,-35.229,230,ADM2,Storm
IDN,Majalengka Regency,6,-6.808,108.279,230,ADM2,Flood
USA,Taylorsville,6,31.83,-89.433,230,ADM3,Storm
MEX,Tezontepec de Aldama,6,20.174,-99.289,230,ADM3,Storm
USA,Panther,6,37.483,-81.896,230,ADM3,Storm
GTM,Patzún,6,14.65,-91.029,229,ADM2,Hailstorm
UGA,Mbale,6,1.002,34.198,228,ADM2,Storm
PER,Frías,6,-4.907,-79.966,228,ADM3,Flood
USA,Marion,6,35.214,-90.197,227,ADM3,Flood
IDN,Bima,6,-8.454,118.728,227,ADM2,Flood
GTM,Municipio de Villa Nueva,6,14.536,-90.603,227,ADM2,Earthquake
ARG,Arrecifes,6,-34.067,-60.1,226,ADM3,Flood
MDV,Malé,6,73.509,4.175,226,ADM3,Flood
PHL,Lanuza,1,9.234,126.06,226,ADM3,
GTM,Tucurú,6,15.294,-90.119,225,ADM2,Landslide/Wet mass movement
USA,Kokomo,6,31.197,-90.003,225,ADM3,Storm
NGA,G/Baure/Mallamawa,6,12.789,8.789,225,ADM3,Mixed disasters
PER,Oyolo,6,-15.179,-73.185,225,ADM3,Flood
GRC,Ververato,7,38.334,26.086,225,ADM3,Wildfire
PER,Huancano,6,-13.601,-75.618,225,ADM3,Flood
THA,Chanthaburi Province,1,12.773,102.176,224,ADM1,
PHL,Pinukpuk,1,17.576,121.367,224,ADM3,
PER,Pampas,6,-8.195,-77.896,224,ADM3,Flood
PER,Nieva,6,-4.869,-78.02,223,ADM3,Storm
GRC,Agia Fotia,7,35.016,25.108,223,ADM3,Wildfire
MYS,Jerantut,6,3.937,102.372,222,ADM3,Flood
GRC,Agios Nikolaos Mpoura,7,37.972,23.898,222,ADM3,Wildfire
USA,Temple City,7,34.107,-118.058,222,ADM3,Wildfire
PSE,Nablus,1,32.227,35.243,221,ADM3,
PER,Omacha,6,-14.069,-71.755,221,ADM3,Flood
BRA,Itabirinha,6,-18.53,-41.254,220,ADM2,Storm
CRI,Sarapiqui,6,10.486,-83.996,220,ADM2,Flood
GRC,Protopappas,7,39.781,20.688,220,ADM3,Wildfire
BRA,Sapucaia,6,-22.024,-42.823,220,ADM2,Storm
BRA,Erval Grande,6,-27.361,-52.575,220,ADM2,Storm
USA,Sevier,7,38.771,-111.764,220,ADM2,Wildfire
CMR,Akwaya,1,6.163,9.49,220,ADM3,
AUS,Thargomindah,6,-27.996,143.82,220,ADM3,Flood
CAF,Amada-Gaza,1,4.774,15.196,219,ADM2,
USA,Northfork,6,37.416,-81.436,219,ADM3,Storm
COL,Leticia,6,-3.658,-70.028,219,ADM2,Flood
PER,Marcabal,6,-7.706,-78.033,218,ADM3,Flood
PER,Paucarbamba,6,-12.554,-74.532,218,ADM3,Flood
NGA,Borrong,6,9.539,12.179,218,ADM3,Flood
USA,Azusa,7,34.134,-117.906,218,ADM3,Wildfire
BRA,Garuva,6,-26.06,-48.871,218,ADM2,Storm
URY,San José,6,-34.308,-56.757,217,ADM1,Cold wave
AGO,Saurimo,6,-9.659,20.398,217,ADM3,Flood
PER,Miraflores,6,-9.494,-76.819,217,ADM3,Flood
GTM,El Quetzal,6,14.793,-91.794,217,ADM2,Flood
BRA,Rio Bananal,6,-19.224,-40.359,217,ADM2,Storm
AUS,Borroloola,6,-16.059,136.305,216,ADM3,Flood
IRQ,Muthanna,6,30.592,45.292,216,ADM1,Drought
PHL,Ambaguio,6,16.533,121.028,216,ADM3,Flood
IDN,Situbondo,6,-7.707,114.005,216,ADM2,Flood
ESP,Oímbra,7,41.874,-7.523,216,ADM3,Wildfire
BDI,Gatabo,6,-4.081,30.138,216,ADM3,Storm
UGA,Bungokho,6,1.008,34.171,215,ADM3,Flood
PER,Querocotillo,6,-6.274,-79.038,215,ADM3,Flood
PER,Incahuasi,6,-6.236,-79.317,215,ADM3,Flood
MYS,Klang,6,3.043,101.45,215,ADM3,Flood
BRA,Joaquim Nabuco,6,-8.528,-35.532,215,ADM2,Dry mass movement
PER,Tocache,6,-8.188,-76.52,214,ADM3,Flood
MEX,Buenavista,2,16.851,-97.525,214,ADM3,
NGA,Kwande,2,6.913,9.456,214,ADM3,
NGA,Kankara,2,11.971,7.398,214,ADM3,
USA,Mission Hills,7,34.265,-118.467,213,ADM3,Wildfire
PER,Montero,6,-4.632,-79.829,213,ADM3,Flood
USA,Martin,6,37.573,-82.753,213,ADM3,Storm
NGA,Larmurde,1,9.558,11.704,213,ADM3,
NGA,Johode/Chikide/Kughum,1,11.058,13.787,213,ADM3,
PER,Colquemarca,6,-14.285,-72.041,213,ADM3,Flood
USA,Sidon,6,33.408,-90.208,212,ADM3,Storm
USA,El Monte,7,34.075,-118.037,212,ADM3,Wildfire
BRA,Floresta Azul,6,-14.844,-39.755,212,ADM2,Storm
BRA,Buriti Bravo,6,-5.756,-43.832,212,ADM2,Flood
NGA,Katsina,1,12.236,7.512,212,ADM1,
PHL,Zamboanga City,6,7.131,122.106,211,ADM3,Landslide/Wet mass movement
BFA,Ouahigouya,6,13.581,-2.418,211,ADM3,Flood
PER,Pucacaca,6,-6.85,-76.343,211,ADM3,Flood
NGA,Gabake,2,12.612,6.704,211,ADM3,
PER,San Miguel,6,-7.07,-78.929,210,ADM3,Flood
YEM,Ad Dali' Governorate,1,13.894,44.783,210,ADM1,
ESP,Berlanga del Bierzo,7,42.736,-6.581,210,ADM3,Wildfire
SOM,Tayeeglow,0,3.836,44.529,210,ADM2,
MEX,Oaxaca,6,17.164,-96.283,210,ADM1,Typhoon/Hurricane/Cyclone
ROU,Băcel,6,45.759,25.823,209,ADM3,Flood
USA,Bellflower,7,33.882,-118.117,209,ADM3,Wildfire
NGA,Opalo,6,9.517,11.933,209,ADM3,Flood
MYS,Tongod,6,5.288,116.928,209,ADM3,Flood
USA,San Pedro,7,33.736,-118.292,208,ADM3,Wildfire
NGA,Ningi,6,11.072,9.573,208,ADM3,Mixed disasters
GTM,Municipio de Chimaltenango,6,14.684,-90.828,208,ADM2,Flood
GRC,Keratea,7,37.808,23.977,207,ADM3,Wildfire
PER,Pacaipampa,6,-4.996,-79.668,207,ADM3,Flood
PER,Llochegua,6,-12.41,-73.906,207,ADM3,Flood
COD,Bolobo,2,-2.167,16.233,207,ADM3,
PER,San Juan del Oro,6,-14.22,-69.154,206,ADM3,Flood
GRC,Lafka,7,37.833,22.39,206,ADM3,Wildfire
SOM,Ceel Barde,6,4.674,43.998,206,ADM2,Drought
BDI,Cibitoke,0,-2.847,29.262,206,ADM1,
CYP,Agios Therapon,7,34.798,32.841,206,ADM3,Wildfire
USA,Oceana,6,37.692,-81.624,206,ADM3,Storm
PER,Cortegana,6,-6.513,-78.329,206,ADM3,Flood
BOL,Municipio Sica Sica,6,-17.344,-67.658,205,ADM3,Flood
BOL,Municipio Llallagua,6,-18.364,-66.589,205,ADM3,Flood
COD,Walungu,1,-2.624,28.673,204,ADM3,
GTM,Rabinal,6,15.13,-90.521,204,ADM2,Flood
BDI,Muyira,6,-3.4,29.426,204,ADM3,Storm
RUS,Bashkortostan,6,54.053,56.363,204,ADM1,Flood
PER,Huipoca,6,-8.978,-75.447,204,ADM3,Flood
BHS,Mayaguana,6,22.562,-73.402,203,ADM1,Typhoon/Hurricane/Cyclone
BRA,Lajeado,6,-29.467,-51.961,203,ADM2,Flood
PER,San Juan de Bigote,6,-5.295,-79.744,201,ADM3,Flood
USA,Owensboro,6,37.774,-87.113,201,ADM3,Storm
MYS,Kapit Division,6,2.004,112.936,201,ADM3,Flood
PER,Sivia,6,-12.512,-73.859,201,ADM3,Flood
CYP,Monagri,7,34.809,32.91,201,ADM3,Wildfire
PER,El Porvenir,6,-6.258,-75.883,201,ADM3,Flood
SOM,Jalalaqsi,0,3.403,45.613,201,ADM2,
ZAF,Umlazi,6,-29.952,30.9,200,ADM3,Landslide/Wet mass movement
NZL,Waimakariri District,6,-43.208,172.236,200,ADM2,Flood
BRA,Manga,6,-14.659,-44.126,200,ADM2,Storm
BGD,Sylhet District,6,24.89,91.966,200,ADM2,Flood
MEX,Tianguismanalco,7,19.0,-98.498,200,ADM3,Wildfire
USA,Stonewall,7,30.236,-98.665,200,ADM3,Wildfire
GTM,Cubulco,6,15.153,-90.689,200,ADM2,Flood
IDN,Puruk Cahu,6,-0.648,114.57,200,ADM2,Flood
BRA,Espigão Alto do Iguaçu,6,-25.35,-52.779,200,ADM2,Storm
BRA,Angelim,6,-8.892,-36.277,200,ADM2,Storm
ETH,Basketo Special Woreda,6,6.268,36.57,200,ADM2,Landslide/Wet mass movement
ESP,Navalmoralejo,7,39.743,-5.124,200,ADM3,Wildfire
ESP,Guadalete,6,36.646,-6.057,200,?,Flood
BRA,Pau D'Arco,6,-7.737,-50.124,200,ADM2,Storm
GRC,Ολυμπίας,7,37.974,23.845,200,?,Wildfire
BRA,Rafard,6,-23.033,-47.587,200,ADM2,Flood
GNQ,Lubá,6,3.46,8.554,200,ADM3,Flood
BRA,Rio Novo,6,-21.468,-43.144,200,ADM2,Storm
BRA,Valença,6,-22.24,-43.878,200,ADM2,Hailstorm
CAF,Mobaye,1,4.325,21.178,200,ADM2,
BRA,Rosário do Sul,6,-30.332,-55.067,200,ADM2,Storm
RUS,Kursk,1,51.727,36.192,200,ADM2,
AUS,Dimboola,7,-36.394,142.049,200,ADM3,Wildfire
CMR,Yala Yalta,2,10.954,14.277,200,ADM3,
COD,Bondo,2,-4.095,19.657,200,ADM3,
COD,Cantine,1,0.458,29.244,200,ADM3,
COD,Pinga,1,-0.984,28.702,200,ADM3,
USA,Harold,6,37.537,-82.633,199,ADM3,Storm
GTM,Municipio de Patulul,6,14.372,-91.176,199,ADM2,Flood
USA,Raysal,6,37.343,-81.782,199,ADM3,Storm
BRA,Monção,6,-3.533,-45.307,198,ADM2,Flood
NGA,Gombe,2,10.43,11.207,198,ADM1,
PER,Yamango,6,-5.181,-79.751,197,ADM3,Flood
PER,Colcabamba,6,-12.411,-74.681,197,ADM3,Flood
NGA,Gobio 1,1,12.398,12.831,197,ADM3,
PER,Pallanchacra,6,-10.415,-76.235,197,ADM3,Flood
PER,Palpa,6,-14.534,-75.185,197,ADM3,Flood
PER,Yavari,6,-4.584,-72.493,197,ADM3,Flood
PER,Jacas Chico,6,-9.861,-76.495,197,ADM3,Flood
PER,Ccapi,6,-13.853,-72.082,196,ADM3,Flood
VNM,Tuyen Quang Province,6,22.097,105.17,196,ADM1,Typhoon/Hurricane/Cyclone
BRA,Guajará,6,-7.546,-72.581,196,ADM2,Flood
BRA,Firmino Alves,6,-14.914,-39.912,196,ADM2,Storm
GRC,Μάτι,7,37.82,22.333,196,ADM3,Wildfire
NGA,Kwaren Ganuwa,2,11.933,6.774,196,ADM3,
CHN,Guangdong,6,22.821,114.028,195,ADM1,Flood
USA,Evarts,6,36.865,-83.199,195,ADM3,Storm
ZAF,KwaZulu-Natal,6,-29.011,30.683,195,ADM1,Winter storm/Blizzard
NGA,Garkida,1,10.415,12.566,195,ADM3,
AB9,Abyei,2,9.468,28.463,194,?,
USA,Venice,7,33.994,-118.453,194,ADM3,Wildfire
MYS,Bera Town,6,3.264,102.447,193,ADM3,Flood
USA,Ruidoso Downs,6,33.329,-105.604,191,ADM3,Flood
BRA,Ipatinga,6,-19.439,-42.606,191,ADM2,Storm
CAN,Lac la Plonge,7,55.117,-107.283,190,?,Wildfire
USA,La Puente,7,34.028,-117.953,190,ADM3,Wildfire
PER,Santa Cruz,6,-14.453,-75.239,190,ADM3,Flood
PER,San Marcos,6,-9.524,-77.157,190,ADM3,Flood
USA,Napa,7,38.51,-122.325,190,ADM2,Wildfire
USA,Valley Grove,6,40.088,-80.57,189,ADM3,Flood
HND,Puerto Cortés,6,15.845,-87.944,189,ADM1,Flood
PER,Punchana,6,-3.511,-73.488,189,ADM3,Storm
USA,Oak Vale,6,31.439,-89.965,189,ADM3,Storm
IDN,Sambas,6,1.361,109.305,189,ADM2,Flood
NGA,gyawana maternity clinic,6,9.571,11.884,189,ADM3,Flood
GTM,Purulhá,6,15.216,-90.021,188,ADM2,Landslide/Wet mass movement
MYS,Saratok,6,1.741,111.337,188,ADM3,Flood
GTM,San Juan Bautista,6,14.393,-91.22,188,ADM2,Flood
BRA,Arari,6,-3.609,-44.766,188,ADM2,Storm
IDN,Donggala Regency,6,-1.043,119.674,188,ADM2,Flood
VNM,Điện Biên Province,6,21.72,103.284,188,ADM1,Flood
GTM,Municipio de Nuevo San Carlos,6,14.618,-91.691,188,ADM2,Flood
NGA,Duhu/ Shuwa,1,10.764,13.44,187,ADM3,
COL,Ciénaga,6,11.005,-74.25,187,ADM2,Flood
SLV,El Rosario,6,13.866,-88.211,187,ADM2,Dry mass movement
NGA,Karena,6,9.25,12.404,187,ADM3,Flood
PER,Pítipo,6,-6.566,-79.781,187,ADM3,Flood
PAN,Chiriquí,6,8.14,-82.26,187,ADM1,Typhoon/Hurricane/Cyclone
BRA,Simões Filho,6,-12.778,-38.382,187,ADM2,Storm
USA,Baldwin Park,7,34.085,-117.961,187,ADM3,Wildfire
NGA,Tsauri B,2,12.758,7.451,186,ADM3,
IDN,Luwu Utara,6,-2.595,120.256,186,ADM2,Flood
BOL,Municipio Villa Azurduy,6,-20.157,-64.447,186,ADM3,Hailstorm
NGA,Baga,1,13.096,13.822,186,ADM3,
SOM,Badhaadhe,0,-1.033,41.498,186,ADM2,
MLI,Ménaka,1,15.917,2.4,186,ADM2,
PHL,Itogon,6,16.36,120.678,185,ADM3,Landslide/Wet mass movement
GRC,Dryofyto,7,39.269,20.883,185,ADM3,Wildfire
MYS,Sibu Division,6,2.291,111.826,185,?,Flood
PHL,Kibawe,6,7.568,124.99,185,ADM3,Storm
COL,Arboleda,6,1.498,-77.136,184,ADM2,Landslide/Wet mass movement
USA,Chefornak,6,60.158,-164.28,184,ADM3,Flood
NGA,Futchimiram,1,12.727,12.412,184,ADM3,
USA,Nightmute,6,60.479,-164.724,183,ADM3,Flood
UKR,Sumy,1,50.901,34.809,183,ADM3,
BRA,Restinga Sêca,6,-29.827,-53.34,183,ADM2,Storm
ETH,South Wollo,6,10.934,39.277,183,ADM2,Landslide/Wet mass movement
USA,Calhoun,6,37.539,-87.258,182,ADM3,Storm
USA,Reed,6,37.851,-87.354,182,ADM3,Storm
USA,Inez,6,37.866,-82.539,181,ADM3,Storm
NGA,Adamawa,1,9.651,12.971,181,ADM3,
USA,Jacksonville,6,34.867,-92.127,181,ADM3,Flood
BRA,Pareci Novo,6,-29.612,-51.427,181,ADM2,Storm
ESP,Soto y Amío,7,42.78,-5.851,181,ADM3,Wildfire
USA,Napaskiak,6,60.708,-161.766,181,ADM3,Flood
CMR,Northwest,2,6.433,10.47,180,ADM1,
GRC,Municipality of Papagos - Cholargos,7,37.991,23.805,180,ADM2,Wildfire
UGA,Lwengo,6,-0.437,31.441,180,ADM3,Storm
UGA,Bulambuli,6,1.358,34.28,180,ADM2,Flood
PER,Tantara,6,-13.074,-75.645,180,ADM3,Flood
MYS,Simunjan,6,1.395,110.751,180,ADM3,Flood
PER,Arahuay,6,-11.621,-76.67,180,ADM3,Flood
PER,Tarapoto,6,-6.488,-76.36,180,ADM3,Flood
ECU,Zamora,6,-4.004,-78.958,180,ADM2,Flood
ESP,Soto de Viñuelas,7,40.611,-3.688,180,ADM3,Wildfire
ESP,Escalona,6,40.167,-4.404,180,ADM3,Flood
MYS,Jelebu,6,3.086,102.093,180,ADM3,Flood
IDN,Gresik,6,-7.157,112.656,180,ADM2,Flood
BDI,Ruziba,6,-3.463,29.354,179,ADM3,Flood
NGA,Gavva / Agapalwa,1,11.1,13.833,179,ADM3,
BOL,Municipio El Puente,6,-16.113,-63.486,179,ADM3,Flood
IDN,Yalimo,2,-3.789,139.466,178,ADM3,
ARG,Zárate,6,-34.096,-59.024,177,ADM3,Flood
CYP,Koilani,7,34.844,32.86,177,ADM3,Wildfire
BRA,Vitória do Xingu,6,-3.22,-51.885,177,ADM2,Storm
NGA,Zakirai,2,12.095,8.894,176,ADM3,
PER,Aurahuá,6,-13.035,-75.57,176,ADM3,Flood
PER,Santiago de Challas,6,-8.433,-77.365,176,ADM3,Flood
USA,Elsa,6,26.293,-97.993,176,ADM3,Flood
MMR,Bago Region,6,18.159,96.294,176,ADM1,Earthquake
BRA,São Francisco,6,-15.961,-44.854,176,ADM2,Storm
NGA,Mbater,2,7.574,9.434,176,ADM3,
YEM,Hajjah Governorate,7,16.091,42.827,175,ADM1,Wildfire
MEX,Jaumave,6,23.472,-99.426,175,ADM3,Storm
IRQ,Saladin,1,34.658,43.584,174,ADM1,
MYS,Dalat,6,2.741,111.939,174,ADM3,Flood
IRQ,Baghdad,6,33.32,44.413,174,ADM3,Drought
USA,Lakewood,7,33.85,-118.117,174,ADM3,Wildfire
PER,Pulán,6,-6.739,-78.92,174,ADM3,Flood
COL,Puerto Escondido,6,8.995,-76.194,173,ADM2,Drought
PER,Marco,6,-11.74,-75.561,173,ADM3,Flood
GRC,Neos Gorgomylos,7,39.335,20.923,173,ADM3,Wildfire
SOM,Kurtunwaarey,6,1.675,44.067,173,ADM2,Drought
BRA,Coqueiro Seco,6,-9.647,-35.809,172,ADM2,Storm
BRA,São João da Barra,6,-21.737,-41.095,172,ADM2,Erosion
MYS,Teluk Datok,6,2.819,101.526,172,ADM3,Storm
BRA,Estrela,6,-29.487,-51.954,172,ADM2,Storm
GRC,Achlia,7,35.027,25.89,172,ADM3,Wildfire
NGA,Yashi,2,12.172,5.652,171,ADM3,
BRA,Santa Cruz do Sul,6,-29.615,-52.411,171,ADM2,Flood
PER,Tapuc,6,-10.419,-76.468,171,ADM3,Flood
PER,Punchao,6,-9.462,-76.82,170,ADM3,Flood
BGD,Noakhali District,6,22.531,91.178,170,ADM2,Flood
SOM,Wanla Weyn,6,2.792,44.906,170,ADM2,Drought
BRA,Queimada Nova,6,-8.54,-41.248,170,ADM2,Drought
MEX,Culiacán,2,24.798,-107.393,170,ADM3,
ARG,Corrientes,6,-27.527,-58.766,170,ADM3,Flood
BRA,Goiabeira,6,-19.03,-41.227,169,ADM2,Storm
AGO,Muconda,6,-10.592,21.318,169,ADM3,Flood
IRQ,Maysan,6,31.996,47.036,168,ADM1,Drought
UGA,Kiryandongo,7,1.994,32.05,168,ADM1,Wildfire
USA,Rives,6,36.356,-89.048,168,ADM3,Storm
NAM,Opuwo,6,-18.056,13.837,168,ADM3,Flood
CYP,Vasa,7,34.802,33.214,168,ADM3,Wildfire
MYS,Pasir Puteh,6,5.841,102.404,167,ADM2,Flood
BRA,Ulianópolis,6,-3.812,-47.501,167,ADM2,Storm
ESP,Pantón,7,42.509,-7.642,166,ADM3,Wildfire
USA,Matewan,6,37.622,-82.163,166,ADM3,Storm
PER,Queropalca,6,-10.182,-76.805,166,ADM3,Flood
JPN,Oita Prefecture,6,33.112,131.689,166,ADM1,Flood
PER,Pichos,6,-12.236,-74.939,166,ADM3,Flood
NGA,Kuva-Gaya,1,10.432,13.003,166,ADM3,
BRA,Irupi,6,-20.327,-41.66,165,ADM2,Storm
CRI,Cantón Santa Cruz,6,10.236,-85.67,165,ADM2,Flood
ESP,Orellán,7,42.466,-6.747,165,ADM3,Wildfire
USA,Las Cruces,6,32.314,-106.78,165,ADM3,Flood
MYS,Bandar Baru Bangi,6,2.96,101.759,165,ADM3,Flood
MEX,San José del Cabo,6,23.06,-109.703,165,ADM3,Typhoon/Hurricane/Cyclone
NGA,Shelmi / Sukur/ Vapura,1,10.781,13.555,164,ADM3,
USA,Harrodsburg,6,37.762,-84.843,164,ADM3,Storm
GRC,Agios Sostis,7,38.322,21.366,164,?,Wildfire
USA,Glendora,7,34.136,-117.865,164,ADM3,Wildfire
BRA,Balneário Barra do Sul,6,-26.419,-48.651,163,ADM2,Storm
USA,Cudahy,6,42.96,-87.861,163,ADM3,Flood
NGA,Felo,1,12.606,12.948,163,ADM3,
USA,Mabelvale,6,34.655,-92.387,163,ADM3,Flood
IRQ,Diyala,1,34.116,44.927,162,ADM1,
COL,Valencia,6,8.234,-76.214,162,ADM2,Storm
NGA,Dong,2,9.402,11.916,162,ADM3,
TWN,Taipei,6,25.086,121.564,162,ADM3,Typhoon/Hurricane/Cyclone
BRA,Cerro Branco,6,-29.634,-52.987,162,ADM2,Storm
YEM,Sana'a Governorate,1,15.139,44.108,161,ADM1,
USA,Paintsville,6,37.815,-82.807,161,ADM3,Storm
SSD,Kodok Town,1,9.887,32.111,161,ADM3,
BRA,Mantena,6,-18.686,-41.108,160,ADM2,Storm
NGA,Mbatula/Mberev,2,7.426,9.846,160,ADM3,
PER,Córdova,6,-14.008,-75.158,160,ADM3,Flood
BOL,Municipio Quime,6,-16.896,-67.3,159,ADM3,Flood
PER,Pachacútec,6,-14.154,-75.655,159,ADM3,Flood
NGA,Yobe,2,11.974,11.524,159,ADM1,
PER,Yuracyacu,6,-5.931,-77.226,159,ADM3,Flood
AGO,Cuilo,6,-8.237,19.525,159,ADM3,Flood
BGD,Dighinala,6,23.243,92.067,158,ADM3,Flood
GTM,Municipio de Jalapa,6,14.633,-90.033,158,ADM2,Flood
USA,South Gate,7,33.946,-118.201,158,ADM3,Wildfire
GRC,Theriano,7,38.138,21.631,158,ADM3,Wildfire
BDI,Mukungu,6,-4.214,29.566,157,ADM3,Storm
NGA,Nzorov,2,7.885,8.947,157,ADM3,
BDI,Bubanza,6,-3.085,29.395,157,ADM3,Storm
CAF,Abba,1,5.331,15.151,156,ADM2,
IDN,Tanah Abang,6,-6.205,106.81,156,ADM2,Flood
USA,Jonesboro,6,35.835,-90.705,156,ADM3,Flood
CAF,Yaloke,1,5.317,17.102,156,ADM2,
NGA,Wagini,6,12.688,7.196,156,ADM3,Mixed disasters
USA,Carrollton,6,38.681,-85.179,156,ADM3,Storm
IDN,South Tangerang,6,-6.296,106.712,156,ADM2,Flood
URY,Salto,6,-31.306,-57.063,156,ADM1,Flood
CYP,Vouni,7,34.824,32.834,155,ADM3,Wildfire
GTM,San José El Ídolo,6,14.45,-91.422,155,ADM2,Storm
COD,Kwamouth,2,-3.182,16.204,155,ADM3,
BDI,Bukeye,6,-4.347,29.629,155,ADM3,Flood
PER,Chupamarca,6,-13.038,-75.61,155,ADM3,Flood
USA,Culver City,7,34.021,-118.397,154,ADM3,Wildfire
VNM,Dong Thap Province,6,10.554,105.653,154,ADM1,Storm
USA,Bradshaw,6,37.352,-81.799,154,ADM3,Storm
USA,Langley,6,37.532,-82.791,154,ADM3,Storm
BOL,Municipio Oruro,6,-17.979,-67.097,153,ADM3,Hailstorm
UGA,Apac,6,1.917,32.648,153,ADM1,Storm
BRA,Paraty,6,-23.148,-44.706,153,ADM2,Flood
BOL,Municipio Tipuani,6,-15.584,-68.057,153,ADM3,Flood
USA,South Milwaukee,6,42.911,-87.861,153,ADM3,Flood
PER,Ocobamba,6,-13.483,-73.56,152,ADM3,Mixed disasters
COL,Támara,6,5.83,-72.163,152,ADM2,Flood
BRA,Fama,6,-21.468,-45.82,152,ADM2,Storm
BRA,Mirinzal,6,-2.048,-44.774,152,ADM2,Flood
PER,Yauca del Rosario,6,-14.091,-75.421,152,ADM3,Flood
USA,Oak Grove,6,36.665,-87.443,151,ADM3,Storm
HTI,Nord-Ouest Department,6,19.786,-73.099,151,ADM1,Mixed disasters
PER,Umari,6,-9.873,-76.026,151,ADM3,Flood
USA,Topmost,6,37.362,-82.789,151,ADM3,Storm
IDN,Jember,6,-8.169,113.702,151,ADM2,Flood
GTM,La Esperanza,6,14.869,-91.571,151,ADM2,Flood
ITA,Orosei,7,40.404,9.729,150,ADM3,Wildfire
ITA,Cataeggio,6,46.213,9.637,150,ADM3,Landslide/Wet mass movement
ESP,Igüeña,7,42.736,-6.244,150,ADM3,Wildfire
IDN,Kolonodale,6,-1.984,121.338,150,ADM2,Flood
SSD,Morobo,2,3.685,30.775,150,ADM3,
MEX,Pantelhó,2,17.051,-92.455,150,ADM3,
PRT,Ponte da Barca,7,41.806,-8.323,150,ADM3,Wildfire
UKR,Fastiv,1,50.074,29.915,150,ADM3,
ITA,Borgosesia,6,45.736,8.26,150,ADM3,Landslide/Wet mass movement
SOM,Hobyo,0,5.971,48.205,150,ADM2,
NGA,Ngoshe,1,11.133,13.794,149,ADM3,
PER,Puerto Inca,6,-9.34,-74.898,149,ADM3,Flood
PER,Sullana,6,-4.904,-80.685,149,ADM3,Flood
KOR,Gyeongsangbuk-do,6,36.418,128.784,149,ADM1,Flood
PER,Chachapoyas,6,-6.229,-77.871,149,ADM3,Dry mass movement
ARG,Municipio de San Lorenzo,6,-28.144,-58.734,148,ADM3,Flood
KOR,Gimhae-si,7,35.272,128.862,148,ADM2,Wildfire
GRC,Βατοπεδίου,7,38.001,23.958,148,ADM3,Wildfire
ALB,Gramsh,7,40.866,20.197,148,ADM3,Wildfire
PHL,Tapaz,1,11.254,122.449,147,ADM3,
GTM,Municipio de Esquipulas,6,14.614,-89.27,147,ADM2,Flood
LKA,Walapane,6,7.096,80.862,147,ADM3,Landslide/Wet mass movement
IDN,Sukadana,6,-5.047,105.525,147,ADM2,Tornado
USA,Seminary,6,31.562,-89.498,147,ADM3,Storm
PER,Sandia,6,-14.321,-69.465,147,ADM3,Flood
IDN,Buol,6,0.996,121.569,147,ADM2,Flood
PHL,Pigcawayan,6,7.279,124.424,147,ADM3,Flood
MYS,Alor Gajah,6,2.384,102.159,146,ADM2,Flood
SYR,Tartus,1,34.944,36.074,146,ADM1,
NGA,Babban Duhu B,2,12.646,7.133,146,ADM3,
NGA,Timdore,6,8.535,11.98,146,ADM3,Flood
IDN,Langkat,6,3.829,98.248,145,ADM2,Tornado
PER,Putinza,6,-12.663,-75.911,145,ADM3,Flood
USA,Vine Grove,6,37.81,-85.981,145,ADM3,Storm
PER,Belén,6,-3.849,-73.252,145,ADM3,Flood
SOM,Cadale,6,3.091,46.264,145,ADM2,Drought
USA,Hindman,6,37.335,-82.981,145,ADM3,Storm
PER,Canchaque,6,-5.376,-79.606,145,ADM3,Flood
GRC,Agios Stefanos,7,38.113,21.647,145,ADM3,Wildfire
TWN,Yunlin County,6,23.634,120.273,145,ADM2,Typhoon/Hurricane/Cyclone
NGA,Dan' Isa,2,12.337,6.761,144,ADM3,
USA,Monterey Park,7,34.052,-118.13,144,ADM3,Wildfire
USA,Rancho Palos Verdes,7,33.748,-118.371,144,ADM3,Wildfire
NGA,Lokuwa,1,10.281,13.295,144,ADM3,
TUR,Karabük,7,41.204,32.522,144,ADM1,Wildfire
BRA,Faria Lemos,6,-20.783,-42.028,143,ADM2,Storm
BRA,Santa Leopoldina,6,-20.12,-40.573,143,ADM2,Storm
JPN,Saijo,7,33.88,133.107,143,ADM3,Wildfire
BDI,Vugizo,6,-3.302,29.399,143,ADM3,Flood
GTM,Livingston,6,15.827,-88.751,143,ADM2,Flood
USA,Hagerhill,6,37.786,-82.793,143,ADM3,Storm
PER,Cielo Punco,6,-12.798,-73.553,142,ADM3,Flood
USA,Butler,6,43.105,-88.07,142,ADM3,Flood
NGA,Samawa,2,12.239,6.757,142,ADM3,
ESP,Elx / Elche,6,38.236,-0.669,142,ADM3,Landslide/Wet mass movement
PER,El Porvenir,6,-8.052,-79.002,142,ADM3,Flood
NGA,Wula,1,10.762,13.619,142,ADM3,
NGA,Bare,1,9.595,12.045,142,ADM3,
PER,Anco_Huallo,6,-13.544,-73.669,141,ADM3,Storm
BRA,Leopoldina,6,-21.535,-42.645,141,ADM2,Storm
BRA,Barcelos,6,-0.393,-63.537,141,ADM2,Flood
PER,Locroja,6,-12.74,-74.442,141,ADM3,Flood
NGA,Mbalala,1,10.761,12.836,141,ADM3,
CYP,Pera Pedi,7,34.861,32.874,141,ADM3,Wildfire
PER,Jamalca,6,-5.894,-78.238,141,ADM3,Flood
BOL,Municipio Pucarani,6,-16.371,-68.332,140,ADM3,Hailstorm
BRA,Vicência,6,-7.656,-35.391,140,ADM2,Storm
USA,Rosemead,7,34.081,-118.073,140,ADM3,Wildfire
BIH,City of Prijedor,6,44.947,16.747,140,ADM3,Flood
KOR,Busan,6,35.064,128.989,140,ADM1,Flood
ARG,Laguna Blanca,6,-26.633,-66.917,140,?,Storm
LBN,Jbeil District,1,34.135,35.822,140,ADM2,
UGA,Bubeke,6,-0.333,32.57,139,ADM3,Storm
NGA,Kwarhi,6,10.316,13.116,139,ADM3,Flood
PER,Huacar,6,-10.204,-76.277,139,ADM3,Flood
USA,Marina del Rey,7,33.982,-118.454,139,ADM3,Wildfire
USA,Jayess,6,31.365,-90.206,139,ADM3,Storm
IDN,Kerinci,6,-1.325,102.012,139,ADM2,Tornado
USA,Allen,6,37.611,-82.728,139,ADM3,Storm
NGA,Katsina,6,12.982,7.622,138,ADM3,Mixed disasters
BDI,Nyamitanga,6,-3.086,29.278,138,ADM3,Flood
USA,Wooton,6,37.179,-83.302,138,ADM3,Storm
COL,Fuente de Oro,6,3.342,-73.63,138,ADM2,Flood
SSD,Maruko,2,5.083,28.825,138,ADM3,
NGA,Malumfashi B,2,11.793,7.595,138,ADM3,
BTN,Phuntsholing,6,26.864,89.384,138,ADM3,Flood
UGA,Kyamuswa,6,-0.693,32.375,138,ADM3,Storm
LBN,Western Beqaa District,1,33.591,35.729,138,ADM2,
MEX,Tecate,7,32.436,-116.274,137,ADM3,Wildfire
BOL,Municipio Riberalta,6,-11.347,-66.003,137,ADM3,Flood
USA,Malvern,6,34.362,-92.812,137,ADM3,Flood
USA,Mesquite,6,32.165,-106.697,137,ADM3,Flood
USA,Dyersburg,6,36.035,-89.386,137,ADM3,Storm
MEX,Ajolotla,6,19.853,-98.126,136,ADM3,Flood
GRC,Girokomeio,7,38.235,21.769,136,?,Wildfire
USA,Mississippi,6,32.571,-89.722,136,ADM1,Tornado
GTM,Antigua Guatemala,6,14.557,-90.734,136,ADM2,Earthquake
SOM,Sablaale,0,1.439,43.638,136,ADM2,
IDN,Magelang,6,-7.477,110.218,136,ADM2,Tornado
NGA,Zurmi,2,12.851,6.769,135,ADM3,
IDN,Serdang Bedagai,6,3.593,99.158,135,ADM2,Tornado
GTM,Fraijanes,6,14.462,-90.439,135,ADM2,Landslide/Wet mass movement
BDI,Ruziba,6,-2.699,29.088,135,ADM3,Flood
AZE,Baku,6,40.147,49.656,135,ADM1,Flood
PER,San Pedro,6,-14.767,-74.098,135,ADM3,Flood
PER,District of Corrales,6,-3.598,-80.514,135,ADM3,Flood
JPN,Kagoshima Prefecture,6,31.456,130.228,135,ADM1,Typhoon/Hurricane/Cyclone
LKA,Ampara,6,7.291,81.672,135,ADM3,Flood
BRA,São João do Manteninha,6,-18.74,-41.157,135,ADM2,Storm
GRC,Asprochori,7,38.277,23.751,135,ADM3,Wildfire
PER,Mórrope,6,-6.512,-80.141,135,ADM3,Flood
ECU,Yantzaza,6,-3.841,-78.761,135,ADM3,Flood
USA,Stinnett,6,37.09,-83.395,135,ADM3,Storm
COL,Sabaneta,6,6.138,-75.609,134,ADM2,Flood
USA,Beattyville,6,37.572,-83.707,134,ADM3,Storm
SWZ,Hhohho,6,-26.102,31.364,134,ADM1,Flood
NGA,Gora,2,12.445,6.72,134,ADM3,
GRC,Atheras,7,38.318,20.417,134,ADM3,Wildfire
GTM,Siquinalá,6,14.308,-90.966,133,ADM2,Flood
PHL,Pantukan,6,7.131,125.897,133,ADM3,Flood
MEX,Tototlán,6,20.537,-102.749,133,ADM3,Flood
KOR,Chungcheongnam-do,6,36.537,126.241,133,ADM1,Flood
BRA,Cruzeiro do Sul,6,-29.567,-52.03,133,ADM2,Storm
BRA,Cristália,6,-16.725,-42.819,133,ADM2,Storm
NGA,Daksiri Center,1,10.142,12.927,133,ADM3,
BDI,Muramba,6,-3.016,29.382,133,ADM3,Flood
IDN,Bengkulu,6,-3.999,101.837,133,ADM1,Earthquake
IRQ,Kirkuk,1,35.257,44.159,132,ADM1,
CAF,Bakouma,1,5.698,22.785,132,ADM2,
LKA,Nuwara Eliya,6,6.974,80.767,132,ADM3,Landslide/Wet mass movement
BRA,Monte Carlo,6,-27.187,-50.921,132,ADM2,Storm
PER,Raymondi,6,-10.646,-73.291,132,ADM3,Storm
USA,Acton,7,34.47,-118.197,132,ADM3,Wildfire
BDI,Mutimbuzi,6,-3.29,29.327,132,ADM3,Flood
GRC,Stymfalia,7,37.872,22.469,131,ADM3,Wildfire
PER,Buldibuyo,6,-8.127,-77.395,131,ADM3,Flood
PER,Jayanca,6,-6.392,-79.823,131,ADM3,Flood
COL,San Francisco,6,1.112,-76.84,131,ADM2,Flood
NGA,Kirawa/Jimini,1,11.263,13.891,131,ADM3,
BDI,Magara,6,-3.704,29.331,131,ADM3,Flood
BDI,Nyanza,6,-4.316,29.604,131,ADM3,Storm
BRA,Bom Jardim,6,-3.542,-45.609,130,ADM2,Storm
KOR,Yangyang-gun,7,38.057,128.722,130,ADM2,Wildfire
BRA,Sapucaia do Sul,6,-29.818,-51.155,130,ADM2,Storm
USA,Tempe,6,33.39,-111.929,130,ADM3,Storm
PER,Ticrapo,6,-13.382,-75.432,130,ADM3,Flood
USA,Redondo Beach,7,33.849,-118.388,130,ADM3,Wildfire
GRC,Achaiko,7,38.123,21.6,130,ADM3,Wildfire
BOL,Municipio Chuma,6,-15.583,-68.856,130,ADM3,Hailstorm
GRC,Λαυρίου,7,38.063,23.74,130,?,Wildfire
UKR,Pokrovsk Municipality,1,48.31,37.17,129,ADM2,
USA,Rumsey,6,37.532,-87.258,129,ADM3,Storm
GTM,Gualán,6,15.149,-89.315,129,ADM2,Flood
PER,Jaén,6,-5.709,-78.808,129,ADM3,Flood
ECU,Azuay,6,-3.052,-79.24,129,ADM1,Flood
PHL,Koronadal,6,6.5,124.844,129,ADM3,Flood
PER,Sepahua,6,-11.138,-73.045,128,ADM3,Flood
USA,Ruidoso,6,33.461,-105.54,128,ADM3,Flood
BDI,Giteranyi,6,-2.508,30.459,128,ADM3,Flood
PER,Irazola,6,-8.924,-75.254,128,ADM3,Dry mass movement
PER,Bellavista,6,-5.666,-78.679,128,ADM3,Flood
PER,Tate,6,-14.152,-75.704,128,ADM3,Flood
IDN,Manggar,6,-2.867,108.276,128,ADM2,Flood
GRC,Romia,7,39.22,20.852,128,ADM3,Wildfire
PER,Pacucha,6,-13.598,-73.309,128,ADM3,Flood
NGA,Dalori / Wanori,1,11.752,13.284,127,ADM3,
COL,Cartagena del Chairá,6,0.852,-74.606,127,ADM2,Flood
BRA,Astolfo Dutra,6,-21.304,-42.882,127,ADM2,Storm
USA,Lynco,6,37.698,-81.677,127,ADM3,Storm
USA,Melvin,6,37.351,-82.695,127,ADM3,Storm
GRC,Ktismata,7,39.899,20.398,127,ADM3,Wildfire
USA,San Marino,7,34.121,-118.106,126,ADM3,Wildfire
USA,Osyka,6,31.008,-90.473,126,ADM3,Storm
PER,La Coipa,6,-5.393,-78.906,126,ADM3,Flood
USA,Duck Hill,6,33.633,-89.711,126,ADM3,Storm
BRA,Caucaia,6,-3.729,-38.657,126,ADM2,Storm
NGA,Daye,6,11.701,11.132,126,ADM3,Mixed disasters
USA,Falmouth,6,38.677,-84.33,125,ADM3,Storm
GTM,San Antonio Suchitepéquez,6,14.539,-91.416,125,ADM2,Storm
USA,Meyersdale,6,39.813,-79.027,125,ADM3,Flood
SDN,AD Damazin,6,11.565,33.566,125,ADM2,Flood
AUT,Gschnitz,6,47.021,11.306,125,ADM3,Landslide/Wet mass movement
GRC,Pournari,7,37.686,21.58,125,ADM3,Wildfire
USA,Brimson,7,47.277,-91.867,125,ADM3,Wildfire
BRA,Marechal Deodoro,6,-9.709,-35.903,125,ADM2,Storm
TZA,Namanyere,6,-7.508,31.047,125,ADM3,Storm
PER,Vilcabamba,6,-10.536,-76.448,125,ADM3,Flood
GTM,Mazatenango,6,14.534,-91.506,125,ADM2,Storm
BRA,São José do Norte,6,-31.801,-51.762,125,ADM2,Flood
USA,Busy,6,37.278,-83.29,124,ADM3,Storm
USA,Oak Creek,6,42.886,-87.863,124,ADM3,Flood
CHN,Dujiang,6,25.938,108.092,124,ADM3,Landslide/Wet mass movement
PER,Elías Soplín Vargas,6,-6.043,-77.301,124,ADM3,Flood
RUS,Aksay,1,47.269,39.861,124,ADM3,
USA,Winchester,6,37.99,-84.18,124,ADM3,Storm
PER,Chincho,6,-12.973,-74.367,124,ADM3,Flood
BRA,Cuiabá,6,-15.419,-55.89,124,ADM2,Flood
UKR,Krasnopillia Raion,1,50.8,35.238,124,ADM2,
BDI,Mugondo,6,-3.687,30.2,123,ADM3,Flood
USA,Bethel,6,60.792,-161.756,123,ADM3,Flood
NGA,Palam,1,10.691,13.495,123,ADM3,
PER,Huánuco,6,-9.929,-76.239,122,ADM3,Flood
IDN,Sigi Regency,6,-1.462,119.93,122,ADM2,Flood
PER,Huando,6,-12.564,-74.947,122,ADM3,Flood
BRA,Brusque,6,-27.113,-48.904,122,ADM2,Storm
USA,Mouthcard,6,37.384,-82.255,122,ADM3,Storm
USA,Benton,6,34.569,-92.585,121,ADM3,Flood
PER,Pucayacu,6,-8.749,-76.121,121,ADM3,Flood
PER,Querobamba,6,-14.011,-73.839,121,ADM3,Flood
CAF,Nola,1,3.522,16.054,121,ADM2,
USA,Oneida,6,37.27,-83.649,121,ADM3,Storm
PER,Huaranchal,6,-7.69,-78.443,121,ADM3,Flood
NGA,G/Baure/Mallamawa,2,12.789,8.789,121,ADM3,
BRA,Barreiros,6,-8.81,-35.239,121,ADM2,Storm
PER,Acolla,6,-11.731,-75.546,121,ADM3,Flood
BOL,Trinidad,6,-14.835,-64.904,120,ADM3,Flood
BRA,Marechal Thaumaturgo,6,-9.19,-72.569,120,ADM2,Flood
PER,Churcampa,6,-12.739,-74.388,120,ADM3,Flood
GTM,Sacapulas,6,15.265,-91.135,120,ADM2,Flood
NGA,Gamboru B,1,12.376,14.191,120,ADM3,
PHL,Esperanza,1,8.634,125.499,120,ADM3,
NGA,Bardoki,2,11.918,5.106,120,ADM3,
COL,Montecristo,6,7.996,-74.458,120,ADM2,Landslide/Wet mass movement
GTM,Municipio de San Pedro Carchá,6,15.568,-90.182,120,ADM2,Landslide/Wet mass movement
ARG,Departamento Vera,6,-29.085,-60.538,120,ADM2,Flood
BRA,Dom Silvério,6,-20.127,-42.947,119,ADM2,Storm
GRC,Galini,7,35.024,25.878,119,ADM3,Wildfire
USA,Lebanon Junction,6,37.835,-85.732,119,ADM3,Storm
USA,Playa Vista,7,33.979,-118.414,119,ADM3,Wildfire
NGA,Bukkuyum,2,12.137,5.469,119,ADM3,
GTM,Colomba Costa Cuca,6,14.708,-91.732,119,ADM2,Flood
USA,Pilot Station,6,61.939,-162.875,119,ADM3,Flood
NGA,Kente,2,7.897,9.486,119,ADM3,
USA,Printer,6,37.53,-82.746,119,ADM3,Storm
ZAF,Ngaka Modiri Molema District Municipality,6,-25.802,25.754,118,ADM2,Flood
NGA,Mbadwem,1,8.019,8.726,118,ADM3,
NGA,Damboa,1,11.156,12.757,118,ADM3,
USA,Wayland,6,37.445,-82.805,118,ADM3,Storm
IDN,Sula Islands,6,-1.831,124.83,118,ADM2,Flood
USA,Montebello,7,34.016,-118.112,118,ADM3,Wildfire
PER,Tomas,6,-12.238,-75.746,118,ADM3,Flood
GTM,Nentón,6,15.909,-91.712,118,ADM2,Flood
TWN,Nantou County,6,23.841,120.933,117,ADM2,Typhoon/Hurricane/Cyclone
PER,Daniel Hernández,6,-12.355,-74.831,117,ADM3,Flood
PER,Chavinillo,6,-9.859,-76.608,117,ADM3,Flood
USA,Stopover,6,37.516,-82.091,117,ADM3,Storm
MEX,El Tejocote (Iglesia Vieja),2,17.437,-99.529,117,ADM3,
BOL,Municipio Ravelo,6,-18.755,-65.574,117,ADM3,Flood
PER,Vilcabamba,6,-13.12,-72.977,116,ADM3,Dry mass movement
USA,Berwind,6,37.269,-81.667,116,ADM3,Storm
COL,San Pedro,6,9.399,-75.035,116,ADM2,Storm
CAN,Jans Bay,7,55.148,-108.126,116,ADM3,Wildfire
USA,Nicholasville,6,37.881,-84.573,116,ADM3,Storm
ESP,O Bolo,7,42.291,-7.097,116,ADM3,Wildfire
CRI,Cantón San Carlos,6,10.62,-84.426,116,ADM2,Flood
USA,Hi Hat,6,37.392,-82.729,115,ADM3,Storm
KOR,Muju-gun,7,35.928,127.716,115,ADM2,Wildfire
MEX,Buenavista,2,19.215,-102.555,115,ADM3,
PER,Huaccana,6,-13.388,-73.69,115,ADM3,Flood
USA,Bell Gardens,7,33.969,-118.15,115,ADM3,Wildfire
PER,El Cenepa,6,-4.045,-78.356,115,ADM3,Flood
PER,Puerto Bermúdez,6,-10.296,-74.937,115,ADM3,Flood
USA,Viper,6,37.183,-83.148,115,ADM3,Storm
USA,Fort Oglethorpe,6,34.952,-85.244,115,ADM3,Flood
GBR,Didsbury,6,53.417,-2.232,115,ADM3,Flood
BRA,Andorinha,6,-10.222,-39.864,115,ADM2,Storm
GBR,Bromsgrove,7,52.335,-2.06,115,ADM3,Wildfire
NGA,Yola South,6,9.258,12.408,115,ADM3,Flood
GTM,San Lorenzo,6,14.279,-91.526,114,ADM2,Flood
PER,Salcahuasi,6,-12.104,-74.752,114,ADM3,Flood
BDI,Kavomo,6,-2.551,30.119,114,ADM3,Storm
USA,Peñitas,6,26.231,-98.445,114,ADM3,Flood
BOL,Municipio Aucapata,6,-15.44,-68.691,114,ADM3,Flood
USA,Mallie,6,37.301,-82.909,114,ADM3,Storm
SOM,Doolow,6,4.003,42.141,114,ADM2,Drought
BRA,Barra,6,-11.09,-43.139,114,ADM2,Drought
PER,Huachocolpa,6,-12.048,-74.595,114,ADM3,Flood
BRA,Santa Luzia,6,-19.735,-43.826,114,ADM2,Storm
BDI,Kanyosha,6,-3.433,29.36,113,ADM3,Flood
SOM,Badhan,0,10.714,48.336,113,ADM2,
USA,Lynwood,7,33.925,-118.202,113,ADM3,Wildfire
PAN,Colón,6,9.219,-79.806,113,ADM2,Flood
GRC,Zifias,7,38.328,26.079,113,ADM3,Wildfire
USA,Pico Rivera,7,33.983,-118.097,113,ADM3,Wildfire
USA,Bartley,6,37.341,-81.738,113,ADM3,Storm
GRC,Mandrotopos,7,39.347,20.562,112,ADM3,Wildfire
NGA,Plateau,2,9.376,9.63,112,ADM1,
CAN,Ile-à-la-Crosse,7,55.433,-107.897,112,ADM3,Wildfire
USA,Paramount,7,33.889,-118.16,112,ADM3,Wildfire
IDN,Asahan,6,3.096,99.891,112,ADM2,Flood
IDN,Tanjung Selor,6,2.847,117.365,112,ADM2,Flood
MEX,Jesús Carranza,6,17.388,-94.91,112,ADM3,Flood
BRA,Lagoa do Barro do Piauí,6,-8.735,-41.548,112,ADM2,Drought
NGA,Ngala Ward,1,12.331,14.211,112,ADM3,
MEX,Ciudad Juárez,6,31.71,-106.456,112,ADM3,Flood
MEX,Apatzingán,2,19.091,-102.354,111,ADM3,
USA,Owenton,6,38.536,-84.842,111,ADM3,Storm
BGD,Khagrachari District,2,23.215,91.959,111,ADM2,
PER,Pomacocha,6,-12.874,-74.532,111,ADM3,Flood
NGA,Lamurde,2,9.563,11.695,111,ADM3,
MYS,Bentong,6,3.518,101.908,111,ADM3,Flood
BRA,Ji-Paraná,6,-10.878,-61.928,111,ADM2,Flood
USA,Henderson,6,37.841,-87.592,111,ADM3,Storm
ITA,San Vito Lo Capo,7,38.124,12.757,110,ADM3,Wildfire
MEX,Zitácuaro,2,19.436,-100.318,110,ADM3,
PER,Huancavelica,6,-12.786,-74.976,110,ADM3,Flood
ZMB,Mandevu,6,-15.364,28.299,110,ADM3,Flood
USA,Pineville,6,37.583,-81.538,110,ADM3,Storm
PER,Ocalli,6,-6.235,-78.269,110,ADM3,Flood
USA,Elm Grove,6,43.043,-88.079,110,ADM3,Flood
BRA,Feijó,6,-8.905,-70.915,110,ADM2,Flood
BDI,Gabaniro,6,-3.606,29.356,109,ADM3,Flood
USA,McDowell,6,37.456,-82.736,109,ADM3,Storm
NGA,Unguwar Lalle,2,13.508,6.112,109,ADM3,
USA,Huntington Park,7,33.982,-118.225,109,ADM3,Wildfire
COL,Caqueza,6,4.387,-73.957,109,ADM2,Landslide/Wet mass movement
COL,Cúcuta,6,7.907,-72.505,109,ADM2,Flood
BRA,Luz,6,-19.79,-45.682,109,ADM2,Hailstorm
BLZ,Toledo District,6,16.333,-88.75,108,ADM2,Flood
USA,Sikeston,6,36.877,-89.588,108,ADM3,Storm
PER,Constitución,6,-9.772,-74.647,108,ADM3,Storm
CMR,Diamaré,1,10.663,14.416,108,ADM2,
IDN,Kulon Progo,6,-7.812,110.148,108,ADM2,Flood
USA,Newhall,7,34.373,-118.54,108,ADM3,Wildfire
SSD,Hiyala,1,4.462,32.871,108,ADM3,
USA,Davy,6,37.478,-81.653,107,ADM3,Storm
BDI,Muramba,6,-2.528,30.145,107,ADM3,Storm
PER,Llocllapampa,6,-11.817,-75.624,107,ADM3,Flood
NGA,Pemi,1,10.785,12.94,107,ADM3,
GTM,Pueblo Nuevo,6,14.647,-91.539,107,ADM2,Flood
USA,La Verne,7,34.101,-117.768,107,ADM3,Wildfire
UGA,Rakai,6,-0.714,31.446,107,ADM1,Storm
PER,Kunturkanki,7,-14.527,-71.294,107,ADM3,Wildfire
NGA,Vandeikya,2,6.812,9.084,107,ADM3,
BRA,Ubatã,6,-14.056,-39.523,107,ADM2,Storm
GRC,Dorizata,7,38.121,20.572,106,ADM3,Wildfire
GTM,Municipio de Ayutla,6,14.727,-92.13,106,ADM2,Flood
ARG,Cordoba,6,-31.411,-64.184,106,ADM3,Flood
COL,Juan de Acosta,6,10.829,-75.035,106,ADM2,Flood
GTM,San Agustín Lanquín,6,15.575,-89.98,106,ADM2,Landslide/Wet mass movement
NGA,Usha,2,7.934,7.828,106,ADM3,
NGA,Mazanya,1,13.079,7.316,106,ADM3,
PSE,Nur Shams Refugee camp,1,32.318,35.056,106,ADM3,
NGA,Lamurde,1,9.607,11.793,106,ADM3,
MEX,Imala,2,24.857,-107.215,105,ADM3,
USA,Swain,7,35.487,-83.598,105,ADM2,Wildfire
GTM,San Marcos,2,14.953,-91.912,105,ADM1,
NGA,Hyambula,1,10.899,13.393,105,ADM3,
MYS,Batang Subis,6,3.816,113.772,105,?,Flood
GTM,Flores,6,16.93,-89.891,105,ADM2,Flood
ESP,Cueva de la Mora,7,37.78,-6.802,105,ADM3,Dam release flood
CHN,Zhangzhou City,6,24.406,117.409,105,ADM3,Flood
UGA,Labwor,6,2.805,33.751,105,ADM2,Flood
IDN,Sumedang,6,-6.859,107.921,105,ADM2,Landslide/Wet mass movement
USA,Hacienda Heights,7,33.993,-117.969,104,ADM3,Wildfire
PER,Marcas,6,-12.89,-74.398,104,ADM3,Flood
PER,Pueblo Nuevo,6,-7.188,-79.515,104,ADM3,Flood
USA,Booneville,6,37.476,-83.675,104,ADM3,Storm
USA,Durham,6,35.983,-78.909,104,ADM3,Storm
USA,Wilmore,6,37.862,-84.662,104,ADM3,Storm
USA,Wilmington,7,33.791,-118.263,104,ADM3,Wildfire
USA,Diamond Bar,7,34.029,-117.81,104,ADM3,Wildfire
BRA,Morretes,6,-25.531,-48.874,104,ADM2,Storm
NGA,Bakari Goso,6,8.533,12.25,104,ADM3,Flood
PER,Pacapausa,6,-14.95,-73.368,104,ADM3,Flood
BOL,Municipio Sopachuy,6,-19.449,-64.544,104,ADM3,Flood
GRC,Klisoura,7,39.284,20.596,104,ADM3,Wildfire
ISL,Grindavík,6,63.844,-22.432,104,ADM3,Volcanic activity
GRC,Charakas,7,37.67,23.965,104,ADM3,Wildfire
IDN,Batu Bara,6,3.556,99.628,104,ADM2,Flood
IDN,Subang,6,-6.569,107.759,104,ADM2,Tornado
JPN,Imabari,7,34.11,133.059,103,ADM3,Wildfire
USA,Sebree,6,37.607,-87.529,103,ADM3,Storm
COD,Kalemie,2,-5.946,29.197,103,ADM3,
GRC,Kato Achaia - Araxos,7,38.169,21.408,103,?,Wildfire
GTM,Comitancillo,6,15.109,-91.736,103,ADM2,Flood
GRC,Municipality of Mesolongi,7,38.428,21.472,103,ADM2,Wildfire
NGA,Larmurde,6,9.558,11.704,103,ADM3,Flood
RUS,Levoberezhny District,1,51.58,39.265,102,ADM3,
USA,Hueysville,6,37.495,-82.844,102,ADM3,Storm
USA,Fox Point,6,43.158,-87.902,102,ADM3,Flood
COL,Cumaribo,6,4.576,-69.596,102,ADM2,Flood
ECU,Guayas,6,-2.0,-80.0,102,ADM1,Flood
SOM,Buuhoodle,6,8.46,46.661,102,ADM2,Drought
USA,Nortonville,6,37.191,-87.453,102,ADM3,Storm
USA,Sumrall,6,31.417,-89.542,102,ADM3,Storm
NGA,Kingowa,1,12.603,12.88,102,ADM3,
USA,Toksook Bay,6,60.534,-165.104,102,ADM3,Flood
BRA,Divinópolis,6,-20.144,-44.891,102,ADM2,Storm
COL,Miraflores,6,1.337,-71.951,102,ADM2,Flood
BDI,Rongero,6,-3.956,30.003,102,ADM3,Flood
PER,Congalla,6,-12.956,-74.492,101,ADM3,Storm
USA,Teaberry,6,37.427,-82.643,101,ADM3,Storm
PER,San Pedro de Huacarpana,6,-13.049,-75.648,101,ADM3,Flood
UKR,Kyiv,1,50.402,30.615,101,ADM3,
BRA,Limoeiro do Ajuru,6,-1.896,-49.51,101,ADM2,Storm
USA,Matoaka,6,37.42,-81.243,101,ADM3,Storm
PSE,Al-Qubeiba,1,31.84,35.137,101,ADM3,
ZAF,Dannhauser Local Municipality,6,-27.989,30.082,101,ADM3,Storm
NGA,Buniyadi North / South,1,11.3,12.049,101,ADM3,
USA,Hollywood,7,34.091,-118.327,101,ADM3,Wildfire
CAN,Perry's Cove,7,47.8,-53.149,101,ADM3,Wildfire
IDN,Tabanan,6,-8.539,115.127,100,ADM2,Flood
BRA,Carlos Chagas,6,-17.678,-40.885,100,ADM2,Storm
BRA,Barra Funda,6,-27.916,-53.033,100,ADM2,Storm
USA,Garrett,6,37.48,-82.832,100,ADM3,Storm
ARG,Mendoza,6,-34.787,-68.438,100,ADM1,Storm
PER,Jenaro Herrera,6,-4.906,-73.669,100,ADM3,Erosion
AUS,Perth,7,-31.953,115.86,100,ADM3,Wildfire
AUS,St Helens,7,-41.324,148.249,100,ADM3,Wildfire
IDN,Pati,6,-6.753,111.04,100,ADM2,Tornado
BRA,Nova Nazaré,6,-14.146,-51.798,100,ADM2,Flood
PER,Rosario,6,-12.721,-74.582,100,ADM3,Flood
GRC,Karteri,7,37.845,22.406,100,ADM3,Wildfire
USA,Washington,7,37.309,-113.476,100,ADM2,Wildfire
BRA,Bastos,6,-21.952,-50.749,100,ADM2,Storm
GBR,Somerset,6,51.083,-3.0,100,ADM2,Storm
PAK,Chaman,1,30.916,66.463,100,ADM3,
BRA,Paranaguá,6,-25.567,-48.519,100,ADM2,Flood
BMU,Bermuda,6,32.321,-64.767,100,AM0,Typhoon/Hurricane/Cyclone
PER,Huanchaco,6,-8.079,-79.12,100,ADM3,Flood
BRA,Agudo,6,-29.642,-53.249,100,ADM2,Storm
MEX,Jaleaca de Catalán,2,17.447,-99.859,100,ADM3,
RUS,Momsky Ulus,6,65.912,143.739,100,ADM2,Flood
NIC,Prinzapolka,6,13.407,-83.565,100,ADM3,Flood
USA,Town of Kingston,7,44.199,-90.252,100,ADM3,Wildfire
ESP,Las Médulas,7,42.46,-6.768,100,ADM3,Wildfire
PER,Usquil,6,-7.815,-78.417,100,ADM3,Flood
CHL,San José de Maipo,7,-33.672,-70.157,100,ADM3,Wildfire
ZAF,uMshwathi Local Municipality,6,-29.395,30.612,100,ADM3,Flood
UGA,Kween,6,1.352,34.564,100,ADM1,Landslide/Wet mass movement
NZL,Tasman,6,-41.302,172.895,100,ADM1,Flood
AGO,Andulo,6,-11.487,16.696,100,ADM3,Flood
MMR,Shwegyin Township,6,17.856,97.019,100,ADM3,Flood
JPN,Okayama,7,34.734,133.887,99,ADM3,Wildfire
PER,Vischongo,6,-13.589,-73.995,99,ADM3,Flood
MEX,San Pedro el Alto,2,16.808,-97.053,99,ADM3,
PER,Acobamba,6,-8.326,-77.582,99,ADM3,Flood
COL,Buenaventura,6,3.864,-77.035,99,ADM2,Flood
GTM,Nuevo Progreso,6,14.814,-91.883,98,ADM2,Landslide/Wet mass movement
USA,South Williamson,6,37.672,-82.284,98,ADM3,Storm
USA,Radcliff,6,37.84,-85.949,98,ADM3,Storm
BOL,Municipio Cobija,6,-11.066,-68.883,98,ADM3,Flood
BOL,Municipio San Carlos,6,-17.308,-63.701,98,ADM3,Flood
PER,Tambobamba,6,-13.946,-72.175,98,ADM3,Mixed disasters
IDN,Bula,6,-3.105,130.489,98,ADM2,Flood
CAN,Chase,7,50.82,-119.691,98,ADM3,Wildfire
BOL,Municipio Santiago de Andamarca,6,-18.84,-67.405,98,ADM3,Hailstorm
BDI,Mubira,6,-3.378,30.093,98,ADM3,Flood
ECU,Los Ríos,6,-1.335,-79.536,98,ADM1,Flood
PER,Callanmarca,6,-12.867,-74.623,97,ADM3,Flood
BRA,Vespasiano,6,-19.728,-43.951,97,ADM2,Storm
PER,Caynarachi,6,-6.192,-76.317,97,ADM3,Flood
PER,Capachica,6,-15.64,-69.824,97,ADM3,Flood
PER,Las Lomas,6,-4.658,-80.243,97,ADM3,Flood
SOM,Eyl,6,8.092,49.565,97,ADM2,Drought
CHL,Región de la Araucanía,7,-38.61,-72.164,97,ADM1,Wildfire
MEX,Chilapa de Álvarez,6,17.491,-99.132,97,ADM3,Landslide/Wet mass movement
USA,Rochester,6,37.213,-86.893,97,ADM3,Storm
GRC,Vessa,7,38.297,26.01,97,ADM3,Wildfire
BDI,Gihanga,6,-3.19,29.303,96,ADM3,Storm
USA,Bulan,6,37.301,-83.165,96,ADM3,Storm
BDI,Mugendo,6,-3.481,29.447,96,ADM3,Flood
BRA,Blumenau,6,-26.874,-49.102,96,ADM2,Storm
PER,Manu,6,-12.331,-71.382,96,ADM3,Flood
PER,Cochabamba,6,-12.208,-74.543,96,ADM3,Flood
USA,Bearden,6,33.725,-92.616,96,ADM3,Flood
AGO,Mavinga,6,-15.794,20.366,96,ADM3,Flood
BRA,Coaraci,6,-14.645,-39.594,96,ADM2,Storm
UKR,Kostiantynivka Raion,1,48.477,37.688,96,ADM2,
UKR,Kropyvnytskyi Municipality,1,48.521,32.25,96,ADM2,
BRA,Paulista,6,-7.928,-34.883,96,ADM2,Storm
BRA,São Pedro do Sul,6,-29.623,-54.253,96,ADM2,Storm
BRA,Santa Cruz dos Milagres,6,-5.832,-41.958,96,ADM2,Storm
GTM,Tamahú,6,15.296,-90.239,96,ADM2,Landslide/Wet mass movement
NGA,Sabsabwa / Soye/ Bulongu,1,11.423,13.775,96,ADM3,
USA,Alexander,6,34.612,-92.446,96,ADM3,Flood
AFG,Jalalabad Torkham Highway,1,34.405,70.498,96,ADM3,
AGO,Dange,6,-7.955,15.046,96,ADM3,Flood
COL,Teorama,6,8.752,-73.16,96,ADM2,Landslide/Wet mass movement
BRA,São José de Mipibu,6,-6.043,-35.306,95,ADM2,Storm
USA,San Dimas,7,34.107,-117.807,95,ADM3,Wildfire
BRA,Porto Seguro,6,-16.672,-39.264,95,ADM2,Storm
USA,Murrysville,6,40.46,-79.658,95,ADM3,Flood
BRA,Ilhota,6,-26.854,-48.886,95,ADM2,Storm
USA,Avondale,6,37.413,-81.784,95,ADM3,Storm
COL,San Carlos de Guaroa,6,3.711,-73.242,95,ADM2,Flood
USA,Kotzebue,6,66.898,-162.598,95,ADM3,Flood
PER,Quillo,6,-9.329,-78.043,94,ADM3,Flood
IDN,Boyolali,6,-7.534,110.604,94,ADM2,Flood
LBN,Akkar District,1,34.555,36.195,94,ADM2,
IDN,Kabupaten Banyumas,6,-7.454,109.117,94,ADM2,Flood
GRC,Nafpaktos,7,38.393,21.829,94,ADM3,Wildfire
BRA,São José do Sul,6,-29.544,-51.493,94,ADM2,Storm
MEX,Casas Grandes,6,30.208,-108.228,94,ADM3,Flood
PER,Lincha,6,-12.8,-75.667,93,ADM3,Flood
PER,Río Grande,6,-14.52,-75.202,93,ADM3,Flood
IDN,Semarang,6,-7.023,110.385,93,ADM2,Flood
NGA,Galadi,2,13.054,6.425,93,ADM3,
USA,Dumas,6,33.883,-91.484,93,ADM3,Flood
LBN,Keserwan District,1,34.013,35.801,93,ADM2,
PER,Huayllahuara,6,-12.409,-75.178,93,ADM3,Flood
PER,Chincheros,6,-13.518,-73.723,93,ADM3,Mixed disasters
PER,Cochorco,6,-7.809,-77.687,93,ADM3,Flood
TWN,Taitung County,6,22.837,121.026,92,ADM2,Typhoon/Hurricane/Cyclone
NGA,Kundav,2,7.431,9.623,92,ADM3,
USA,Lawrenceburg,6,38.037,-84.897,92,ADM3,Storm
BRA,Alvarães,6,-3.201,-64.951,92,ADM2,Flood
USA,Nashville,6,36.166,-86.784,92,ADM3,Storm
BRA,Malacacheta,6,-17.838,-42.089,92,ADM2,Storm
PER,Quiruvilca,6,-8.002,-78.31,92,ADM3,Flood
BRA,Ferraz de Vasconcelos,6,-23.562,-46.375,92,ADM2,Storm
ETH,Gonder,1,12.61,37.467,92,ADM3,
RUS,Kizhinginsky Rayon,7,51.773,110.222,91,ADM2,Wildfire
PER,Vilcanchos,6,-13.611,-74.533,91,ADM3,Flood
NGA,Kiyawa,2,12.441,6.809,91,ADM3,
CMR,Vouzod,1,10.806,13.79,91,ADM3,
BDI,Muzenga,6,-3.797,29.576,91,ADM3,Storm
NZL,Mangawhai Heads,6,-36.096,174.587,91,ADM3,Tornado
BRA,Gaspar,6,-26.924,-48.983,91,ADM2,Flood
ROU,Lunca Mărcușului,6,45.748,25.841,91,ADM3,Flood
USA,Madisonville,6,37.328,-87.499,91,ADM3,Storm
MEX,Tijuana,7,32.501,-116.965,91,ADM3,Wildfire
GRC,Klismata,7,38.104,20.557,91,ADM3,Wildfire
PER,Tambo,6,-13.69,-75.275,90,ADM3,Flood
PAN,Mariato,6,7.479,-80.832,90,ADM2,Typhoon/Hurricane/Cyclone
BRA,Parauapebas,6,-6.186,-50.555,90,ADM2,Flood
PNG,Salamaua,2,-7.06,147.046,90,ADM3,
NGA,Garin Tuwo,2,10.771,11.655,90,ADM3,
USA,Lawndale,7,33.887,-118.353,90,ADM3,Wildfire
ARG,Villa Giardino,7,-31.041,-64.488,90,ADM3,Wildfire
USA,Hodgenville,6,37.574,-85.74,90,ADM3,Storm
GRC,Lakka,7,38.195,22.077,90,ADM3,Wildfire
USA,Claremont,7,34.097,-117.72,90,ADM3,Wildfire
USA,City of Pewaukee,6,43.085,-88.214,90,ADM3,Flood
GTM,San Pedro Ayampuc,6,14.764,-90.436,90,ADM2,Flood
PER,Achaya,6,-15.285,-70.161,90,ADM3,Flood
SOM,Ceel Waaq,0,2.686,41.441,90,ADM2,
PHL,Kidapawan City,1,7.042,125.093,90,ADM3,
PER,Ramón Castilla,6,-3.667,-70.905,89,ADM3,Erosion
ARG,Curuzú Cuatiá,7,-29.791,-58.05,89,ADM3,Wildfire
IDN,Palangka Raya,6,-2.207,113.916,89,ADM2,Flood
USA,Beaver,6,37.397,-82.654,89,ADM3,Storm
ARG,Empedrado,6,-27.954,-58.809,89,ADM3,Flood
PER,Totos,6,-13.568,-74.523,89,ADM3,Dry mass movement
USA,Lenore,6,37.799,-82.287,89,ADM3,Storm
SSD,Yambio,0,4.568,28.398,89,ADM2,
IDN,Aceh Utara,6,4.991,97.159,89,ADM2,Tornado
USA,Mullens,6,37.583,-81.38,89,ADM3,Storm
RUS,Chertkovsky District,1,49.399,40.618,89,ADM2,
COL,Córdoba,6,9.551,-74.898,88,ADM2,Storm
GUF,Saint-Laurent-du-Maroni,6,3.93,-53.73,88,ADM1,Flood
USA,Camden,6,33.584,-92.834,88,ADM3,Flood
NGA,Dawaki West,6,12.095,8.322,88,ADM3,Mixed disasters
BRA,Vila Rica,6,-10.134,-51.414,88,ADM2,Storm
ARG,Ituzaingó,6,-27.948,-57.018,88,ADM3,Flood
COL,Bojaya,6,6.5,-77.1,88,ADM2,Flood
PER,Huaricolca,6,-11.512,-75.653,87,ADM3,Flood
USA,Garner,6,37.358,-82.925,87,ADM3,Storm
CRI,Cantón Guatuso,6,10.703,-84.851,87,ADM2,Flood
BRA,Guaçuí,6,-20.768,-41.711,87,ADM2,Flood
BRA,Brejo do Piauí,6,-8.269,-42.788,87,ADM2,Drought
PER,Cabanaconde,6,-15.675,-71.959,87,ADM3,Flood
USA,Charles Town,6,39.275,-77.891,87,ADM3,Storm
USA,Phelps,6,37.513,-82.15,87,ADM3,Storm
PHL,Sapad,6,7.847,123.837,87,ADM3,Flood
PER,La Matanza,6,-5.211,-80.088,87,ADM3,Flood
MEX,Hermosillo,6,28.969,-111.446,87,ADM3,Storm
BRA,Anísio de Abreu,6,-9.248,-43.052,87,ADM2,Drought
USA,Nancy,6,37.072,-84.748,87,ADM3,Storm
GTM,Santo Tomás La Unión,6,14.632,-91.411,86,ADM2,Earthquake
GRC,Parmparia,7,38.515,25.889,86,ADM3,Wildfire
GRC,Mylopotamos,7,37.643,24.318,86,ADM3,Wildfire
USA,La Villa,6,26.299,-97.929,86,ADM3,Flood
PER,Vitoc,6,-11.265,-75.237,86,ADM3,Flood
BRA,Nova Serrana,6,-19.845,-44.977,86,ADM2,Storm
GRC,Chios,7,38.376,26.065,86,?,Wildfire
USA,Summit,6,31.284,-90.468,86,ADM3,Storm
USA,Bevinsville,6,37.341,-82.743,85,ADM3,Storm
USA,Hartland,6,43.105,-88.348,85,ADM3,Flood
SDN,Al Fao,6,14.113,34.088,85,ADM3,Flood
BGD,Abhaynagar,2,23.016,89.42,85,ADM1,
USA,Lost Creek,6,37.479,-83.323,85,ADM3,Storm
URY,Artigas,6,-30.584,-57.075,85,ADM1,Flood
JPN,Hakodate,6,41.861,141.091,85,ADM3,Flood
COL,Cimitarra,6,6.428,-74.174,85,ADM2,Flood
RUS,Voronezh,1,51.679,39.186,85,ADM3,
PER,Salitral,6,-5.342,-79.833,85,ADM3,Flood
COL,Mapiripán,6,3.097,-71.95,85,ADM2,Flood
PER,Nuevo Progreso,6,-8.451,-76.326,85,ADM3,Flood
ESP,Villafranca del Bierzo,7,42.606,-6.811,85,ADM3,Wildfire
USA,Raleigh,6,32.033,-89.522,85,ADM3,Storm
BDI,Ndava,6,-3.024,29.253,85,ADM3,Flood
BRA,São Francisco de Itabapoana,6,-21.38,-41.149,85,ADM2,Storm
GRC,Markates,7,39.305,20.938,84,ADM3,Wildfire
USA,South Fulton,6,36.501,-88.875,84,ADM3,Storm
USA,Crum,6,37.906,-82.446,84,ADM3,Storm
PER,Huariaca,6,-10.442,-76.189,84,ADM3,Dry mass movement
PER,Santiago de Chilcas,6,-10.438,-77.366,84,ADM3,Flood
BRA,Eldorado do Carajás,6,-6.106,-49.303,84,ADM2,Storm
USA,Worthville,6,38.61,-85.067,84,ADM3,Storm
ITA,Brazzano,6,45.974,13.456,84,ADM3,Landslide/Wet mass movement
UGA,Kaabong,7,3.645,34.017,84,ADM2,Wildfire
PER,Chugay,6,-7.822,-77.798,84,ADM3,Flood
SOM,Marka,6,1.716,44.772,84,ADM2,Drought
USA,Clear Fork,6,37.631,-81.683,84,ADM3,Storm
MDV,Malé,6,4.175,73.51,84,ADM1,Flood
BRA,Iguatemi,6,-23.426,-54.558,84,ADM2,Storm
USA,Boston,6,37.788,-85.673,84,ADM3,Storm
IRQ,Babil,1,32.632,44.563,84,ADM1,
PER,Las Amazonas,6,-3.604,-72.479,83,ADM3,Flood
PER,Challabamba,6,-13.215,-71.649,83,ADM3,Dry mass movement
PER,Indiana,6,-3.5,-73.042,83,ADM3,Flood
BRA,Caetité,6,-13.979,-42.493,83,ADM2,Storm
NGA,Gatamarwa,1,10.72,12.961,83,ADM3,
PER,Parcoy,6,-8.034,-77.48,83,ADM3,Flood
BRA,Alvinlândia,6,-22.457,-49.762,83,ADM2,Storm
GTM,Camotán,6,14.866,-89.296,83,ADM2,Landslide/Wet mass movement
BRA,Juiz de Fora,6,-21.749,-43.438,83,ADM2,Storm
ITA,Bacoli,6,40.812,14.063,83,ADM3,Earthquake
PER,Lacabamba,6,-8.26,-77.898,83,ADM3,Flood
BRA,Paracatu,6,-17.133,-46.883,82,ADM2,Storm
USA,Kimball,6,37.428,-81.506,82,ADM3,Storm
USA,Cumberland,6,36.978,-82.988,82,ADM3,Storm
BDI,Bujumbura Mairie,0,-3.373,29.369,82,ADM1,
BDI,Cankuzo,6,-3.192,30.468,82,ADM2,Flood
MEX,Jalpan de Serra,6,21.384,-99.326,82,ADM3,Flood
IDN,Sukamara,6,-2.711,111.171,82,ADM2,Flood
NGA,Nzorov,1,7.885,8.947,82,ADM3,
BDI,Ndava,6,-3.028,29.265,82,ADM3,Flood
BDI,Mukaza,6,-3.388,29.369,82,ADM3,Storm
NGA,Wuro-Dole,1,9.381,12.603,81,ADM3,
USA,Livermore,6,37.493,-87.132,81,ADM3,Storm
COL,Barbacoas Municipality,6,1.564,-78.02,81,ADM2,Landslide/Wet mass movement
PER,Pias,6,-7.872,-77.547,81,ADM3,Dry mass movement
BOL,Achira,6,-18.174,-63.79,81,ADM3,Flood
BOL,Municipio San Pedro,6,-18.343,-65.978,81,ADM3,Hailstorm
USA,Weeksbury,6,37.328,-82.688,81,ADM3,Storm
BOL,Municipio Vacas,6,-17.6,-65.598,81,ADM3,Flood
LBN,Hasbaya District,1,33.375,35.733,81,ADM2,
BRA,Juramento,6,-16.833,-43.588,81,ADM2,Storm
IDN,Toboali,6,-3.011,106.455,81,ADM2,Tornado
NGA,Bachama,1,9.536,10.978,81,ADM3,
USA,Brenton,6,37.596,-81.636,81,ADM3,Storm
BOL,Villa Tunari,6,-16.55,-65.567,81,ADM3,Flood
IDN,Aceh Tenggara,6,3.339,97.746,80,ADM2,Tornado
PER,Huambalpa,6,-13.75,-73.932,80,ADM3,Flood
PSE,Qabatiya,1,32.409,35.281,80,ADM3,
BRA,São Vicente do Sul,6,-29.717,-54.762,80,ADM2,Storm
SSD,Ibba,2,5.991,28.497,80,ADM2,
PER,Cochabamba,6,-9.095,-76.837,80,ADM3,Flood
NGA,Larmurde,2,9.558,11.704,80,ADM3,
NGA,Gadai,1,12.424,12.978,80,ADM3,
BRA,Barreiras do Piauí,6,-10.003,-45.71,80,ADM2,Flood
MMR,Lemyethna,6,17.603,95.0,80,ADM3,Landslide/Wet mass movement
PHL,Dumingag,6,8.154,123.345,80,ADM3,Storm
NGA,Sigire Fulbe,2,9.933,12.617,80,ADM3,
IDN,Kampar Regency,6,0.32,101.094,80,ADM2,Flood
PER,Tarata,6,-17.474,-70.033,80,ADM3,Flood
BRA,Itarantim,6,-15.652,-40.059,80,ADM2,Storm
UGA,Bukedea,6,1.347,34.045,80,ADM3,Flood
USA,Murray,6,36.611,-88.302,80,ADM3,Storm
USA,Bolivar,6,35.256,-88.988,80,ADM3,Storm
GRC,Αρωνιάδικα,7,36.267,22.968,80,ADM3,Wildfire
USA,McCarr,6,37.617,-82.17,80,ADM3,Storm
PHL,Labason,6,8.065,122.524,80,ADM3,Storm
BRA,Ipojuca,6,-8.447,-35.063,80,ADM2,Flood
SLV,Sesori,6,13.721,-88.361,80,ADM2,Dry mass movement
BDI,Gasorwe,6,-2.849,30.236,80,ADM2,Storm
AUS,Boddington,7,-32.802,116.475,80,ADM3,Wildfire
PER,San Cristóbal,6,-14.743,-74.222,79,ADM3,Flood
CYP,Lofou,7,34.816,32.875,79,ADM3,Wildfire
USA,Glen Fork,6,37.696,-81.529,79,ADM3,Storm
NGA,Girei,1,9.441,12.482,79,ADM3,
HND,Choluteca,6,13.37,-87.076,79,ADM1,Flood
BOL,Municipio La Asunta,6,-16.068,-67.142,79,ADM3,Flood
PER,District of Papayal,6,-3.571,-80.296,79,ADM3,Flood
PER,Pichanaqui,6,-11.003,-74.815,79,ADM3,Flood
PER,Pilchaca,6,-12.401,-75.084,79,ADM3,Flood
PER,Santiago de Chocorvos,6,-13.825,-75.258,79,ADM3,Flood
BRA,Conde,6,-7.286,-34.843,79,ADM2,Storm
ECU,Napo,6,-0.763,-77.97,79,ADM1,Flood
PER,Villa Kintiarina,6,-12.911,-73.478,79,ADM3,Flood
TWN,Chiayi County,6,23.425,120.491,79,ADM2,Flood
PER,Izcuchaca,6,-12.501,-74.997,79,ADM3,Flood
GRC,Agios Georgios,7,37.688,21.518,78,ADM3,Wildfire
NGA,Adamawa,6,9.154,12.294,78,ADM1,Mixed disasters
NGA,Mbadura,2,6.859,9.467,78,ADM3,
NGA,Mandara Girau,2,10.71,12.369,78,ADM3,
PER,Cocabamba,6,-6.614,-78.004,78,ADM3,Flood
BDI,Mpanda,6,-3.175,29.423,78,ADM3,Flood
NGA,Mbadwem,2,8.019,8.726,78,ADM3,
VNM,Quang Binh province,6,17.521,106.412,78,ADM1,Typhoon/Hurricane/Cyclone
NGA,Gombe,1,10.43,11.207,78,ADM1,
BOL,Municipio Toledo,6,-18.264,-67.415,78,ADM3,Flood
BRA,Luiz Alves,6,-26.736,-48.885,78,ADM2,Storm
USA,Leburn,6,37.348,-82.955,78,ADM3,Storm
PHL,Maramag,6,7.761,125.005,78,ADM3,Flood
NGA,Gwoza Wakane / Bulabulin,1,11.108,13.648,78,ADM3,
COL,San Agustín,6,1.924,-76.416,78,ADM2,Flood
MNG,Dornod,7,48.289,114.163,77,ADM1,Wildfire
AGO,Muxixi,6,-10.59,17.578,77,ADM3,Flood
MEX,San Martín de Zula,6,20.409,-102.728,77,ADM3,Flood
BDI,Gaharawe,6,-3.334,29.248,77,ADM3,Flood
USA,Van Lear,6,37.771,-82.758,77,ADM3,Storm
PER,Pampas,6,-12.399,-74.866,77,ADM3,Flood
GTM,Morazán,6,14.992,-90.141,77,ADM2,Landslide/Wet mass movement
IDN,Lombok Tengah,6,-8.703,116.29,77,ADM2,Tornado
PER,San José de Sisa,6,-6.614,-76.695,77,ADM3,Storm
GRC,Μητάτα,7,36.246,22.993,77,ADM3,Wildfire
PER,Yanatile,6,-12.766,-72.136,77,ADM3,Flood
BRA,Guarani d'Oeste,6,-20.075,-50.34,77,ADM2,Hailstorm
PER,Sondorillo,6,-5.339,-79.429,76,ADM3,Flood
SLV,Turin,6,13.964,-89.773,76,ADM2,Earthquake
PER,Querecotillo,6,-4.84,-80.649,76,ADM3,Flood
PER,Rondos,6,-9.984,-76.689,76,ADM3,Flood
PER,Llipata,6,-14.563,-75.207,76,ADM3,Landslide/Wet mass movement
PER,Huaytará,6,-13.604,-75.353,76,ADM3,Flood
BRA,Novo Cruzeiro,6,-17.392,-41.97,76,ADM2,Storm
USA,Chapmanville,6,37.974,-82.017,76,ADM3,Storm
USA,Bonnyman,6,37.29,-83.236,76,ADM3,Storm
PER,Cocas,6,-13.276,-75.372,76,ADM3,Flood
BRA,Francisco Morato,6,-23.269,-46.709,76,ADM2,Dry mass movement
NGA,Belel,2,9.661,13.226,76,ADM3,
MMR,Myaungmya,6,16.62,95.12,76,ADM2,Tornado
PER,Emilio San Martín,6,-6.274,-74.531,76,ADM3,Flood
BRA,Bento Gonçalves,6,-29.1,-51.543,76,ADM2,Storm
SOM,Belet Weyne,0,4.724,45.38,76,ADM2,
SOM,Badhaadhe,6,-1.033,41.498,76,ADM2,Drought
NGA,Katuru,2,13.128,6.338,76,ADM3,
USA,Sussex,6,43.134,-88.222,75,ADM3,Flood
MDG,Vatovavy,6,-21.402,47.928,75,?,Flood
BDI,Kabondo,6,-4.346,29.608,75,ADM3,Flood
USA,New Hebron,6,31.732,-89.979,75,ADM3,Storm
BRA,Alvinópolis,6,-20.121,-43.154,75,ADM2,Storm
MEX,Chihuahua,6,28.939,-106.384,75,ADM3,Flood
PER,Lonya Grande,6,-6.097,-78.421,75,ADM3,Flood
UKR,Nova Sloboda,1,51.375,34.133,75,ADM3,
CAN,Kingston,7,47.827,-53.112,75,ADM3,Wildfire
USA,Fairfield,6,39.748,-82.616,75,ADM2,Flood
NGA,Kuva-Gaya,2,10.432,13.003,75,ADM3,
SSD,Loriyok,2,4.519,33.322,75,ADM3,
PSE,Askar,1,32.22,35.298,75,ADM3,
BRA,Palmitos,6,-27.081,-53.178,75,ADM2,Tornado
PER,Celendín,6,-6.865,-78.145,75,ADM3,Flood
BRA,Alfenas,6,-21.393,-45.995,75,ADM2,Storm
USA,Silver Creek Road,6,31.638,-89.967,75,ADM3,Storm
NGA,Akpete/Ojantelle,2,7.746,7.84,74,ADM3,
IDN,Aceh Barat,6,4.442,96.193,74,ADM2,Flood
GRC,Πιτσινιάνικα,7,36.202,22.963,74,ADM3,Wildfire
NGA,Ngamdu,1,11.76,12.257,74,ADM3,
PER,Pichari,6,-12.52,-73.828,74,ADM3,Flood
MYS,Gedong,6,1.245,110.69,74,ADM3,Flood
BRA,Frederico Westphalen,6,-27.324,-53.354,74,ADM2,Storm
USA,Walnut,7,34.02,-117.865,74,ADM3,Wildfire
NGA,Dong,6,9.402,11.916,74,ADM3,Flood
COL,El Tarra,6,8.654,-73.053,74,ADM2,Storm
BRA,Alenquer,6,-0.854,-54.945,74,ADM2,Storm
HND,Lempira,6,14.455,-88.618,74,ADM1,Flood
PHL,Esperanza,6,6.723,124.521,74,ADM3,Flood
URY,Canelones,6,-34.543,-55.974,74,ADM1,Cold wave
ARG,Mallin Ahogado,7,-41.84,-71.505,74,ADM3,Wildfire
COL,Ospina,6,1.03,-77.553,74,ADM2,Flood
BDI,Mivo,6,-2.949,29.784,73,ADM3,Hailstorm
USA,Kite,6,37.321,-82.803,73,ADM3,Storm
PER,Chocos,6,-12.927,-75.914,73,ADM3,Flood
NGA,Marte,1,12.365,13.829,73,ADM3,
BRA,São Domingos do Norte,6,-19.147,-40.624,73,ADM2,Storm
PER,Canayre,6,-12.327,-74.042,73,ADM3,Flood
PER,Socos,6,-13.215,-74.289,73,ADM3,Flood
NGA,Lamorde,1,10.231,13.259,73,ADM3,
BDI,Centre-Urbain,6,-3.974,29.445,73,ADM3,Storm
BOL,Municipio Santa Rosa del Sara,6,-16.599,-63.847,72,ADM3,Flood
BRA,Bom Sucesso do Sul,6,-26.082,-52.851,72,ADM2,Storm
IDN,Simalungun,6,2.951,98.784,72,ADM2,Flood
USA,Alton,6,26.287,-98.314,72,ADM3,Flood
USA,Bayside,6,43.186,-87.905,72,ADM3,Flood
USA,Hanover,6,37.573,-81.8,72,ADM3,Storm
BDI,Gihungwe,6,-3.141,29.281,72,ADM3,Storm
USA,Ridgely,6,36.263,-89.488,72,ADM3,Storm
PER,Vinchos,6,-13.242,-74.354,72,ADM3,Flood
JPN,Yamaguchi Prefecture,6,34.316,131.138,72,ADM1,Flood
NGA,Bunigari/Lawanti,1,11.145,12.026,72,ADM3,
BDI,Mpinga,6,-3.747,30.167,72,ADM3,Flood
SOM,Ceel Dheer,0,4.052,47.051,72,ADM2,
PER,Bolívar,6,-6.977,-79.178,72,ADM3,Flood
GRC,Thomaiika,7,38.104,21.606,72,ADM3,Wildfire
ECU,Pichincha,6,-0.058,-78.328,72,ADM1,Flood
PER,Alexander von Humboldt,6,-8.828,-75.051,72,ADM3,Flood
BRA,Vera Cruz,6,-29.715,-52.502,72,ADM2,Storm
PER,Charat,6,-7.824,-78.448,72,ADM3,Flood
BRA,Padre Paraíso,6,-17.061,-41.538,71,ADM2,Storm
PHL,Tabuk,6,17.414,121.444,71,ADM3,Storm
COL,Villamaría,6,5.045,-75.514,71,ADM2,Landslide/Wet mass movement
PER,El Alto,6,-4.268,-81.219,71,ADM3,Flood
USA,Sherwood,6,34.832,-92.191,71,ADM3,Flood
PER,Pomabamba,6,-8.82,-77.46,71,ADM3,Flood
HND,Intibucá,6,14.254,-88.236,71,ADM1,Dry mass movement
USA,Mize,6,31.868,-89.556,71,ADM3,Storm
UKR,Lyman,1,48.985,37.803,71,ADM3,
BRA,Angelândia,6,-17.724,-42.262,71,ADM2,Storm
GRC,Korianna,7,38.112,20.554,71,ADM3,Wildfire
NIC,Managua,6,12.126,-86.334,71,ADM1,Flood
PER,Taurija,6,-8.308,-77.423,71,ADM3,Flood
USA,Anawalt,6,37.336,-81.436,71,ADM3,Storm
COL,Sotomayor,6,1.495,-77.521,71,ADM2,Flood
BDI,Bukeye,6,-4.297,29.933,71,ADM3,Storm
BDI,Mugina,6,-2.78,29.16,71,ADM3,Flood
USA,Stevenson Ranch,7,34.39,-118.574,70,ADM3,Wildfire
CAN,Kelly Lake,7,55.253,-120.036,70,?,Wildfire
BRA,Cachoeira de Pajeú,6,-15.972,-41.493,70,ADM2,Storm
NGA,Gamadio,2,9.466,11.679,70,ADM3,
BRA,Cachoeirinha,6,-29.949,-51.09,70,ADM2,Storm
USA,West Milwaukee,6,43.013,-87.973,70,ADM3,Flood
NGA,Gwoza Town Gadamayo,1,11.076,13.697,70,ADM3,
RUS,Cheboksary,1,56.104,47.282,70,ADM3,
MEX,Madero,2,19.354,-101.175,70,ADM3,
NGA,Tola,2,8.765,11.965,70,ADM3,
MEX,Tampico,6,22.27,-97.895,70,ADM3,Flood
USA,Beaver Dam,6,37.402,-86.876,70,ADM3,Storm
HND,Francisco Morazán,6,14.343,-87.114,70,ADM1,Flood
PER,Acoria,6,-12.643,-74.862,70,ADM3,Flood
MEX,Chiconcuautla,7,20.086,-97.952,70,ADM3,Wildfire
PER,La Peca,6,-5.612,-78.437,70,ADM3,Flood
GTM,Municipio de Salamá,6,15.081,-90.323,70,ADM2,Landslide/Wet mass movement
ITA,Marradi,6,44.058,11.629,70,ADM3,Flood
USA,Wheelwright,6,37.333,-82.721,70,ADM3,Storm
AUS,Adavale,6,-25.908,144.598,70,ADM3,Flood
RUS,Krasnogorsk,1,55.822,37.33,70,ADM3,
RUS,Asha,6,54.991,57.278,70,ADM3,Flood
GHA,Tepa,6,7.005,-2.164,70,ADM3,Storm
BRA,Ibiaí,6,-16.81,-44.792,70,ADM2,Flood
LKA,Mahiyanganaya,6,7.34,80.993,70,ADM3,Flood
TWN,Chiayi,6,23.479,120.451,70,ADM2,Typhoon/Hurricane/Cyclone
USA,Powell,7,46.932,-113.05,70,ADM2,Wildfire
MEX,Mulegé,6,27.203,-113.321,70,ADM3,Storm
NGA,Kaduna,6,10.262,7.873,69,ADM1,Mixed disasters
USA,Monte Alto,6,26.374,-97.973,69,ADM3,Flood
GBR,Godstone,7,51.222,-0.057,69,ADM3,Sinkhole
PER,Surco,6,-11.868,-76.458,69,ADM3,Flood
USA,McRoberts,6,37.208,-82.672,69,ADM3,Storm
PER,Laberinto,6,-12.396,-70.137,69,ADM3,Flood
MEX,Teapa,6,17.62,-92.973,69,ADM3,Flood
UGA,Northern Region,7,2.799,32.821,69,ADM1,Wildfire
PER,San Cristóbal de Raján,6,-10.409,-77.228,69,ADM3,Flood
IDN,Namrole,6,-3.844,126.727,69,ADM2,Landslide/Wet mass movement
USA,Ermine,6,37.121,-82.792,69,ADM3,Storm
PER,Santo Tomás de Pata,6,-13.113,-74.419,69,ADM3,Flood
PER,Colca,6,-13.713,-74.034,69,ADM3,Flood
PER,Salas,6,-6.274,-79.606,69,ADM3,Flood
NGA,Kopa / Multhafu,1,10.804,13.289,69,ADM3,
IDN,Wonosobo,6,-7.359,109.903,69,ADM2,Landslide/Wet mass movement
PER,Pachas,6,-9.707,-76.771,69,ADM3,Flood
GRC,Miraiika,7,38.124,21.659,69,ADM3,Wildfire
PER,Maquía,6,-6.429,-74.798,69,ADM3,Flood
PER,Providencia,6,-6.298,-78.24,69,ADM3,Flood
USA,Dingess,6,37.872,-82.175,69,ADM3,Storm
RUS,Murom,1,50.311,36.706,68,ADM3,
NGA,Kwaya-Bur/Tanga Rumta,1,10.488,12.106,68,ADM3,
JPN,Miyazaki Prefecture,6,32.045,131.247,68,ADM1,Flood
NGA,Nyuwar / Jessu,1,9.807,11.775,68,ADM3,
BOL,Raqay Pampa,6,-18.189,-65.383,68,ADM3,Flood
UKR,Pokrovskii Raion,1,48.197,37.086,68,ADM2,
UKR,Kramatorsk Municipality,1,48.71,37.514,68,ADM2,
PER,Quito-Arma,6,-13.529,-75.328,68,ADM3,Flood
PER,Chinchao,6,-9.656,-76.066,68,ADM3,Flood
RUS,Rostov-on-Don,1,47.221,39.711,68,ADM3,
KOR,Daegu,6,35.811,128.596,68,ADM1,Flood
GRC,Kamenitsa,7,38.131,21.602,68,ADM3,Wildfire
BRA,Soure,6,-0.486,-48.612,68,ADM2,Erosion
BRA,Guarapuava,6,-25.399,-51.46,68,ADM2,Tornado
PER,Aramango,6,-5.417,-78.438,68,ADM3,Flood
USA,La Mirada,7,33.906,-118.011,68,ADM3,Wildfire
BRA,Três Coroas,6,-29.466,-50.777,68,ADM2,Flood
BRA,Venda Nova do Imigrante,6,-20.385,-41.135,68,ADM2,Storm
PER,La Banda de Shilcayo,6,-6.468,-76.272,68,ADM3,Flood
USA,Bear Branch,6,37.163,-83.549,67,ADM3,Storm
MYS,Kuala Muda,6,5.701,100.502,67,ADM2,Flood
USA,Hughes,6,34.948,-90.471,67,ADM3,Flood
PER,Progreso,6,-14.104,-72.436,67,ADM3,Flood
USA,Stanton,6,37.846,-83.858,67,ADM3,Storm
COL,Istmina,6,4.988,-76.805,67,ADM2,Flood
USA,Town of Jackson,6,43.324,-88.108,67,ADM3,Flood
MYS,Kuala Pilah,6,2.742,102.25,67,ADM3,Flood
BRA,Barbacena,6,-21.25,-43.842,67,ADM2,Storm
COL,Dosquebradas,6,4.833,-75.683,67,ADM2,Landslide/Wet mass movement
BDI,Gasebeyi,6,-3.586,29.401,67,ADM3,Storm
COL,Paez,6,2.735,-76.039,67,ADM2,Flood
COL,Timaná,6,1.912,-75.973,67,ADM2,Landslide/Wet mass movement
ZAF,eMadlangeni Local Municipality,6,-27.638,30.305,67,ADM3,Storm
USA,Baxter,6,36.86,-83.331,67,ADM3,Storm
PER,Juli,6,-16.213,-69.459,67,ADM3,Flood
NGA,Askira East,1,10.635,12.963,67,ADM3,
UKR,Kindrashivka,1,49.77,37.587,66,ADM3,
USA,Anthony,6,32.021,-106.591,66,ADM3,Flood
BOL,Municipio Acasio,6,-18.063,-66.045,66,ADM3,Flood
IDN,Blora,6,-6.969,111.413,66,ADM2,Flood
HND,San Juan de la Paz,6,13.96,-87.695,66,ADM1,Dry mass movement
NGA,Hildi,1,10.404,13.169,66,ADM3,
NGA,Kautikari,1,10.82,12.99,66,ADM3,
PER,San Antón,6,-14.584,-70.317,66,ADM3,Flood
GTM,Quezaltepeque,6,14.611,-89.448,66,ADM2,Flood
USA,Saint Francis,6,42.972,-87.876,66,ADM3,Flood
ESP,Carballedo,7,42.531,-7.806,66,ADM3,Wildfire
GRC,Vathy,7,39.311,20.888,66,ADM3,Wildfire
NGA,Azur/Multe/Forfor,1,10.949,12.484,66,ADM3,
BDI,Shembe,6,-3.933,30.155,66,ADM3,Storm
PER,Moyobamba,6,-6.034,-76.974,66,ADM3,Storm
PER,Conayca,6,-12.52,-75.007,66,ADM3,Flood
PER,Yungar,6,-9.378,-77.592,65,ADM3,Flood
PER,Huachón,6,-10.636,-75.951,65,ADM3,Dry mass movement
PER,Turpo,6,-13.786,-73.474,65,ADM3,Flood
UKR,Bilopillia,1,51.147,34.297,65,ADM3,
GTM,Joyabaj,6,15.003,-90.809,65,ADM2,Landslide/Wet mass movement
PER,Cajaruro,6,-5.737,-78.43,65,ADM3,Flood
PER,Kumpirushiato,6,-12.617,-73.105,65,ADM3,Flood
BRA,Leoberto Leal,6,-27.488,-49.251,65,ADM2,Storm
LBN,Zgharta District,1,34.36,35.901,65,ADM2,
RUS,Khoromnoye,1,52.071,32.032,65,ADM3,
PER,San Rafael,6,-10.338,-76.182,65,ADM3,Flood
USA,Pine Top,6,37.273,-82.882,65,ADM3,Storm
NGA,Zarawuyaku,1,10.674,12.229,65,ADM3,
USA,Russell Springs,6,37.057,-85.088,65,ADM3,Storm
PER,Pallasca,6,-8.253,-77.999,65,ADM3,Flood
BRA,Varginha,6,-21.566,-45.412,65,ADM2,Storm
CYP,Mallia,7,34.817,32.783,65,ADM3,Wildfire
VNM,Kon Tum province,6,14.669,108.029,65,ADM1,Storm
BDI,Kibago,6,-4.272,29.85,65,ADM3,Storm
ESP,Cangas del Narcea,7,43.116,-6.565,64,ADM3,Wildfire
USA,Wallins Creek,6,36.831,-83.417,64,ADM3,Storm
USA,Ivel,6,37.591,-82.668,64,ADM3,Storm
USA,Knott County,6,37.346,-82.993,64,ADM3,Storm
MYS,Kuala Kangsar,6,4.776,100.932,64,?,Flood
UGA,Nazigo,6,0.641,32.987,64,ADM3,Storm
KEN,Kirinyaga County,2,-0.469,37.303,64,ADM1,
GTM,Oratorio,6,14.109,-90.142,64,ADM2,Dry mass movement
COL,Curillo,6,1.033,-75.92,64,ADM2,Flood
BRA,Água Boa,6,-17.996,-42.392,64,ADM2,Dry mass movement
PER,Santillana,6,-12.71,-74.278,64,ADM3,Flood
USA,Paynesville,6,37.332,-81.892,64,ADM3,Storm
CAF,Gamboula,1,4.12,15.136,64,ADM2,
COL,Pensilvania,6,5.384,-75.161,64,ADM2,Landslide/Wet mass movement
GTM,Magdalena Milpas Altas,6,14.543,-90.675,64,ADM2,Earthquake
MYS,Cameron Highlands,6,4.478,101.378,64,ADM3,Flood
BRA,Brumado,6,-14.153,-41.604,64,ADM2,Storm
USA,Hardy,6,36.316,-91.483,64,ADM3,Flood
PHL,San Francisco,6,10.061,125.16,64,ADM3,Earthquake
NGA,Mulgwai / Kopchi,1,11.183,13.22,63,ADM3,
GRC,Lefkada,7,38.707,20.642,63,?,Wildfire
USA,Chavies,6,37.348,-83.356,63,ADM3,Storm
AUS,Warralong,6,-20.649,119.591,63,ADM3,Typhoon/Hurricane/Cyclone
PER,Chavín de Huantar,6,-9.589,-77.178,63,ADM3,Dry mass movement
GRC,Karystos,7,38.016,24.42,63,ADM3,Wildfire
HND,Santa Bárbara,6,15.094,-88.372,63,ADM1,Dry mass movement
USA,Roderfield,6,37.45,-81.706,63,ADM3,Storm
PER,Velille,6,-14.51,-71.885,63,ADM3,Flood
USA,Princeton,6,37.109,-87.882,63,ADM3,Storm
BDI,Rugazi,6,-2.853,29.488,63,ADM3,Flood
GTM,San Juan Ermita,6,14.741,-89.423,63,ADM2,Landslide/Wet mass movement
UKR,Myrnohrad,1,48.297,37.265,63,ADM3,
PER,Mazamari,6,-11.329,-74.531,62,ADM3,Storm
VNM,Lang Son province,6,21.857,106.442,62,ADM1,Typhoon/Hurricane/Cyclone
NGA,Gurin,1,9.112,12.885,62,ADM3,
PER,Puquio,6,-14.694,-74.124,62,ADM3,Flood
SLV,Ilopango,6,13.699,-89.106,62,ADM2,Flood
GRC,Gonia,7,39.357,20.885,62,ADM3,Wildfire
BRA,Rosário da Limeira,6,-20.986,-42.515,62,ADM2,Dry mass movement
IDN,Indramayu,6,-6.326,108.323,62,ADM3,Storm
NGA,Buduwa / Bula Chirabe,1,11.296,14.123,62,ADM3,
PHL,Ramon Magsaysay,6,8.004,123.486,62,ADM3,Storm
GRC,Davgata,7,38.219,20.493,62,ADM3,Wildfire
MYS,Central Malacca,6,2.246,102.229,62,ADM2,Flood
PER,Carhuacallanga,6,-12.355,-75.201,62,ADM3,Flood
BRA,Guapimirim,6,-22.589,-42.975,62,ADM2,Storm
PER,Tomay Kichwa,6,-10.063,-76.191,62,ADM3,Flood
PER,Honoria,6,-8.64,-74.727,62,ADM3,Flood
USA,Banner,6,37.599,-82.701,62,ADM3,Storm
GTM,San Miguel Ixtahuacán,6,15.272,-91.749,61,ADM2,Landslide/Wet mass movement
PER,Ambo,6,-10.129,-76.204,61,ADM3,Flood
HND,El Paraíso,6,13.962,-86.563,61,ADM1,Flood
BDI,Ntega,6,-2.585,29.99,61,ADM2,Hailstorm
BRA,Presidente Castello Branco,6,-27.236,-51.78,61,ADM2,Flood
BDI,Nyanza Lac,6,-4.338,29.605,61,ADM3,Storm
USA,Raccoon,6,37.49,-82.44,61,ADM3,Storm
PER,Hermilio Valdizán,6,-9.139,-75.883,61,ADM3,Flood
MEX,Tecomán,6,18.903,-103.846,61,ADM3,Typhoon/Hurricane/Cyclone
ESP,Facinas,7,36.144,-5.7,61,ADM3,Wildfire
USA,Hartford,6,37.451,-86.909,61,ADM3,Storm
USA,Morganfield,6,37.683,-87.917,60,ADM3,Storm
BRA,Itati,6,-29.428,-50.178,60,ADM2,Flood
IDN,Palopo,6,-3.0,120.192,60,ADM2,Flood
BRA,Dois Vizinhos,6,-25.746,-53.091,60,ADM2,Storm
USA,Bogota,6,36.164,-89.438,60,ADM3,Storm
UKR,Stanytsia Luhanska,7,48.658,39.481,60,ADM3,Wildfire
IDN,Probolinggo,6,-7.744,113.216,60,ADM2,Earthquake
ECU,Pallatanga,6,-1.998,-78.966,60,ADM3,Flood
BRA,Jequitinhonha,6,-16.407,-41.058,60,ADM2,Storm
IDN,Tellu Limpoe,6,-5.289,120.248,60,ADM2,Flood
ESP,Pilar de la Horadada,6,37.899,-0.826,60,ADM3,Flood
USA,Big Creek,6,37.16,-83.566,60,ADM3,Storm
COL,Uribe,6,3.026,-74.436,60,ADM2,Flood
ROU,Brosteni,6,47.239,25.698,60,ADM3,Flood
USA,Elsberry,6,39.167,-90.781,60,ADM3,Flood
COL,Colón,6,1.228,-76.953,60,ADM2,Flood
BRA,Codó,6,-4.599,-43.856,60,ADM2,Storm
USA,Dawson Springs,6,37.167,-87.693,60,ADM3,Storm
BRA,Coari,6,-4.054,-64.151,60,ADM2,Flood
COL,El Castillo,6,3.577,-73.964,60,ADM2,Flood
CMR,Kerawa,1,11.184,13.916,60,ADM3,
ESP,A Golada,7,42.484,-6.925,60,?,Wildfire
BRA,General Câmara,6,-29.839,-51.947,60,ADM2,Storm
USA,Cadiz,6,36.862,-87.837,60,ADM3,Storm
USA,Warfield,6,37.844,-82.417,60,ADM3,Storm
USA,Chapel Hill,6,35.919,-79.034,60,ADM3,Storm
USA,Gary,6,37.364,-81.55,60,ADM3,Storm
USA,Harlan,6,36.843,-83.322,60,ADM3,Storm
USA,Mount Olive Road,6,31.755,-89.815,60,ADM3,Storm
BRA,Palmeira d'Oeste,6,-20.415,-50.763,60,ADM2,Hailstorm
BRA,Pinhal Grande,6,-29.347,-53.334,60,ADM2,Storm
BRA,Santa Clara do Sul,6,-29.456,-52.144,60,ADM2,Storm
USA,Pilgrim,6,37.799,-82.421,60,ADM3,Storm
COL,Suaza,6,1.878,-75.812,60,ADM2,Landslide/Wet mass movement
BDI,Murama,6,-2.573,30.114,60,ADM3,Storm
BOL,Municipio Arampampa,6,-17.941,-66.101,59,ADM3,Hailstorm
PER,Andaymarca,6,-12.316,-74.635,59,ADM3,Flood
BOL,Municipio Taraco,6,-16.479,-68.818,59,ADM3,Flood
PER,Chicla,6,-11.705,-76.269,59,ADM3,Dry mass movement
PER,Huari,6,-9.348,-77.172,59,ADM3,Flood
USA,Auxier,6,37.737,-82.758,59,ADM3,Storm
GBR,Leicestershire,6,52.685,-1.376,59,ADM2,Flood
UKR,Sloviansk,1,48.849,37.588,59,ADM3,
USA,Whitefish Bay,6,43.119,-87.907,59,ADM3,Flood
USA,Pippa Passes,6,37.335,-82.874,59,ADM3,Storm
PER,San Francisco de Cayrán,6,-10.01,-76.324,59,ADM3,Dry mass movement
PER,Querco,6,-13.98,-74.977,59,ADM3,Flood
THA,Uttaradit Province,6,17.625,100.403,59,ADM1,Flood
PER,Manitea,6,-12.73,-73.586,59,ADM3,Flood
BDI,Nyamusasa,6,-3.676,30.39,59,ADM3,Storm
ARG,Quimilí,6,-27.645,-62.417,59,ADM3,Storm
USA,Obion,6,36.26,-89.191,59,ADM3,Storm
USA,Palos Verdes Peninsula,7,33.776,-118.356,59,ADM3,Wildfire
NGA,Wawa / Korede,1,11.122,12.576,58,ADM3,
GTM,Municipio de Cobán,6,15.71,-90.54,58,ADM2,Flood
IDN,Kuala Tungkal,6,-0.817,103.466,58,ADM2,Tornado
GTM,Municipio de Mixco,6,14.639,-90.594,58,ADM2,Landslide/Wet mass movement
IDN,Arga Makmur,6,-3.438,102.195,58,ADM2,Flood
CHN,Ninger,6,23.065,101.044,58,ADM2,Landslide/Wet mass movement
PER,Saisa,6,-14.94,-74.417,58,ADM3,Flood
PER,Huamanquiquia,6,-13.729,-74.272,58,ADM3,Flood
USA,Matheny,6,37.665,-81.6,58,ADM3,Storm
PER,Morales,6,-6.499,-76.42,58,ADM3,Flood
USA,Mousie,6,37.418,-82.878,58,ADM3,Storm
MEX,Coyuca de Catalán,2,18.091,-101.034,58,ADM3,
ESP,Calalberche,6,40.266,-4.238,58,ADM3,Flood
USA,Warriormine,6,37.293,-81.697,57,ADM3,Storm
NGA,Kafa Mafi,1,11.296,12.373,57,ADM3,
BDI,GISYO MARKET,6,-3.424,29.354,57,ADM3,Flood
PER,Acraquia,6,-12.407,-74.901,57,ADM3,Flood
PER,Ahuayro,6,-13.496,-73.808,57,ADM3,Flood
BRA,Formosa da Serra Negra,6,-6.695,-46.195,57,ADM2,Flood
BRA,Caracaraí,6,0.991,-61.472,57,ADM2,Flood
PER,Espinar,6,-14.914,-71.343,57,ADM3,Flood
SLV,Jujutla,6,13.752,-89.936,57,ADM2,Earthquake
USA,Cranks,6,36.765,-83.172,56,ADM3,Storm
PER,Fernando Lores,6,-4.259,-73.063,56,ADM3,Erosion
USA,Cerritos,7,33.858,-118.065,56,ADM3,Wildfire
MEX,Santo Domingo,2,23.412,-101.558,56,ADM3,
COL,Santa María,6,2.95,-75.65,56,ADM2,Landslide/Wet mass movement
PAK,Islamabad,6,33.694,73.065,56,ADM3,Flood
BRA,Novo Santo Antônio,6,-12.326,-50.914,56,ADM2,Erosion
MEX,San Andrés Cacaloapan,7,18.582,-97.585,56,ADM3,Dam release flood
ARG,Departamento Paso de los Libres,6,-29.678,-57.308,56,ADM2,Flood
BRA,Itabira,6,-19.576,-43.285,56,ADM2,Storm
ESP,Molinaseca,7,42.522,-6.446,56,ADM3,Wildfire
USA,Combes,6,26.249,-97.734,56,ADM3,Flood
PER,Huacachi,6,-9.316,-76.939,56,ADM3,Flood
NGA,Kurana Bassa/Ngoshe-Sama'a,1,11.022,13.748,56,ADM3,
IDN,Piru,6,-3.062,128.195,56,ADM2,Flood
UGA,Mbale,6,1.002,34.198,56,ADM1,Landslide/Wet mass movement
BRA,Mata,6,-29.566,-54.459,56,ADM2,Storm
BDI,Muriza,6,-3.551,30.133,56,ADM3,Flood
BHS,Ragged Island,6,22.477,-75.802,56,ADM1,Typhoon/Hurricane/Cyclone
BDI,Mpinga-Kayove,6,-3.797,30.156,56,ADM3,Flood
USA,Eastern,6,37.517,-82.806,56,ADM3,Storm
BDI,Mubuga,6,-2.953,29.85,56,ADM3,Hailstorm
LKA,Rajanganaya,6,8.163,80.217,56,ADM3,Flood
PHL,Nabalawag,6,7.102,124.492,55,ADM1,Storm
USA,Coalwood,6,37.387,-81.653,55,ADM3,Storm
NGA,Lassa,1,10.68,13.273,55,ADM3,
PER,Saucepampa,6,-6.691,-78.917,55,ADM3,Dry mass movement
GRC,Kourounia,7,38.566,25.912,55,ADM3,Wildfire
NGA,Gwoza,6,11.083,13.694,55,ADM3,Flood
BRA,São Miguel do Guamá,6,-1.597,-47.535,55,ADM2,Drought
BDI,Gashoho,6,-2.807,30.129,55,ADM3,Flood
PER,Santiago de Pischa,6,-13.065,-74.304,55,ADM3,Flood
BRA,Santarém,6,-2.679,-55.238,55,ADM2,Flood
PER,Chiara,6,-13.273,-74.206,55,ADM3,Flood
FRA,Dordogne,6,45.143,0.632,55,ADM2,Flood
GRC,Drosopigi,7,37.877,22.415,55,ADM3,Wildfire
BOL,Yapacani,6,-17.402,-63.881,55,ADM3,Flood
NGA,Konkol,2,9.616,13.116,54,ADM3,
SOM,Ceel Buur,0,4.76,46.842,54,ADM2,
USA,Slaughters,6,37.489,-87.502,54,ADM3,Storm
IDN,South Ogan Komering Ulu Regency,6,-4.565,103.982,54,ADM2,Flood
IDN,Sarmi,6,-2.547,139.055,54,ADM2,Earthquake
BRA,Belo Oriente,6,-19.256,-42.443,54,ADM2,Storm
LBN,Beqaa Governorate,1,33.681,35.842,54,ADM1,
NGA,Gelengu / Balanga,1,9.945,11.593,54,ADM3,
NGA,Bolki,2,9.382,11.623,54,ADM3,
PHL,Murcia,6,10.607,123.04,54,ADM3,Tornado
BRA,Braço do Trombudo,6,-27.379,-49.914,54,ADM2,Flood
BRA,Faxinal do Soturno,6,-29.572,-53.473,54,ADM2,Storm
PER,Pueblo Libre,6,-9.151,-77.818,54,ADM3,Flood
USA,South El Monte,7,34.052,-118.047,54,ADM3,Wildfire
MEX,La Ribera,6,23.593,-109.584,54,ADM3,Typhoon/Hurricane/Cyclone
USA,Thousandsticks,6,37.185,-83.429,54,ADM3,Storm
GTM,San Luis,6,16.2,-89.44,54,ADM2,Flood
IDN,Indralaya,6,-3.245,104.671,54,ADM2,Tornado
BLZ,Trial Farm,6,18.097,-88.561,54,ADM3,Flood
PER,Condormarca,6,-7.543,-77.589,54,ADM3,Mixed disasters
BRA,Porteirinha,6,-15.687,-43.14,54,ADM2,Storm
USA,Naugatuck,6,37.79,-82.349,54,ADM3,Storm
USA,Normandy,6,28.91,-100.598,54,ADM3,Flood
MYS,Miri Division,6,4.0,114.0,53,ADM2,Flood
IND,Chamoli,6,30.5,79.5,53,ADM2,Avalanche
BRA,Espumoso,6,-28.853,-52.867,53,ADM2,Storm
GRC,Malthi,7,37.237,21.861,53,ADM3,Wildfire
USA,Krypton,6,37.311,-83.339,53,ADM3,Storm
UKR,Raihorodok,1,48.902,37.726,53,ADM3,
PER,Jesús,6,-7.249,-78.379,53,ADM3,Flood
USA,Squire,6,37.238,-81.61,53,ADM3,Storm
USA,Mohawk,6,37.505,-81.915,53,ADM3,Storm
NGA,Tsaav,1,7.798,9.467,53,ADM3,
USA,Neon,6,37.191,-82.713,53,ADM3,Storm
BRA,Ouro Verde do Oeste,6,-24.797,-53.937,53,ADM2,Flood
MEX,Ocosingo,2,16.658,-91.193,53,ADM3,
CAF,Bangui-fleuve,1,4.391,18.551,53,ADM2,
BDI,Nyarubanga,6,-4.266,29.942,53,ADM3,Storm
BDI,Muramvya,6,-3.266,29.617,53,ADM3,Flood
SLV,Tacuba,6,13.9,-89.932,53,ADM2,Earthquake
COL,Durania,6,7.719,-72.7,53,ADM2,Flood
NGA,Duhu/ Shuwa,6,10.764,13.44,53,ADM3,Flood
NGA,Buratai,1,10.906,12.089,53,ADM3,
GRC,Petralona,7,37.174,21.881,53,ADM3,Wildfire
PER,Túcume,6,-6.51,-79.859,52,ADM3,Flood
NZL,Waipoua River,7,-35.647,173.536,52,?,Wildfire
MEX,Sinaloa,2,24.755,-107.419,52,ADM1,
PER,Asunción,6,-5.995,-77.754,52,ADM3,Flood
BRA,Petrolândia,6,-27.537,-49.673,52,ADM2,Hailstorm
PER,Santiago de Paucaray,6,-14.044,-73.637,52,ADM3,Flood
NGA,Dugja,1,10.632,12.136,52,ADM3,
PER,Mara,6,-14.086,-72.102,52,ADM3,Mixed disasters
USA,Betsy Layne,6,37.551,-82.633,52,ADM3,Storm
USA,Lake City,6,35.818,-90.435,52,ADM3,Flood
HND,Comayagua,6,14.555,-87.678,52,ADM1,Flood
LKA,Horowpotana,6,8.55,80.832,52,ADM3,Flood
NGA,Bangshika,2,10.199,12.991,52,ADM3,
NGA,Marama Kidang,1,10.416,12.154,52,ADM3,
PER,Huayacundo Arma,6,-13.534,-75.315,52,ADM3,Flood
COD,Central Kasai,2,-5.905,21.433,52,ADM1,
PER,Santa María de Chicmo,6,-13.657,-73.495,51,ADM3,Flood
PER,San José de Lourdes,6,-5.103,-78.914,51,ADM3,Flood
PER,Santo Domingo,6,-5.029,-79.876,51,ADM3,Flood
NGA,Shaffa,1,10.507,12.336,51,ADM3,
USA,Glen Rogers,6,37.715,-81.418,51,ADM3,Storm
GRC,Karoutes,7,37.692,21.54,51,ADM3,Wildfire
USA,Freeburn,6,37.565,-82.142,51,ADM3,Storm
KHM,Siem Reap,6,13.315,103.805,51,ADM1,Tornado
USA,Paragould,6,36.058,-90.497,51,ADM3,Flood
NPL,Bhojpur,7,27.165,87.042,51,ADM3,Wildfire
NGA,Gwoza Wakane / Bulabulin,2,11.108,13.648,51,ADM3,
MYS,Gombak,6,3.233,101.715,51,ADM3,Landslide/Wet mass movement
GRC,Temenia,7,35.293,23.754,51,ADM3,Wildfire
NGA,Daksiri Center,6,10.142,12.927,51,ADM3,Flood
GEO,Khelvachauri,6,41.578,41.66,51,ADM3,Landslide/Wet mass movement
PHL,Tigbauan,6,10.928,122.469,51,ADM3,Flood
NPL,Khotang,7,27.155,86.68,51,ADM2,Wildfire
USA,Hardy,6,37.621,-82.244,51,ADM3,Storm
GRC,Κάτω Συνοικία Τρικάλων,7,37.994,22.477,51,ADM2,Wildfire
PHL,Carmen,6,7.356,125.705,50,ADM3,Flood
BRA,São Gonçalo do Abaeté,6,-18.233,-45.613,50,ADM2,Storm
RUS,Lipetsk,1,52.583,39.575,50,ADM3,
RUS,Tula,1,54.193,37.618,50,ADM3,
USA,Petersburg,6,37.228,-77.402,50,ADM3,Flood
RUS,Murom,1,50.234,36.613,50,?,
ARG,Huaco,6,-30.158,-68.482,50,ADM3,Storm
NGA,Kukawa,1,12.921,13.627,50,ADM3,
PHL,Manolo Fortich,6,8.366,124.864,50,ADM3,Flood
NGA,Kumshe /Nduguno,1,11.483,13.694,50,ADM3,
IDN,Kuala Kapuas,6,-3.008,114.386,50,ADM2,Tornado
BRA,Pedra Azul,6,-15.964,-41.221,50,ADM2,Storm
BRA,Muaná,6,-1.249,-49.317,50,ADM2,Storm
BRA,Abaetetuba,6,-1.735,-48.944,50,ADM2,Storm
IDN,Pemalang,6,-6.89,109.381,50,ADM2,Flood
BRA,Santo Antônio do Tauá,6,-1.103,-48.195,50,ADM2,Storm
GTM,La Unión,6,14.957,-89.259,50,ADM2,Landslide/Wet mass movement
ESP,Cerezo de Arriba,7,41.215,-3.491,50,ADM3,Wildfire
PRT,Delgada,7,41.303,-7.594,50,ADM3,Wildfire
USA,Mammoth Spring,6,36.495,-91.543,50,ADM3,Flood
AUS,Tasmania,7,-42.057,146.781,50,ADM1,Wildfire
IDN,Purworejo,6,-7.713,110.009,50,ADM2,Flood
ITA,Partinico,7,38.015,13.052,50,ADM3,Wildfire
ITA,Terranova,6,45.164,8.523,50,ADM3,Landslide/Wet mass movement
ITA,Sondrio,6,46.323,10.258,50,ADM2,Landslide/Wet mass movement
GRC,Lakonia Regional Unit,7,36.811,22.84,50,ADM2,Wildfire
NGA,Gur,1,10.81,12.284,50,ADM3,
BRA,Pimenta Bueno,6,-11.788,-60.75,50,ADM2,Flood
ESP,Orihuela Costa,7,37.924,-0.745,50,ADM3,Wildfire
BRA,Jordânia,6,-15.875,-40.305,50,ADM2,Storm
BRA,Angelina,6,-27.534,-49.086,50,ADM2,Storm
BRA,Itaocara,6,-21.77,-42.075,50,ADM2,Storm
ZAF,Pretoria,6,-25.746,28.188,50,ADM3,Tornado
USA,Rulison,7,39.497,-107.941,50,ADM3,Wildfire
AUS,Ledge Point,7,-31.108,115.374,50,ADM3,Wildfire
ESP,Gijón,7,43.514,-5.687,50,ADM3,Wildfire
BRA,Agrolândia,6,-27.464,-49.838,50,ADM2,Flood
IDN,North Tapanuli,6,1.998,99.065,50,ADM2,Storm
BRA,Imbé,6,-29.927,-50.128,50,ADM2,Storm
YEM,Lahij Governorate,1,13.18,44.585,49,ADM1,
USA,Colt,6,35.131,-90.811,49,ADM3,Flood
GTM,Cuilapa,6,14.277,-90.299,49,ADM2,Flood
BRA,Bom Retiro do Sul,6,-29.636,-51.911,49,ADM2,Storm
PHL,San Jose,6,10.784,121.88,49,ADM3,Tornado
PER,Chilcayoc,6,-13.883,-73.727,49,ADM3,Flood
BRA,Barbosa Ferraz,6,-24.061,-52.055,49,ADM2,Hailstorm
COL,Medio San Juan,6,5.093,-76.695,49,ADM2,Flood
NGA,Monguno,1,12.673,13.616,49,ADM3,
USA,Canada,6,37.606,-82.325,49,ADM3,Storm
ECU,Chimborazo,6,-1.926,-78.73,49,ADM1,Flood
DZA,Bejaia,6,36.557,4.787,49,ADM1,Flood
BOL,Cochabamba,6,-17.402,-66.168,49,ADM3,Landslide/Wet mass movement
GRC,Keratea - Anavyssos,7,37.763,23.994,49,ADM3,Wildfire
BRA,Mimoso do Sul,6,-21.105,-41.376,49,ADM2,Storm
IDN,Ngabang,6,0.385,109.954,49,ADM2,Flood
BOL,Municipio Tacopaya,6,-17.811,-66.639,49,ADM3,Flood
PER,Santa Rosa,6,-6.746,-76.623,49,ADM3,Flood
BDI,Gitaza,6,-3.608,29.357,49,ADM3,Flood
PER,Huachocolpa,6,-13.032,-74.947,49,ADM3,Flood
USA,Harbor City,7,33.79,-118.298,49,ADM3,Wildfire
BOL,Municipio Cliza,6,-17.585,-65.927,49,ADM3,Flood
PER,Vilca,6,-12.477,-75.183,48,ADM3,Flood
BRA,Boca do Acre,6,-8.554,-68.036,48,ADM2,Flood
PER,Tupe,6,-12.741,-75.809,48,ADM3,Flood
NGA,Bole Yolde Pate,1,9.129,12.461,48,ADM3,
PER,Pullo,6,-15.21,-73.827,48,ADM3,Flood
CMR,Blangoua,6,12.774,14.546,48,ADM3,Landslide/Wet mass movement
ESP,Mejorada del Campo,6,40.4,-3.477,48,ADM3,Storm
GTM,Sacapulas,7,15.265,-91.135,48,ADM2,Wildfire
BRA,Ipixuna,6,-7.119,-71.376,48,ADM2,Flood
PER,Unión Progreso,6,-12.928,-73.56,48,ADM3,Flood
GTM,Olopa,6,14.699,-89.316,48,ADM2,Landslide/Wet mass movement
USA,Butler,6,38.786,-84.37,48,ADM3,Storm
PER,Curgos,6,-7.86,-77.944,48,ADM3,Flood
PER,Jircan,6,-9.247,-76.719,48,ADM3,Flood
USA,Manhattan Beach,7,33.885,-118.411,48,ADM3,Wildfire
GTM,Melchor de Mencos,6,17.066,-89.152,48,ADM2,Flood
CAN,Ochre Pit Cove,7,47.91,-53.071,48,?,Wildfire
PER,Cospán,6,-7.427,-78.542,48,ADM3,Flood
NGA,Demsa,6,9.456,12.153,48,ADM3,Flood
PER,Colonia,6,-12.634,-75.89,48,ADM3,Flood
BRA,Queimadas,6,-11.059,-39.764,48,ADM2,Storm
PER,Pachiza,6,-7.297,-76.773,48,ADM3,Flood
PER,Arma,6,-13.12,-75.5,48,ADM3,Flood
PER,Manás,6,-10.595,-77.167,48,ADM3,Flood
USA,Hazelwood,6,38.776,-90.372,47,ADM3,Storm
NGA,gyawana maternity clinic,2,9.571,11.884,47,ADM3,
USA,Sassafras,6,37.221,-83.055,47,ADM3,Storm
USA,Rowland Heights,7,33.973,-117.894,47,ADM3,Wildfire
BDI,Kizuka,6,-3.892,29.402,47,ADM3,Flood
BDI,Mugomere,6,-3.949,29.48,47,ADM3,Storm
GTM,San José Acatempa,6,14.272,-90.138,47,ADM2,Storm
PER,San Marcos de Rocchac,6,-12.094,-74.864,47,ADM3,Flood
USA,Lomita,7,33.792,-118.315,47,ADM3,Wildfire
MYS,Hulu Selangor,6,3.524,101.641,47,ADM3,Flood
PER,Susapaya,6,-17.353,-70.133,47,ADM3,Flood
ROU,Brașov,6,45.783,25.152,47,ADM1,Flood
USA,Belcher,6,37.342,-82.373,47,ADM3,Storm
USA,McGraws,6,37.671,-81.463,47,ADM3,Storm
UGA,Bukwo,6,1.255,34.692,47,ADM2,Landslide/Wet mass movement
BRA,Santa Teresa,6,-19.896,-40.657,47,ADM2,Flood
BDI,Rutana,0,-3.865,30.093,47,ADM1,
BRA,Linhares,6,-19.358,-40.147,47,ADM2,Flood
GRC,Sellas,7,37.208,21.785,47,ADM3,Wildfire
RUS,Volokonovsky District,1,50.45,37.799,47,ADM2,
NGA,Taraba,1,8.059,10.386,47,ADM1,
BDI,Buyenzi,6,-3.369,29.358,47,ADM3,Storm
BDI,Gakungu,6,-3.749,30.326,47,ADM3,Flood
USA,Gore Springs,6,33.754,-89.616,47,ADM3,Storm
NGA,Gamboru C,1,12.349,14.13,46,ADM3,
NGA,Gombi,1,10.155,12.727,46,ADM3,
BOL,Municipio Irupana,6,-16.514,-67.479,46,ADM3,Landslide/Wet mass movement
BOL,Municipio El Choro,6,-18.22,-67.147,46,ADM3,Flood
COL,Maní,6,4.7,-72.25,46,ADM2,Flood
PER,Ayna,6,-12.729,-73.891,46,ADM3,Flood
BOL,Municipio Aiquile,6,-18.297,-65.08,46,ADM3,Hailstorm
CHN,Gyirong County,6,28.788,85.044,46,ADM2,Landslide/Wet mass movement
GTM,Municipio de Zacapa,6,14.971,-89.465,46,ADM2,Flood
BDI,Nyakabiga,6,-3.38,29.39,46,ADM3,Storm
USA,Ravenna,6,37.685,-83.953,46,ADM3,Storm
IDN,Wajoriaja,6,-4.092,120.06,46,ADM2,Tornado
PRT,Faial,6,38.58,-28.71,46,ADM2,Storm
BGR,Rani Lug,7,42.825,22.492,46,ADM3,Wildfire
ESP,Arroyomolinos,6,40.28,-3.915,46,ADM3,Flood
USA,Widener,6,35.024,-90.685,46,ADM3,Flood
GTM,San Agustín Acasaguastlán,6,15.017,-89.992,46,ADM2,Landslide/Wet mass movement
SOM,Banadir,0,2.107,45.427,46,ADM2,
PER,Padre Márquez,6,-7.867,-74.899,45,ADM3,Storm
MDG,Alaotra-Mangoro,6,-18.019,48.355,45,ADM1,Flood
IDN,Kudus,6,-6.817,110.838,45,ADM2,Flood
BRA,Manhuaçu,6,-20.186,-42.087,45,ADM2,Storm
PER,Andahuaylas,6,-13.662,-73.377,45,ADM3,Storm
PER,Chuquibambilla,6,-14.105,-72.708,45,ADM3,Storm
PER,Miracosta,6,-6.405,-79.284,45,ADM3,Dry mass movement
PER,Mochumí,6,-6.547,-79.865,45,ADM3,Flood
USA,Dana,6,37.554,-82.691,45,ADM3,Storm
PER,Santiago De Lucanamarca,6,-13.826,-74.533,45,ADM3,Flood
VNM,An Giang province,6,10.572,105.142,45,ADM1,Storm
GRC,Kato Revmatia,7,39.282,20.702,45,ADM3,Wildfire
USA,Steele,6,37.407,-82.188,45,ADM3,Storm
USA,Tomahawk,6,37.869,-82.597,45,ADM3,Storm
BRA,Tupanciretã,6,-29.022,-53.975,45,ADM2,Storm
PER,Platería,6,-15.948,-69.833,45,ADM3,Flood
CAN,Bear Creek,7,54.479,-109.432,45,?,Wildfire
PER,Laramate,6,-14.286,-74.843,45,ADM3,Flood
PER,Malvas,6,-9.929,-77.658,45,ADM3,Flood
PER,Asquipata,6,-14.055,-73.91,45,ADM3,Flood
BRA,Peri Mirim,6,-2.542,-44.934,45,ADM2,Flood
NGA,Michika I,1,10.621,13.379,45,ADM3,
PER,Tres Unidos,6,-6.806,-76.233,45,ADM3,Flood
BDI,Bugabira,6,-2.433,30.03,45,ADM2,Storm
IDN,Tarakan,6,3.3,117.633,45,ADM2,Landslide/Wet mass movement
PER,Huamatambo,6,-13.095,-75.677,45,ADM3,Flood
GTM,Chinautla,6,14.742,-90.483,45,ADM2,Flood
ESP,Oia,7,42.005,-8.876,45,ADM3,Wildfire
PER,Cacra,7,-12.813,-75.783,45,ADM3,Wildfire
ECU,Zamora Chinchipe,6,-4.062,-78.775,45,ADM1,Flood
PER,Lagunas,6,-5.227,-75.68,45,ADM3,Flood
USA,Montcalm,6,37.354,-81.253,45,ADM3,Storm
NGA,Sokoto,1,12.709,5.216,45,ADM1,
GRC,Καραβοστάσι,7,36.698,22.381,45,ADM3,Wildfire
KEN,Mau Narok,2,-0.601,36.015,45,ADM3,
JPN,Saga Prefecture,6,33.311,130.127,45,ADM1,Flood
PER,Mariscal Cáceres,6,-12.534,-74.933,45,ADM3,Flood
PER,San Pedro de Pillao,6,-10.439,-76.496,45,ADM3,Mixed disasters
NGA,Yola South,6,9.255,12.348,44,ADM3,Flood
USA,Dema,6,37.42,-82.805,44,ADM3,Storm
GTM,Alta Verapaz,2,15.5,-90.333,44,ADM1,
PER,Moya,6,-12.423,-75.154,44,ADM3,Flood
USA,Holcomb,6,33.761,-89.976,44,ADM3,Storm
PER,Pozuzo,6,-10.238,-75.69,44,ADM3,Landslide/Wet mass movement
USA,Mayersville,6,32.902,-91.051,44,ADM3,Storm
USA,Arkadelphia,6,34.134,-93.067,44,ADM3,Flood
BRA,Biguaçu,6,-27.412,-48.708,44,ADM2,Storm
ARG,Albardón,6,-31.218,-68.437,44,ADM2,Storm
NGA,K/Wuro Ngayandi,1,10.789,13.37,44,ADM3,
NGA,Madagali,6,10.889,13.628,44,ADM3,Flood
PER,San Miguel de Aco,6,-9.343,-77.43,44,ADM3,Flood
USA,Mayking,6,37.133,-82.766,44,ADM3,Storm
NGA,Balma,2,11.234,9.359,44,ADM3,
BDI,Higiro,6,-3.611,29.437,44,ADM3,Storm
IDN,Pelalawan Regency,6,0.238,102.255,44,ADM2,Flood
BDI,Tura,6,-2.431,30.492,44,ADM3,Flood
IDN,Malang,6,-7.977,112.634,43,ADM2,Storm
MEX,El Frijolar,2,28.012,-108.706,43,ADM3,
GTM,Pajapita,6,14.717,-92.07,43,ADM2,Flood
BDI,Gisoro,6,-3.427,30.327,43,ADM3,Flood
USA,Hubertus,6,43.237,-88.221,43,ADM3,Flood
USA,Fedscreek,6,37.403,-82.245,43,ADM3,Storm
PER,Haquira,6,-14.214,-72.188,43,ADM3,Flood
NGA,Chul / Rumirgo,1,10.635,13.105,43,ADM3,
NGA,Kawuri,1,11.574,13.537,43,ADM3,
NGA,Karlahi,1,9.09,12.701,43,ADM3,
NGA,Korongilim,1,10.852,12.668,43,ADM3,
NGA,Bille,2,9.264,11.901,43,ADM3,
BRA,Cônego Marinho,6,-14.988,-44.61,43,ADM2,Storm
USA,Grethel,6,37.491,-82.648,43,ADM3,Storm
PER,Quellouno,6,-12.522,-72.408,43,ADM3,Flood
KOR,Gwangju,6,35.156,126.83,43,ADM1,Flood
USA,Arleta,7,34.248,-118.432,43,ADM3,Wildfire
USA,Beckley,6,37.778,-81.188,43,ADM3,Storm
NPL,Tehrathum,7,27.131,87.533,43,?,Wildfire
PER,Huanuhuanu,6,-15.545,-73.923,43,ADM3,Flood
USA,Thornton,6,37.173,-82.778,43,ADM3,Storm
MEX,Querétaro,6,20.6,-100.396,43,ADM3,Flood
NGA,Dumna,2,9.71,11.868,43,ADM3,
NGA,Kanwa,2,12.726,6.617,43,ADM3,
ETH,May Cader,0,14.072,36.566,42,ADM3,
PER,Huacaña,6,-14.172,-73.886,42,ADM3,Flood
USA,Breeden,6,37.925,-82.266,42,ADM3,Storm
SLV,Cojutepeque,6,13.72,-88.933,42,ADM2,Flood
USA,Sidney,6,37.62,-82.357,42,ADM3,Storm
USA,Sonora,6,37.524,-85.893,42,ADM3,Storm
USA,Jeremiah,6,37.167,-82.929,42,ADM3,Storm
NGA,Isa South,2,13.168,6.389,42,ADM3,
GRC,Platanes,7,35.417,23.78,42,ADM3,Wildfire
USA,Salvisa,6,37.917,-84.858,42,ADM3,Storm
PER,Yupán,6,-8.615,-77.969,42,ADM3,Flood
PER,Tayabamba,6,-8.276,-77.296,42,ADM3,Flood
COL,Puerto Gaitán,6,3.994,-71.637,42,ADM2,Flood
COL,San Pelayo,6,9.0,-75.917,42,ADM2,Flood
NGA,Ruwan Jema,2,12.245,5.633,42,ADM3,
PYF,Tahiti,6,-17.687,-149.445,42,?,Landslide/Wet mass movement
USA,Proctor,6,35.095,-90.373,42,ADM3,Flood
BDI,Mugeni,6,-4.105,30.065,42,ADM3,Storm
COL,Silvania,6,4.425,-74.384,42,ADM2,Flood
BDI,Mwaza,6,-3.552,29.38,42,ADM3,Flood
USA,Herndon,6,37.505,-81.34,42,ADM3,Storm
USA,Emmalena,6,37.334,-83.074,42,ADM3,Storm
PER,San Juan,6,-13.203,-75.635,42,ADM3,Flood
PER,Cochabamba,6,-9.495,-77.86,42,ADM3,Flood
USA,Corinne,6,37.573,-81.356,42,ADM3,Storm
IDN,Liwa,6,-5.037,104.082,42,ADM2,Flood
USA,Fort Gay,6,38.116,-82.596,41,ADM3,Storm
PER,Santa Catalina,6,-6.113,-78.061,41,ADM3,Flood
BRA,Dona Francisca,6,-29.587,-53.34,41,ADM2,Flood
NGA,Kiri,6,8.148,11.951,41,ADM3,Flood
NGA,Gumsuri/Misakurbudu,6,11.018,12.944,41,ADM3,Flood
JPN,Horonobe,6,44.972,142.018,41,ADM3,Flood
VNM,Cao Bang province,6,22.742,106.121,41,ADM1,Landslide/Wet mass movement
PER,Tapo,6,-11.39,-75.564,41,ADM3,Flood
GTM,Samayac,6,14.581,-91.461,41,ADM2,Storm
GTM,San Gabriel,6,14.509,-91.503,41,ADM2,Flood
AUS,Koolewong,7,-33.47,151.324,41,ADM3,Wildfire
NGA,Mbabai,1,7.934,8.682,41,ADM3,
PER,Shunte,6,-8.413,-76.888,41,ADM3,Flood
CHL,Coyhaique,7,-45.485,-71.805,41,ADM3,Wildfire
BDI,Mitakataka,6,-3.125,29.369,41,ADM3,Flood
PER,Quiñota,6,-14.311,-72.138,41,ADM3,Storm
PER,Pucacolpa,6,-12.311,-74.352,41,ADM3,Flood
NGA,Yonov,2,7.619,9.345,41,ADM3,
USA,Robinson Creek,6,37.387,-82.537,41,ADM3,Storm
PER,Alto Inambari,6,-14.04,-69.298,41,ADM3,Flood
USA,Colgate,6,43.193,-88.207,41,ADM3,Flood
USA,Pinsonfork,6,37.553,-82.264,41,ADM3,Storm
GRC,Κοκκινονήσι,7,39.161,23.905,41,?,Wildfire
USA,El Segundo,7,33.919,-118.416,41,ADM3,Wildfire
AGO,Lunda Norte,6,-8.671,19.263,41,ADM1,Flood
PER,El Parco,6,-5.625,-78.476,41,ADM3,Flood
PER,Secclla,6,-13.083,-74.555,41,ADM3,Flood
BDI,Kabonga,6,-4.397,29.689,41,ADM3,Storm
PER,Independencia,6,-9.475,-77.496,41,ADM3,Flood
PER,Independencia,6,-13.885,-73.857,41,ADM3,Flood
MEX,Mexico,6,19.326,-99.822,41,ADM1,Flood
USA,Jesse,6,37.668,-81.573,40,ADM3,Storm
USA,Kimper,6,37.497,-82.35,40,ADM3,Storm
BRA,Guiricema,6,-21.013,-42.699,40,ADM2,Storm
MEX,Suchiate,6,14.632,-92.242,40,ADM3,Flood
IDN,Ngamprah,6,-6.838,107.517,40,ADM3,Landslide/Wet mass movement
BRA,Luciara,6,-11.014,-50.943,40,ADM2,Flood
BRA,Lavras,6,-21.267,-45.042,40,ADM2,Storm
BDI,Ruyigi,6,-3.473,30.25,40,ADM3,Flood
PER,Pangoa,6,-11.755,-74.385,40,ADM3,Dry mass movement
SLV,san carlos,6,13.626,-87.891,40,ADM2,Flood
PSE,Tubas,1,32.321,35.369,40,ADM3,
BRA,Capitólio,6,-20.592,-46.157,40,ADM2,Storm
ITA,Villadossola,6,46.07,8.261,40,ADM3,Landslide/Wet mass movement
ITA,Lauriano,6,45.152,7.989,40,ADM3,Landslide/Wet mass movement
USA,Gilbert,6,37.614,-81.867,40,ADM3,Storm
USA,DELORME,6,37.569,-82.143,40,ADM3,Storm
BRA,Candelária,6,-29.669,-52.788,40,ADM2,Storm
BRA,Vale Verde,6,-29.835,-52.106,40,ADM2,Flood
BRA,Veranópolis,6,-28.978,-51.557,40,ADM2,Storm
ESP,Llerena,7,38.234,-6.042,40,ADM3,Wildfire
BDI,Ngozi,0,-2.871,29.926,40,ADM1,
BRA,São João do Ivaí,6,-23.979,-51.883,40,ADM2,Hailstorm
GTM,Municipio de Chiquimula,6,14.804,-89.581,40,ADM2,Flood
PER,Suitucancha,6,-11.788,-75.937,40,ADM3,Flood
PSE,Balata RC,1,32.205,35.286,40,ADM3,
BRA,Governador Celso Ramos,6,-27.372,-48.579,40,ADM2,Storm
BRA,Godofredo Viana,6,-1.276,-45.766,40,ADM2,Flood
CHL,Nogales,7,-32.701,-71.16,40,ADM3,Wildfire
SLV,San Miguel,6,13.483,-88.182,40,ADM2,Flood
ARG,Tartagal,6,-22.521,-63.796,40,ADM3,Flood
ARG,Maquinista Savio,6,-34.406,-58.768,40,ADM3,Flood
PER,Cusco,6,-13.532,-71.967,39,ADM3,Dry mass movement
PER,Marcavelica,6,-4.882,-80.703,39,ADM3,Storm
IDN,Mojokerto,6,-7.474,112.433,39,ADM2,Tornado
BRA,Carangola,6,-20.708,-42.105,39,ADM2,Storm
USA,Worthington,6,39.453,-80.26,39,ADM3,Flood
NGA,Kingarwa,1,12.66,13.369,39,ADM3,
USA,Premier,6,37.422,-81.644,39,ADM3,Storm
CMR,Mayo-Danay,2,10.511,15.041,39,ADM2,
GRC,Tzigkounas,7,34.939,24.895,39,ADM3,Wildfire
IDN,Tidore Kepulauan,6,0.679,127.448,39,ADM2,Tornado
GTM,Santa Catarina Ixtahuacán,6,14.712,-91.376,39,ADM2,Landslide/Wet mass movement
PHL,La Carlota,6,10.425,122.922,39,ADM3,Tornado
NGA,Jarawa/Sangaya,1,11.905,14.356,39,ADM3,
VEN,Monagas,6,9.333,-63.0,39,ADM1,Flood
COL,Arauca,6,6.873,-70.48,39,ADM2,Flood
BDI,Munzenze,6,-2.994,30.722,39,ADM3,Storm
BDI,Bugarama,6,-3.697,29.379,39,ADM3,Storm
USA,Vicco,6,37.216,-83.062,39,ADM3,Storm
USA,Jackhorn,6,37.212,-82.706,39,ADM3,Storm
BDI,Mishiha,6,-3.073,30.722,39,ADM2,Storm
MAR,Safi,6,32.265,-9.231,39,ADM3,Flood
USA,Monongah,6,39.463,-80.218,39,ADM3,Flood
IDN,Bangko,6,-2.06,102.274,39,ADM2,Tornado
BDI,Gihogazi,6,-3.122,30.003,39,ADM3,Hailstorm
GTM,Aguacatán,6,15.342,-91.313,39,ADM2,Flood
BOL,Municipio Corque,6,-18.427,-67.818,39,ADM3,Flood
USA,Cornettsville,6,37.134,-83.077,39,ADM3,Storm
USA,Combs,6,37.267,-83.213,39,ADM3,Storm
BRA,Poá,6,-23.53,-46.347,39,ADM2,Storm
BRA,Jacareacanga,7,-7.445,-57.303,39,ADM2,Wildfire
PER,Copallin,6,-5.675,-78.423,38,ADM3,Flood
NGA,Kwajaffa/Hang,1,10.506,12.484,38,ADM3,
PER,Chontalí,6,-5.646,-79.088,38,ADM3,Dry mass movement
PER,Yambrasbamba,6,-5.736,-77.925,38,ADM3,Dry mass movement
CYP,Potamiou,7,34.824,32.807,38,ADM3,Wildfire
BDI,Cibitoke,6,-2.886,29.118,38,ADM3,Flood
GTM,Santa María Nebaj,6,15.406,-91.147,38,ADM2,Landslide/Wet mass movement
BRA,Timóteo,6,-19.555,-42.599,38,ADM2,Flood
BRA,São Francisco de Assis,6,-29.431,-55.136,38,ADM2,Storm
PER,Pacora,6,-6.428,-79.839,38,ADM3,Flood
UKR,Siversk,1,48.862,38.09,38,ADM3,
UKR,Свеса,1,51.948,33.937,38,ADM3,
BDI,Kajerama,6,-2.841,29.199,38,ADM3,Flood
PER,Manta,6,-12.62,-75.211,38,ADM3,Flood
PER,Santa Lucía,6,-14.978,-74.524,38,ADM3,Flood
JPN,Shiraoi,6,42.49,141.326,38,ADM2,Flood
PER,Coata,6,-15.571,-69.949,38,ADM3,Flood
PER,Íllimo,6,-6.474,-79.855,38,ADM3,Flood
PER,Morcolla,6,-14.109,-73.872,38,ADM3,Flood
PER,Milpuc,6,-6.499,-77.44,38,ADM3,Flood
PER,Cabanilla,6,-15.62,-70.346,38,ADM3,Flood
ECU,Imbabura,6,0.375,-78.356,38,ADM1,Flood
PER,San Bartolomé,6,-11.912,-76.529,38,ADM3,Flood
USA,Smilax,6,37.136,-83.282,38,ADM3,Storm
PER,San Pablo,6,-3.716,-71.397,38,ADM3,Storm
PER,San Juan,6,-8.669,-77.626,38,ADM3,Flood
USA,Jeff,6,37.205,-83.136,38,ADM3,Storm
USA,Huntington,6,38.419,-82.445,38,ADM3,Storm
PER,Jose Leonardo Ortiz,6,-6.74,-79.842,38,ADM3,Flood
PER,Héroes Albarracín,6,-17.488,-70.21,38,ADM3,Flood
USA,Vancleve,6,37.628,-83.414,38,ADM3,Storm
AUS,New Lambton,6,-32.928,151.711,38,ADM3,Landslide/Wet mass movement
NGA,Adamawa,6,9.651,12.971,38,ADM3,Flood
PER,Taraco,6,-15.298,-69.978,38,ADM3,Flood
SOM,Bandarbeyla,6,9.494,50.812,38,ADM2,Drought
CHL,San Esteban,7,-32.665,-70.359,38,ADM3,Wildfire
NGA,Chibok Likama,2,10.916,12.857,38,ADM3,
NGA,Maiha Gari,1,9.982,13.232,38,ADM3,
MEX,Amealco de Bonfil,7,20.187,-100.069,37,ADM3,Wildfire
NGA,Sokoto,6,12.709,5.216,37,ADM1,Mixed disasters
JPN,Ishikawa Prefecture,6,37.102,136.867,37,ADM1,Flood
USA,East Point,6,37.746,-82.791,37,ADM3,Storm
USA,Vernon,7,34.004,-118.23,37,ADM3,Wildfire
PER,Challhuahuacho,6,-14.119,-72.247,37,ADM3,Flood
NGA,Gazabure,2,12.9,12.819,37,ADM3,
USA,Lyburn,6,37.802,-81.931,37,ADM3,Storm
USA,Rolling Fork,6,32.907,-90.878,37,ADM3,Storm
PER,Anco,6,-13.037,-73.661,37,ADM3,Flood
NGA,Imburu,6,9.485,12.019,37,ADM3,Flood
USA,Williamsport,6,39.598,-77.818,37,ADM3,Flood
PER,Tomepampa,6,-15.213,-72.785,37,ADM3,Flood
PER,Upahuacho,6,-14.907,-73.398,37,ADM3,Flood
ARG,Isla Apipé,6,-27.556,-56.719,37,ADM3,Flood
MEX,Tamazunchale,6,21.244,-98.797,37,ADM3,Flood
BDI,Kazirabageni,6,-4.259,29.619,37,ADM3,Flood
IDN,Sungai Raya,6,0.711,108.857,37,ADM2,Flood
NGA,Vimtim,1,10.307,13.324,37,ADM3,
RUS,Nevelsky District,6,46.257,141.241,37,ADM2,Flood
BDI,Gasorwe,6,-2.833,30.228,37,ADM3,Hailstorm
MEX,Coyuca de Benítez,6,17.178,-100.026,37,ADM3,Storm
PER,Yanacancha,6,-10.67,-76.254,37,ADM3,Flood
VNM,Ca Mau province,6,8.913,104.555,37,ADM1,Storm
PER,Andamarca,6,-11.728,-74.802,37,ADM3,Flood
AGO,Vista Alegre,6,-8.342,14.747,37,ADM3,Storm
BRA,Seara,6,-27.145,-52.349,36,ADM2,Hailstorm
BRA,Taquari,6,-29.729,-51.818,36,ADM2,Storm
BRA,Teresópolis,6,-22.313,-42.874,36,ADM2,Storm
GTM,Santa Cruz Barillas,6,15.804,-91.315,36,ADM2,Landslide/Wet mass movement
BOL,Municipio Chaquí,6,-19.596,-65.55,36,ADM3,Hailstorm
BDI,Kavumu,6,-3.223,30.429,36,ADM3,Storm
USA,Lick Creek,6,37.38,-82.297,36,ADM3,Storm
GTM,Palencia,6,14.684,-90.311,36,ADM2,Landslide/Wet mass movement
GTM,Municipio de Huehuetenango,6,15.314,-91.388,36,ADM2,Landslide/Wet mass movement
NGA,Wassaram,1,11.636,12.337,36,ADM3,
PER,Castilla,6,-5.115,-80.534,36,ADM3,Storm
PER,Pichirhua,6,-13.861,-73.073,36,ADM3,Mixed disasters
USA,Glencoe,6,33.409,-105.449,36,ADM3,Flood
USA,Helton,6,36.954,-83.391,36,ADM3,Storm
USA,Deane,6,37.239,-82.773,36,ADM3,Storm
BOL,Municipio Presto,6,-18.754,-64.902,36,ADM3,Flood
BRA,Canelinha,6,-27.249,-48.788,36,ADM2,Storm
BRA,Governador Lindenberg,6,-19.2,-40.495,36,ADM2,Storm
MKD,Oblavce,7,42.157,21.909,36,ADM3,Wildfire
BOL,Municipio Laja,6,-16.614,-68.486,36,ADM3,Hailstorm
PER,El Milagro,6,-5.638,-78.558,36,ADM3,Flood
GRC,Καλησπεριάνικα,7,36.193,22.963,36,?,Wildfire
BRA,Colatina,6,-19.462,-40.663,36,ADM2,Flood
BOL,Municipio Villa Rivero,6,-17.649,-65.852,36,ADM3,Flood
BDI,Higiro,6,-2.824,30.271,36,ADM3,Hailstorm
LKA,Medawachchiya,6,8.539,80.493,36,ADM3,Flood
GTM,Municipio de Santa Cruz Naranjo,6,14.383,-90.369,36,ADM2,Flood
GRC,Municipality of Lavreotiki,7,37.757,24.0,36,ADM3,Wildfire
NGA,Kankara,2,11.931,7.414,36,ADM3,
PER,Mollepampa,6,-13.311,-75.41,35,ADM3,Flood
TUR,Ankara,7,39.709,32.498,35,ADM1,Wildfire
PER,Huanca,6,-15.889,-71.789,35,ADM3,Flood
PER,Arapa,6,-15.139,-70.11,35,ADM3,Flood
PSE,Dhinnaba,1,32.313,35.044,35,ADM3,
KOR,Gochang-gun,7,35.441,126.577,35,ADM2,Wildfire
COL,Granada,6,3.458,-73.771,35,ADM2,Flood
PER,Yauyos,6,-12.46,-75.919,35,ADM3,Flood
PER,Cujillo,6,-6.107,-78.574,35,ADM3,Flood
PER,Camporredondo,6,-6.215,-78.32,35,ADM3,Flood
SLV,Tecoluca,6,13.537,-88.781,35,ADM2,Flood
COL,Orito,6,0.668,-76.935,35,ADM2,Flood
PER,Quehue,7,-14.38,-71.455,35,ADM3,Wildfire
BDI,Minago,6,-3.757,29.363,35,ADM3,Storm
IDN,Keerom,6,-3.326,140.664,35,ADM2,Landslide/Wet mass movement
CAF,Boda,1,4.32,17.467,35,ADM2,
MEX,Choix,2,26.663,-108.353,35,ADM3,
COL,La Primavera,6,5.515,-69.498,35,ADM2,Flood
IND,Bathinda,2,30.208,74.949,35,ADM3,
SOM,Baraawe,6,1.108,43.845,35,ADM2,Drought
PER,Ichupampa,6,-15.65,-71.687,35,ADM3,Flood
PER,Salas,6,-13.922,-75.876,35,ADM3,Flood
PER,Livitaca,6,-14.313,-71.69,35,ADM3,Storm
COL,San Antero,6,9.361,-75.786,35,ADM2,Storm
GTM,Pachalum,6,14.926,-90.661,35,ADM2,Earthquake
PER,Pampas Grande,6,-9.655,-77.827,35,ADM3,Flood
USA,Baisden,6,37.584,-81.905,35,ADM3,Storm
USA,Lancaster,6,37.62,-84.578,35,ADM3,Storm
MYS,Rembau,6,2.592,102.095,35,?,Flood
MEX,Hidalgo del Parral,2,27.115,-105.764,34,ADM3,
USA,Minnie,6,37.472,-82.754,34,ADM3,Storm
PER,Villa Rica,6,-10.735,-75.268,34,ADM3,Dry mass movement
USA,Bardstown,6,37.809,-85.467,34,ADM3,Storm
USA,Westlake Village,7,34.146,-118.806,34,ADM3,Wildfire
GTM,San Pedro Jocopilas,6,15.167,-91.171,34,ADM2,Flood
USA,Majestic,6,37.534,-82.1,34,ADM3,Storm
USA,MARSHALL,6,61.878,-162.083,34,ADM3,Flood
SLV,El Refugio,6,13.975,-89.706,34,ADM2,Earthquake
NGA,Zumo,2,9.786,12.944,34,ADM3,
NGA,Zamfara,1,12.023,6.014,34,ADM1,
USA,Kansas,6,38.522,-98.329,34,ADM1,Winter storm/Blizzard
BDI,Muyange,6,-4.32,29.685,34,ADM3,Storm
USA,Saint Ann,6,38.731,-90.389,34,ADM3,Storm
PER,Sallique,6,-5.658,-79.316,34,ADM3,Flood
PER,Sapillica,6,-4.813,-79.971,34,ADM3,Flood
MEX,Pueblo Nuevo Solistahuacán,6,17.225,-92.867,34,ADM3,Landslide/Wet mass movement
GTM,Santa Cruz Muluá,6,14.581,-91.624,34,ADM2,Flood
PER,Paccho,6,-10.957,-76.933,34,ADM3,Flood
BGD,Dighalia,6,22.892,89.526,34,ADM1,Flood
PER,Paucas,6,-9.153,-76.899,34,ADM3,Flood
PER,Pinra,6,-8.925,-77.015,34,ADM3,Flood
GTM,Iztapa,6,13.991,-90.694,34,ADM2,Flood
USA,Burgin,6,37.753,-84.767,34,ADM3,Storm
UGA,Kasese,6,0.131,30.005,34,ADM1,Flood
MYS,Southwest Penang Island District,6,5.368,100.222,34,ADM2,Flood
PER,Condebamba,6,-7.532,-78.095,34,ADM3,Flood
USA,Central City,6,37.294,-87.123,34,ADM3,Storm
TWN,Taoyuan,6,24.854,121.257,34,ADM3,Typhoon/Hurricane/Cyclone
PER,Ocucaje,6,-14.347,-75.672,34,ADM3,Flood
BRA,Curitiba,6,-25.504,-49.291,34,ADM2,Flood
MMR,Kyauktan,6,16.602,96.454,33,ADM3,Tornado
BRA,Esperança do Sul,6,-27.321,-54.011,33,ADM2,Storm
ARG,Venado Tuerto,6,-33.746,-61.969,33,ADM3,Flood
NGA,Hong,6,10.232,12.93,33,ADM3,Flood
BOL,Municipio Rurrenabaque,6,-14.783,-67.275,33,ADM3,Flood
GTM,Santa Ana,6,16.808,-89.824,33,ADM2,Flood
PER,Kishuara,6,-13.691,-73.119,33,ADM3,Flood
USA,Town of Oconomowoc,6,43.147,-88.46,33,ADM3,Flood
UGA,Moyo,6,3.654,31.724,33,ADM3,Flood
BDI,Gitunda,6,-3.608,29.378,33,ADM3,Flood
USA,Ashcamp,6,37.266,-82.435,33,ADM3,Storm
GTM,San José,6,16.982,-89.901,33,ADM2,Flood
GRC,Kampia,7,38.572,25.982,33,ADM3,Wildfire
NGA,Mboa Kura,1,10.949,12.748,33,ADM3,
GRC,Revmatia,7,37.212,21.855,33,ADM3,Wildfire
BDI,Gisagara,6,-3.203,30.689,33,ADM3,Flood
USA,Edmondson,6,35.102,-90.309,33,ADM3,Flood
NGA,Mulgwai / Kopchi,2,11.183,13.22,33,ADM3,
PER,Nuevo Occoro,6,-12.595,-75.02,33,ADM3,Flood
USA,Pageton,6,37.349,-81.465,33,ADM3,Storm
IDN,Ciamis,6,-7.327,108.353,33,ADM3,Tornado
IDN,Bulukumba,6,-5.552,120.192,33,ADM2,Flood
PER,Chalamarca,6,-6.503,-78.48,33,ADM3,Flood
PER,Río Magdalena,6,-12.875,-73.659,33,ADM3,Flood
PER,Caraz,6,-9.043,-77.809,33,ADM3,Flood
USA,Forest Hills,6,37.638,-82.294,32,ADM3,Storm
NGA,Oglewu Icho,2,7.259,8.025,32,ADM3,
PNG,Enga Province,2,-5.493,143.372,32,ADM1,
PER,Tambo,6,-12.948,-74.02,32,ADM3,Flood
PRT,Abrantes,6,39.44,-8.128,32,ADM3,Storm
NGA,Ikyaghev,2,7.567,8.188,32,ADM3,
USA,Milton,6,38.724,-85.369,32,ADM3,Storm
USA,Dwale,6,37.623,-82.724,32,ADM3,Storm
BRA,Crucilândia,6,-20.407,-44.36,32,ADM2,Storm
BDI,Butezi,6,-3.843,30.241,32,ADM3,Flood
USA,Tram,6,37.573,-82.646,32,ADM3,Storm
USA,Bypro,6,37.359,-82.726,32,ADM3,Storm
JPN,Akita Prefecture,6,39.692,140.09,32,ADM1,Flood
JPN,Tokyo,6,34.226,139.295,32,ADM1,Tsunami
COL,Santa María,6,4.823,-73.254,32,ADM2,Landslide/Wet mass movement
IDN,Trenggalek,6,-8.049,111.709,32,ADM2,Landslide/Wet mass movement
USA,Bexar,7,29.434,-98.472,32,ADM2,Wildfire
UGA,Bukomansimbi,6,-0.167,31.62,32,ADM3,Storm
MMR,Einme,6,16.764,95.081,32,ADM3,Storm
HND,Copán,6,14.895,-88.926,32,ADM1,Flood
USA,Mount Gay,6,37.847,-82.013,32,ADM3,Storm
BRA,Sapiranga,6,-29.625,-50.977,32,ADM2,Flood
BRA,Itapecerica da Serra,6,-23.742,-46.855,32,ADM2,Storm
COL,Sardinata,6,8.234,-72.82,32,ADM2,Flood
COL,Pueblorrico,6,5.8,-75.85,32,ADM2,Landslide/Wet mass movement
USA,Lashmeet,6,37.421,-81.199,32,ADM3,Storm
COL,Santa Cruz de Mompox,6,9.24,-74.425,32,ADM2,Storm
NGA,Gawa,1,11.853,13.823,32,ADM3,
LKA,Manmunai North DS Division,6,7.731,81.684,32,ADM2,Flood
COL,Líbano,6,4.836,-75.108,32,ADM2,Landslide/Wet mass movement
PER,Cachachi,6,-7.449,-78.269,32,ADM3,Flood
BDI,Mugina,6,-2.753,29.109,32,ADM3,Flood
NGA,Dawo II,6,8.008,11.752,32,ADM3,Flood
NGA,Burashika,1,10.139,11.921,32,ADM3,
NGA,Giza Galadima,1,8.205,8.627,32,ADM3,
GRC,Spaliareika,7,38.109,21.579,32,ADM3,Wildfire
NGA,Mbachohon,2,7.696,8.188,32,ADM3,
NGA,Mayo-Belwa,6,9.054,12.058,32,ADM3,Flood
USA,Crawfordsville,6,35.228,-90.326,32,ADM3,Flood
GRC,Nea Potamia,7,38.519,25.945,32,ADM3,Wildfire
GRC,Anydri,7,35.252,23.719,32,ADM3,Wildfire
VNM,Đầm Dơi District,6,8.964,105.249,31,ADM2,Landslide/Wet mass movement
VNM,Quang Nam Province,6,15.597,107.976,31,ADM1,Storm
ATF,Base Martin de Viviès,7,-37.796,77.572,31,ADM3,Wildfire
JPN,Nagasaki Prefecture,6,33.086,129.217,31,ADM1,Flood
SLV,colon,6,13.626,-87.891,31,ADM2,Flood
CHN,Longsheng,6,25.802,110.008,31,ADM3,Landslide/Wet mass movement
USA,Redfox,6,37.215,-82.944,31,ADM3,Storm
NGA,Galadima Dan Galadima,2,12.553,6.608,31,ADM3,
PER,District of Canoas de Punta Sal,6,-4.012,-80.89,31,ADM3,Flood
PER,District of Matapalo,6,-3.756,-80.252,31,ADM3,Flood
ITA,Catarratti,6,38.196,15.524,31,ADM3,Flood
PER,Cochabamba,6,-6.474,-78.885,31,ADM3,Flood
PER,Pueblo Nuevo,6,-6.628,-79.823,31,ADM3,Flood
NZL,Marlborough,6,-41.474,173.833,31,ADM1,Flood
USA,Mantachie,6,34.324,-88.491,31,ADM3,Storm
CAN,Cole Bay,7,55.083,-108.338,31,ADM3,Wildfire
BDI,Rimbo,6,-4.181,29.558,31,ADM3,Flood
BDI,Mika,6,-2.556,30.445,31,ADM3,Hailstorm
PER,Chungui,6,-13.228,-73.608,31,ADM3,Flood
PER,Coronel Castañeda,6,-14.773,-73.183,31,ADM3,Flood
PER,Chuschi,6,-13.585,-74.352,31,ADM3,Flood
PER,Mariscal Castilla,6,-6.582,-77.77,31,ADM3,Dry mass movement
LKA,Dehiattakandiya,6,7.672,81.041,31,ADM3,Flood
BRA,Nova Mamoré,6,-10.538,-64.494,31,ADM2,Flood
IDN,Bangkalan,6,-7.029,112.747,31,ADM2,Tornado
IDN,Bandar Lampung,6,-5.446,105.264,31,ADM2,Tornado
PER,Nueva Arica,6,-6.874,-79.344,31,ADM3,Flood
IDN,Bolaang,6,0.941,124.156,31,ADM2,Flood
PER,Checca,6,-14.473,-71.394,31,ADM3,Flood
BRA,Ibirité,6,-20.015,-44.077,31,ADM2,Storm
PER,Sanagorán,6,-7.789,-78.139,31,ADM3,Flood
RUS,Shebekino,1,50.409,36.894,31,ADM3,
PER,Cuenca,6,-12.433,-75.039,31,ADM3,Flood
NGA,Ngulde,1,10.648,12.543,31,ADM3,
GTM,San Andrés,6,16.973,-89.915,31,ADM2,Flood
NGA,Runka B,2,12.416,7.191,31,ADM3,
PER,Saurama,6,-13.695,-73.759,31,ADM3,Flood
NGA,Shanawa,2,13.097,6.474,31,ADM3,
GTM,Municipio de Jutiapa,6,14.304,-89.929,31,ADM2,Flood
MEX,Mexico City,7,19.321,-99.152,31,ADM1,Sinkhole
USA,Blackey,6,37.14,-82.979,31,ADM3,Storm
CRI,Cantón San José,6,9.936,-84.092,31,ADM2,Landslide/Wet mass movement
IDN,Pangkalan Balai,6,-2.907,104.414,31,ADM2,Tornado
ARG,Huacalera,6,-23.401,-65.378,30,ADM3,Flood
BRA,Porto Barreiro,6,-25.581,-52.392,30,ADM2,Tornado
BRA,Passa Quatro,6,-22.409,-44.96,30,ADM2,Hailstorm
BRA,Pedra Bonita,6,-20.467,-42.378,30,ADM2,Storm
PER,Huacrachuco,6,-8.604,-77.149,30,ADM3,Flood
BRA,Itapetinga,6,-15.334,-40.086,30,ADM2,Flood
BRA,Machado,6,-21.695,-45.888,30,ADM2,Storm
MEX,Pénjamo,6,20.405,-101.841,30,ADM3,Flood
ECU,Cotopaxi,6,-0.827,-78.894,30,ADM1,Flood
BRA,Maués,6,-5.063,-58.303,30,ADM2,Storm
UKR,Dobropillia Raion,1,48.474,37.272,30,ADM2,
NGA,Konduga,1,11.676,13.411,30,ADM3,
ARG,Calingasta,6,-31.447,-69.882,30,ADM2,Storm
NGA,Jewu / Lamboa,1,11.737,12.759,30,ADM3,
GRC,Spartounda,7,38.545,25.992,30,?,Wildfire
USA,Stanville,6,37.567,-82.642,30,ADM3,Storm
BRA,Baixo Guandu,6,-19.524,-40.964,30,ADM2,Flood
BOL,Municipio Porongo (Ayacucho),6,-17.754,-63.359,30,ADM3,Flood
ARG,Oliveros,6,-32.577,-60.854,30,ADM3,Flood
USA,Winona,6,33.482,-89.728,30,ADM3,Storm
USA,Wisconsin,6,44.898,-89.723,30,ADM1,Storm
BRA,Varzelândia,6,-15.655,-43.92,30,ADM2,Drought
CHE,Tour du Val de Bagnes,6,46.018,7.201,30,?,Landslide/Wet mass movement
GTM,San Pedro Necta,6,15.492,-91.766,30,ADM2,Landslide/Wet mass movement
ARG,Olavarría,6,-36.895,-60.321,30,?,Storm
NGA,Ajign (A),1,11.137,12.209,30,ADM3,
MEX,Cuernavaca,6,18.933,-99.26,30,ADM3,Flood
USA,Boons Camp,6,37.833,-82.701,30,ADM3,Storm
USA,Thorpe,6,37.369,-81.516,30,ADM3,Storm
IDN,Samarinda,6,-0.502,117.139,30,ADM2,Landslide/Wet mass movement
USA,Rowdy,6,37.392,-83.249,30,ADM3,Storm
BRA,Alvorada do Sul,6,-22.809,-51.274,30,ADM2,Hailstorm
KOR,Gyeongju-si,7,35.856,129.234,30,ADM2,Wildfire
PER,Namballe,6,-5.005,-79.088,30,ADM3,Flood
USA,Bryant,6,34.596,-92.488,30,ADM3,Flood
BRA,Claro dos Poções,6,-17.097,-44.233,30,ADM2,Storm
BRA,Presidente Epitácio,6,-21.918,-52.175,30,ADM2,Flood
BRA,Conceição da Barra,6,-18.585,-39.736,30,ADM2,Erosion
BRA,São Sepé,6,-30.16,-53.609,30,ADM2,Storm
BRA,Leópolis,6,-23.025,-50.726,30,ADM2,Hailstorm
USA,Newport,6,35.607,-91.283,30,ADM3,Flood
BRA,Toropi,6,-29.479,-54.293,30,ADM2,Storm
BRA,Marques de Souza,6,-29.273,-52.157,30,ADM2,Landslide/Wet mass movement
BRA,Mandaguaçu,6,-23.264,-52.03,30,ADM2,Hailstorm
GRC,Βιαράδικα,7,36.239,23.003,29,ADM3,Wildfire
GRC,Κιόνια,7,37.866,22.452,29,ADM3,Wildfire
NGA,Gajibo,1,12.11,13.989,29,ADM3,
USA,Wharncliffe,6,37.555,-81.966,29,ADM3,Storm
USA,Corning,6,36.409,-90.583,29,ADM3,Flood
USA,Lackey,6,37.468,-82.829,29,ADM3,Storm
USA,Palmview,6,26.233,-98.371,29,ADM3,Flood
NGA,Lamma,1,8.805,11.809,29,ADM3,
NGA,Kodomti,2,9.454,11.866,29,ADM3,
GHA,Frankadua,6,6.332,0.167,29,ADM3,Flood
BDI,Busaga,6,-3.874,29.436,29,ADM3,Storm
USA,Santa Fe Springs,7,33.947,-118.085,29,ADM3,Wildfire
USA,Salem,6,36.371,-91.827,29,ADM3,Flood
BOL,Municipio Apolo,6,-14.589,-68.145,29,ADM3,Flood
PER,Abancay,6,-13.637,-72.879,29,ADM3,Flood
USA,Eastview,6,37.589,-86.056,29,ADM3,Storm
ESP,Bonares,7,37.322,-6.68,29,ADM3,Wildfire
USA,Millstone,6,37.167,-82.752,29,ADM3,Storm
PER,Ongoy,6,-13.403,-73.668,29,ADM3,Flood
PER,Ascensión,6,-12.826,-75.218,29,ADM3,Flood
BOL,Municipio Licoma,6,-16.817,-67.215,29,ADM3,Flood
NGA,Konkol,1,9.616,13.116,28,ADM3,
NGA,Gazabure,1,12.9,12.819,28,ADM3,
GRC,Palaia Peristera,7,38.117,21.655,28,ADM3,Wildfire
USA,McAndrews,6,37.574,-82.268,28,ADM3,Storm
AUS,Marble Bar,6,-21.171,119.746,28,ADM3,Storm
BRA,Cachoeira Grande,6,-2.929,-44.057,28,ADM2,Flood
ARG,Salto,6,-34.292,-60.255,28,ADM3,Flood
YEM,Dhamar Governorate,1,14.54,44.306,28,ADM1,
PER,Ayaviri,6,-14.882,-70.59,28,ADM3,Flood
MYS,Bau,6,1.418,110.155,28,ADM3,Flood
PAN,Distrito Boquete,6,8.741,-82.385,28,ADM2,Landslide/Wet mass movement
ROU,Botoșani,6,47.852,26.76,28,ADM1,Flood
PER,Shilla,6,-9.154,-77.565,28,ADM3,Landslide/Wet mass movement
PER,Tingo De Ponasa,6,-6.97,-76.212,28,ADM3,Storm
PER,Oronccoy,6,-13.346,-73.393,28,ADM3,Flood
BRA,Salto do Céu,6,-15.134,-57.959,28,ADM2,Flood
NGA,Pariya,1,9.381,12.7,28,ADM3,
PER,Ayapata,6,-13.777,-70.323,28,ADM3,Landslide/Wet mass movement
TWN,Hsinchu County,6,24.687,121.15,28,ADM2,Typhoon/Hurricane/Cyclone
PER,Sausa,6,-11.793,-75.483,28,ADM3,Mixed disasters
PER,Sarín,6,-7.919,-77.926,28,ADM3,Flood
PER,Andajes,6,-10.793,-76.909,28,ADM3,Dry mass movement
USA,Ravencliff,6,37.698,-81.481,28,ADM3,Storm
BDI,Kiremba,6,-2.83,30.024,28,ADM2,Storm
PER,San Francisco de Asís,7,-9.977,-76.629,28,ADM3,Wildfire
COL,Municipio de Íquira,6,2.695,-75.674,28,ADM2,Landslide/Wet mass movement
COL,Montelíbano,6,7.761,-75.922,28,ADM2,Flood
GTM,San Gaspar Ixchil,6,15.388,-91.727,28,ADM2,Flood
BDI,Mugozi,6,-3.262,30.496,28,ADM3,Flood
COL,Cereté,6,8.882,-75.822,28,ADM2,Flood
PER,José Crespo y Castillo,6,-8.851,-76.074,28,ADM3,Flood
BRA,Avaré,6,-23.034,-48.888,28,ADM2,Flood
PER,Requena,6,-5.064,-73.856,28,ADM3,Storm
PER,Tournavista,6,-8.931,-74.705,28,ADM3,Flood
PER,Tunan Marca,6,-11.702,-75.62,28,ADM3,Flood
GRC,Afrodisia,7,38.555,25.927,28,ADM3,Wildfire
NGA,Bangshika,6,10.199,12.991,28,ADM3,Flood
USA,Rock View,6,37.618,-81.539,28,ADM3,Storm
COL,San Bernardo del Viento,6,9.335,-75.969,28,ADM2,Flood
COL,Puerto Lleras,6,3.27,-73.373,28,ADM2,Flood
BRA,Major Gercino,6,-27.423,-49.057,28,ADM2,Hailstorm
USA,Louisa,6,38.114,-82.603,28,ADM3,Storm
PER,San Pedro de Larcay,6,-14.169,-73.573,28,ADM3,Flood
BRA,Turmalina,6,-20.06,-50.456,28,ADM2,Hailstorm
PER,Picsi,6,-6.718,-79.77,28,ADM3,Flood
MEX,Jiutepec,6,18.886,-99.17,28,ADM3,Flood
PER,Santa Ana,6,-13.072,-75.14,28,ADM3,Flood
RUS,Novaya Tavolzhanka,1,50.345,36.825,28,ADM3,
PER,Huancaya,6,-12.203,-75.799,28,ADM3,Flood
RUS,Grayvoronsky District,1,50.532,35.658,28,ADM2,
USA,Town of Cedarburg,6,43.323,-88.026,28,ADM3,Flood
IDN,Kumurkek,6,-1.388,132.461,28,ADM2,Flood
PER,Megantoni,6,-11.717,-72.91,28,ADM3,Storm
RUS,Borisovka,1,50.611,36.012,28,ADM3,
ZAF,Nkandla,6,-28.62,31.091,27,ADM3,Storm
IDN,Aceh Timur,6,4.702,97.645,27,ADM2,Tornado
CMR,Diamaré,2,10.663,14.416,27,ADM2,
NGA,Chibok Likama,1,10.916,12.857,27,ADM3,
USA,Maywood,7,33.987,-118.185,27,ADM3,Wildfire
PER,San José del Alto,6,-5.465,-79.018,27,ADM3,Flood
USA,Staffordsville,6,37.83,-82.842,27,ADM3,Storm
BRA,Ilha de Itamaracá,6,-7.747,-34.847,27,ADM2,Erosion
USA,Lockport,6,38.436,-84.967,27,ADM3,Storm
USA,Stanford,6,37.531,-84.662,27,ADM3,Storm
NGA,Karagawaru,1,11.889,12.542,27,ADM3,
GRC,Regional Unit of East Attica,7,37.99,23.98,27,ADM2,Wildfire
IDN,Kuningan,6,-6.981,108.488,27,ADM2,Tornado
GRC,Προφήτης Ηλίας,7,37.69,23.967,27,ADM3,Wildfire
USA,Yeaddiss,6,37.069,-83.218,27,ADM3,Storm
NGA,Makaurachi,2,11.866,7.809,27,ADM3,
PER,Kosñipata,6,-13.113,-71.291,27,ADM3,Flood
IDN,Maba,6,0.697,128.292,27,ADM2,Storm
PER,Cajatambo,6,-10.473,-76.993,27,ADM3,Dry mass movement
NOR,Notodden,6,59.692,9.128,27,ADM3,Storm
USA,Slemp,6,37.079,-83.112,27,ADM3,Storm
PER,Castrovirreyna,6,-13.283,-75.319,27,ADM3,Flood
UKR,Semenivka Raion,1,52.119,32.618,27,ADM2,
BRA,Santa Cecília,6,-26.962,-50.42,27,ADM2,Flood
USA,Playa del Rey,7,33.949,-118.446,27,ADM3,Wildfire
USA,Phyllis,6,37.443,-82.336,27,ADM3,Storm
USA,Middleton,6,35.065,-88.891,27,ADM3,Storm
PER,Ahuayro,7,-13.496,-73.808,27,ADM3,Wildfire
PER,Agua Blanca,6,-6.725,-76.695,27,ADM3,Storm
LKA,Palmadullagama,6,6.623,80.554,27,ADM3,Erosion
PER,Acos Vinchos,6,-13.12,-74.068,27,ADM3,Flood
IDN,Bondowoso,6,-7.913,113.822,27,ADM2,Flood
USA,Flatgap,6,37.934,-82.887,27,ADM3,Storm
PER,Socota,6,-6.288,-78.718,27,ADM3,Flood
ARG,Rosario del Tala,6,-32.3,-59.135,27,ADM3,Flood
BOL,Municipio Shinahota,6,-17.044,-65.325,27,ADM3,Flood
BRA,Boa Nova,6,-14.36,-40.23,27,ADM2,Storm
IDN,Tanjung Redeb,6,2.154,117.497,27,ADM2,Flood
PER,Bellavista,6,-4.89,-80.676,27,ADM3,Flood
UKR,Dniprovskyi district,1,50.456,30.584,27,?,
BDI,Busenyi,6,-2.65,30.091,27,ADM3,Storm
PER,Mañazo,6,-15.801,-70.343,27,ADM3,Flood
PER,Papaplaya,6,-6.209,-75.782,27,ADM3,Flood
USA,Los Indios,6,26.049,-97.745,27,ADM3,Flood
BDI,Kiremba,6,-2.88,30.283,26,ADM3,Storm
USA,Whick,6,37.422,-83.376,26,ADM3,Storm
BDI,Nyabwayi,6,-3.634,29.364,26,ADM3,Storm
BDI,Mwakiro,6,-3.09,30.312,26,ADM2,Hailstorm
FRA,Sigean,7,43.035,2.988,26,ADM3,Wildfire
NGA,Betso,1,10.468,13.284,26,ADM3,
PHL,Sara,6,11.259,123.013,26,ADM3,Tornado
USA,Garland City,6,33.358,-93.711,26,ADM3,Flood
GRC,Leptopoda,7,38.572,25.95,26,ADM3,Wildfire
USA,Clay City,6,37.859,-83.919,26,ADM3,Storm
BOL,Municipio Toro Toro,7,-18.204,-65.717,26,ADM3,Wildfire
UGA,Bundibugyo,6,0.649,30.042,26,ADM2,Landslide/Wet mass movement
ECU,Santa Elena Province,6,-2.088,-80.519,26,ADM1,Flood
NGA,Kekeno,1,12.767,13.7,26,ADM3,
MDG,Amoron'i Mania,6,-20.459,46.726,26,ADM1,Flood
NGA,Zowo,1,12.692,12.825,26,ADM3,
GRC,Azoghires,7,35.272,23.719,26,ADM3,Wildfire
NGA,Magarta / Sheffri,1,11.87,14.17,26,ADM3,
BRA,Panambi,6,-28.311,-53.554,26,ADM2,Flood
USA,Turrell,6,35.377,-90.257,26,ADM3,Flood
USA,Varney,6,37.639,-82.424,26,ADM3,Storm
BOL,Municipio Icla,6,-19.471,-64.736,26,ADM3,Flood
BRA,Galiléia,6,-18.869,-41.525,26,ADM2,Storm
USA,Hustonville,6,37.476,-84.815,26,ADM3,Storm
BOL,Municipio Ayata,6,-15.353,-68.755,26,ADM3,Flood
BRA,Serro,6,-18.52,-43.381,26,ADM2,Storm
BDI,Warubondo Market,6,-3.283,29.248,26,ADM3,Flood
BRA,Santa Terezinha de Goiás,6,-14.31,-49.714,26,ADM2,Storm
ECU,Cangagua,6,-0.268,-78.53,26,?,Storm
PER,Palcazu,6,-10.227,-75.282,26,ADM3,Storm
GTM,San José,6,13.994,-90.888,26,ADM2,Flood
PER,San Luis,6,-9.094,-77.329,26,ADM3,Flood
USA,Signal Hill,7,33.805,-118.168,26,ADM3,Wildfire
ZMB,Chongwe,6,-15.327,28.681,25,ADM3,Flood
BRA,Palmeirais,6,-5.785,-43.024,25,ADM2,Drought
BRA,Osasco,6,-23.526,-46.788,25,ADM2,Flood
NGA,Kungurki,2,12.597,6.497,25,ADM3,
ESP,Buñol,7,39.419,-0.791,25,ADM3,Wildfire
BRA,Paraopeba,6,-19.272,-44.453,25,ADM2,Storm
IDN,Depok,6,-6.407,106.814,25,ADM2,Storm
MEX,Asientos,6,22.132,-102.095,25,ADM3,Flood
BRA,Salvador do Sul,6,-29.48,-51.514,25,ADM2,Storm
MEX,Tijuana,6,32.501,-116.965,25,ADM3,Flood
MMR,Kayan,6,16.877,96.583,25,ADM3,Tornado
ESP,El Cardoso de la Sierra,7,41.116,-3.427,25,ADM3,Wildfire
BDI,Buhindo,6,-2.83,29.199,25,ADM3,Flood
PER,Chaupimarca,6,-10.698,-76.25,25,ADM3,Mixed disasters
PER,Mariano Dámaso Beraún,6,-9.395,-76.025,25,ADM3,Dry mass movement
PSE,Tulkarm Camp,1,32.314,35.035,25,ADM3,
GTM,Granados,6,14.939,-90.575,25,ADM2,Landslide/Wet mass movement
BRA,Miraselva,6,-22.977,-51.47,25,ADM2,Hailstorm
CRI,Casitas,6,10.125,-85.432,25,ADM3,Flood
BRA,Manicoré,6,-7.066,-61.557,25,ADM2,Flood
UKR,Kurtivka,1,48.612,37.624,25,ADM3,
BRA,Santa Fé,6,-23.042,-51.808,25,ADM2,Storm
BRA,Santa Vitória do Palmar,6,-33.243,-53.223,25,ADM2,Storm
COL,Tame,6,6.398,-71.784,25,ADM2,Flood
IDN,Nanga Bulik,6,-2.183,111.433,25,ADM2,Flood
COL,Toledo,6,7.232,-72.311,25,ADM2,Landslide/Wet mass movement
CRI,Pital,6,10.603,-84.237,25,ADM3,Flood
BRA,Assis,6,-22.587,-50.428,25,ADM2,Storm
USA,Kwethluk,6,60.81,-161.425,25,ADM3,Flood
HRV,Pisak,7,43.4,16.862,25,ADM3,Wildfire
BDI,Cankuzo,0,-3.145,30.59,25,ADM1,
BRA,Delfinópolis,6,-20.342,-46.84,25,ADM2,Storm
CRI,Cantón Carrillo,6,10.482,-85.651,25,ADM2,Flood
BRA,Maripá de Minas,6,-21.701,-42.959,25,ADM2,Storm
BDI,Monge,6,-2.596,30.007,25,ADM3,Hailstorm
USA,Shorewood,6,43.089,-87.888,25,ADM3,Flood
USA,Siletz,6,44.72,-123.918,25,ADM3,Landslide/Wet mass movement
COL,Ciénaga de Oro,6,8.836,-75.604,25,ADM2,Flood
NPL,Udayapur,6,27.576,82.9,25,ADM3,Flood
LBN,Koura District,1,34.331,35.806,25,ADM2,
LBN,Miniyeh-Danniyeh District,1,34.388,36.094,25,ADM2,
PER,José Sabogal,6,-7.214,-77.982,25,ADM3,Flood
COL,Sahagún,6,8.797,-75.442,25,ADM2,Flood
COL,Medio Baudó,6,5.05,-77.05,25,ADM2,Flood
COL,Pasto,6,1.215,-77.279,25,ADM2,Flood
COL,Neira,6,5.175,-75.524,25,ADM2,Landslide/Wet mass movement
AUS,Jundah,6,-24.833,143.062,25,ADM3,Flood
BDI,Mubondo,6,-4.24,29.744,25,ADM3,Flood
NPL,Makwanpur,6,27.437,85.055,25,ADM2,Flood
ARG,Municipio de María Teresa,6,-34.036,-61.916,25,ADM3,Storm
BRA,Medina,6,-16.302,-41.538,25,ADM2,Storm
USA,Essie,6,37.062,-83.452,25,ADM3,Storm
PER,Curasco,6,-14.062,-72.567,25,ADM3,Flood
USA,McHenry,6,37.382,-86.922,24,ADM3,Storm
UGA,Kamuli,6,0.942,33.126,24,ADM2,Storm
BRA,Munhoz,6,-22.629,-46.309,24,ADM2,Flood
MYS,Kuala Lumpur,6,3.139,101.682,24,ADM1,Storm
PER,Agallpampa,6,-7.982,-78.547,24,ADM3,Flood
PER,Suyo,6,-4.513,-80.003,24,ADM3,Flood
PER,Putina,6,-14.914,-69.868,24,ADM3,Flood
USA,Saulsbury,6,35.047,-89.088,24,ADM3,Storm
COD,Komanda,1,1.366,29.959,24,ADM3,
BRA,Osvaldo Cruz,6,-21.675,-50.842,24,ADM2,Flood
PER,Tintay,6,-13.96,-73.185,24,ADM3,Flood
CHN,Xuyong County,6,28.092,105.396,24,ADM2,Landslide/Wet mass movement
GTM,San Bartolomé Jocotenango,6,15.187,-91.036,24,ADM2,Landslide/Wet mass movement
GTM,Génova,6,14.622,-91.836,24,ADM2,Flood
PER,Subtanjalla,6,-14.018,-75.758,24,ADM3,Flood
PER,Puquina,6,-16.626,-71.184,24,ADM3,Flood
USA,Rineyville,6,37.75,-85.97,24,ADM3,Storm
USA,River Hills,6,43.168,-87.936,24,ADM3,Flood
BDI,Nyarutiti,6,-3.21,30.512,24,ADM3,Hailstorm
USA,Debord,6,37.826,-82.551,24,ADM3,Storm
BDI,Burara,6,-2.514,30.224,24,ADM3,Storm
USA,Glen Mawr,6,41.314,-76.653,24,ADM3,Flood
PER,Chillia,6,-8.125,-77.515,24,ADM3,Flood
PER,Anchihuay,6,-12.956,-73.713,24,ADM3,Flood
PER,Huabal,6,-5.613,-78.9,24,ADM3,Dry mass movement
USA,Closplint,6,36.904,-83.069,24,ADM3,Storm
AGO,Luquembo,6,-10.735,17.718,24,ADM3,Flood
ARG,Departamento San Luis del Palmar,6,-27.67,-58.337,24,ADM2,Flood
GTM,Teculután,6,15.059,-89.752,24,ADM2,Flood
BRA,Turmalina,6,-17.253,-42.83,24,ADM2,Storm
BRA,Lages,6,-27.945,-50.353,24,ADM2,Storm
PER,Cayara,6,-13.795,-73.989,24,ADM3,Flood
CRI,Cóbano,6,9.687,-85.112,24,ADM3,Flood
SSD,Unity State,6,9.5,30.0,24,ADM1,Flood
IDN,Negara,6,-8.359,114.622,24,ADM2,Landslide/Wet mass movement
PER,Laredo,6,-8.086,-78.959,24,ADM3,Flood
PER,Pararca,6,-15.218,-73.464,24,ADM3,Flood
USA,Newhall,6,37.264,-81.619,24,ADM3,Storm
USA,Bauxite,6,34.555,-92.522,24,ADM3,Flood
PER,Chupa,7,-15.106,-69.987,24,ADM3,Wildfire
NGA,Guyaku,1,10.336,12.658,24,ADM3,
BRA,Vitória do Xingu,7,-3.22,-51.885,24,ADM2,Wildfire
USA,Isom,6,37.188,-82.899,24,ADM3,Storm
BRA,Unaí,6,-16.586,-46.77,24,ADM2,Storm
USA,Bud,6,37.538,-81.379,24,ADM3,Storm
BDI,Gasaka,6,-4.208,29.789,24,ADM3,Storm
PER,Huanipaca,6,-13.492,-72.934,24,ADM3,Flood
USA,Cecilia,6,37.666,-85.957,24,ADM3,Storm
USA,Littcarr,6,37.241,-82.949,24,ADM3,Storm
BRA,Alto Alegre do Pindaré,6,-3.836,-46.039,24,ADM2,Storm
BDI,Dunga,6,-4.174,29.927,24,ADM3,Storm
PER,Cayna,6,-10.272,-76.389,24,ADM3,Flood
PER,San Cristobal,6,-16.67,-70.666,24,ADM3,Flood
USA,Lasara,6,26.465,-97.911,24,ADM3,Flood
IDN,Surakarta,6,-7.569,110.828,24,ADM2,Flood
BDI,Makamba,6,-4.237,29.8,24,ADM1,Storm
PER,Mariscal Benavides,6,-6.387,-77.504,24,ADM3,Flood
BRA,Pirapora do Bom Jesus,6,-23.372,-46.978,24,ADM2,Dry mass movement
PER,Accomarca,6,-13.801,-73.904,24,ADM3,Flood
PRT,Oliveira do Hospital,7,40.379,-7.857,24,ADM3,Wildfire
ESP,Tarazona,6,41.93,-1.778,23,ADM3,Dry mass movement
ESP,Villa del Prado,7,40.273,-4.302,23,ADM3,Wildfire
USA,Genoa,6,38.122,-82.46,23,ADM3,Storm
USA,Bell,7,33.975,-118.187,23,ADM3,Wildfire
LKA,Dimbulagala,6,7.859,81.107,23,ADM3,Flood
PER,Belén,6,-13.809,-73.758,23,ADM3,Flood
PHL,Tubungan,6,10.765,122.318,23,ADM3,Flood
BDI,Kiderege,6,-4.245,29.662,23,ADM3,Flood
BRA,Abreu e Lima,6,-7.879,-35.019,23,ADM2,Storm
PER,Andaray,6,-15.797,-72.861,23,ADM3,Flood
UGA,Agule,6,1.259,33.712,23,ADM3,Storm
IDN,Klaten,6,-7.708,110.605,23,ADM2,Flood
IDN,Marabahan,6,-2.98,114.767,23,ADM2,Flood
PER,Colquepata,6,-13.36,-71.673,23,ADM3,Flood
USA,Westchester,7,33.957,-118.396,23,ADM3,Wildfire
GTM,Santa Cruz del Quiché,6,15.03,-91.149,23,ADM2,Landslide/Wet mass movement
RUS,Chita,6,52.028,113.405,23,ADM2,Flood
USA,Perry Park,6,38.548,-85.0,23,ADM3,Storm
UKR,Dobropillia,1,48.47,37.089,23,ADM3,
MEX,Tuxpan,6,21.993,-105.42,23,ADM3,Flood
RUS,Klimovsky District,1,52.278,32.167,23,ADM2,
BDI,Ntega,6,-2.616,30.008,23,ADM3,Hailstorm
PER,San Pedro de Putina Punco,6,-14.112,-69.048,23,ADM3,Storm
GTM,Municipio de Chiantla,6,15.449,-91.429,23,ADM2,Landslide/Wet mass movement
KOR,Haenam-eup,7,34.563,126.581,23,ADM3,Wildfire
SLV,Joateca,6,13.894,-88.044,23,ADM2,Flood
SLV,Yucuaiquín,6,13.528,-87.998,23,ADM2,Flood
PER,Saquena,6,-4.774,-73.387,23,ADM3,Erosion
BRA,Poção de Pedras,6,-4.785,-44.912,23,ADM2,Storm
USA,Asher,6,37.044,-83.404,23,ADM3,Storm
CHN,Lushui County,6,26.038,98.81,23,ADM2,Landslide/Wet mass movement
BDI,Mugerama,6,-4.31,29.606,23,ADM3,Flood
AUS,McCrae,6,-38.362,144.931,23,ADM3,Landslide/Wet mass movement
BOL,Municipio Charazani,6,-15.084,-68.681,23,ADM3,Flood
LKA,Norwood,6,6.839,80.612,23,ADM3,Landslide/Wet mass movement
BRA,Nova Iguaçu,6,-22.759,-43.451,23,ADM2,Storm
PER,Acochaca,6,-9.115,-77.368,23,ADM3,Flood
GTM,Municipio de San Antonio Sacatepéquez,6,14.959,-91.704,23,ADM2,Landslide/Wet mass movement
BRA,Sacramento,6,-19.88,-47.226,23,ADM2,Storm
USA,Hermosa Beach,7,33.862,-118.4,22,ADM3,Wildfire
MEX,Mazatlán,6,25.583,-108.465,22,?,Flood
PER,Huaylillas,6,-8.188,-77.343,22,ADM3,Flood
BDI,Karago,6,-3.179,30.535,22,ADM3,Flood
USA,Artesia,7,33.866,-118.083,22,ADM3,Wildfire
TCD,Tourba,1,12.87,15.282,22,ADM3,
GRC,Voutes,6,35.265,25.057,22,ADM3,Landslide/Wet mass movement
GRC,Pispilounta,7,38.527,25.951,22,ADM3,Wildfire
ARG,Municipio de La Chispa,6,-33.539,-61.954,22,ADM3,Flood
USA,Caneyville,6,37.424,-86.488,22,ADM3,Storm
USA,Cawood,6,36.784,-83.228,22,ADM3,Storm
GTM,Palestina de los Altos,6,14.933,-91.694,22,ADM2,Hailstorm
TUR,Sakarya,7,40.818,30.547,22,ADM1,Wildfire
CHL,Los Vilos,6,-31.938,-71.251,22,ADM3,Storm
BRA,Alegre,6,-20.709,-41.519,22,ADM2,Storm
CHL,La Serena,6,-29.903,-71.252,22,ADM3,Storm
SOM,Lower Juba,6,0.448,41.92,22,ADM2,Drought
USA,Mount Juliet,6,36.2,-86.519,22,ADM3,Storm
USA,Whiteville,6,35.326,-89.15,22,ADM3,Storm
NGA,Ajign (A),6,11.137,12.209,22,ADM3,Flood
NGA,Koshebe,1,11.994,13.322,22,ADM3,
AZE,Lankaran,6,38.766,48.827,22,ADM1,Flood
USA,La Blanca,6,26.293,-98.038,22,ADM3,Flood
RUS,Minusinsk,6,53.718,91.678,22,ADM3,Flood
USA,Greenville,6,37.201,-87.179,22,ADM3,Storm
LBN,Jezzine District,1,33.476,35.58,22,ADM2,
BRA,Jaru,6,-10.592,-62.585,21,ADM2,Flood
PER,Pomalca,6,-6.767,-79.777,21,ADM3,Flood
USA,Verner,6,37.663,-81.85,21,ADM3,Storm
PER,Sumbilca,6,-11.407,-76.819,21,ADM3,Flood
PER,Cajay,6,-9.328,-77.159,21,ADM3,Dry mass movement
NPL,Panchthar,7,27.149,87.855,21,ADM2,Wildfire
NPL,Rasuwa,6,27.083,86.423,21,ADM3,Landslide/Wet mass movement
BDI,Nyamugari,6,-3.433,29.524,21,ADM3,Flood
NGA,Birin Fulani West,2,10.933,11.184,21,ADM3,
USA,Yerkes,6,37.277,-83.301,21,ADM3,Storm
CHL,La Serena,6,-29.836,-71.094,21,ADM3,Storm
PER,Lagunas,6,-7.057,-79.74,21,ADM3,Flood
NPL,Dhankuta,6,26.983,87.325,21,ADM3,Flood
NPL,Dolpa,6,29.214,83.036,21,ADM2,Flood
GTM,Santa Bárbara,6,15.316,-91.634,21,ADM2,Landslide/Wet mass movement
CHN,Jinzhongshan,6,24.667,104.879,21,ADM3,Landslide/Wet mass movement
PER,Unión Agua Blanca,6,-7.114,-79.046,21,ADM3,Dry mass movement
NGA,Mujigine,1,12.094,13.847,21,ADM3,
GTM,Chinautla,7,14.742,-90.483,21,ADM2,Wildfire
BDI,Mugongomanga,6,-3.468,29.545,21,ADM3,Flood
BGD,Pirojpur District,2,22.51,90.007,21,ADM2,
COL,Lorica,6,9.176,-75.897,21,ADM2,Flood
BRA,Plácido de Castro,6,-10.294,-67.268,21,ADM2,Flood
NPL,Bajura,6,29.609,81.577,21,ADM2,Flood
NOR,Orkanger,6,63.305,9.85,21,ADM3,Storm
NPL,Bara,6,27.107,85.069,21,ADM2,Flood
BRA,Guaramirim,6,-26.461,-48.937,21,ADM2,Storm
BRA,Dionísio Cerqueira,6,-26.333,-53.534,21,ADM2,Storm
PER,Jequetepeque,6,-7.338,-79.563,21,ADM3,Flood
COL,Florida,6,3.309,-76.19,21,ADM2,Storm
COL,Lloró,6,5.601,-76.374,21,ADM2,Flood
PAK,Hangu,6,33.528,71.058,21,ADM3,Flood
GTM,Nueva Santa Rosa,6,14.375,-90.255,21,ADM2,Flood
BRA,Águas Formosas,6,-17.048,-40.973,21,ADM2,Storm
GTM,San José Ojetenam,6,15.235,-91.962,21,ADM2,Landslide/Wet mass movement
GTM,Municipalidad de San Juan Alotenango,6,14.484,-90.804,21,ADM2,Earthquake
CRI,Puerto Jiménez,6,8.534,-83.458,21,ADM3,Flood
PER,Huarochirí,6,-12.137,-76.233,21,ADM3,Flood
PER,Huancapi,6,-13.752,-74.066,21,ADM3,Flood
NGA,Tombo,2,7.752,9.123,21,ADM3,
PER,Chaviña,6,-14.979,-73.837,21,ADM3,Flood
USA,Town of Delafield,6,43.062,-88.334,21,ADM3,Flood
PER,Pilluana,6,-6.777,-76.292,21,ADM3,Flood
USA,Pocahontas,6,36.261,-90.971,21,ADM3,Flood
GUY,Lima,6,7.287,-58.478,21,ADM3,Storm
BDI,Ndago,6,-3.873,29.655,21,ADM3,Storm
BDI,Kabanga,6,-3.304,29.828,21,ADM3,Flood
NGA,Kambaza,1,12.455,4.554,21,ADM3,
YEM,Ibb Governorate,1,14.088,44.175,21,ADM1,
VNM,Đ' Ran,6,11.853,108.588,21,ADM3,Landslide/Wet mass movement
UKR,Stepnohirsk,1,47.584,35.358,21,ADM3,
HND,Atlántida,6,15.817,-87.115,21,ADM1,Flood
PER,Pardo Miguel,6,-5.722,-77.617,21,ADM3,Flood
USA,Texas,6,31.169,-99.683,21,ADM1,Flood
PER,Huallaga,6,-7.319,-76.544,21,ADM3,Flood
BRA,Camaquã,6,-30.92,-51.853,21,ADM2,Storm
USA,Goshen,6,38.402,-85.581,21,ADM3,Storm
USA,Clayhole,6,37.467,-83.297,21,ADM3,Storm
USA,Davin,6,37.732,-81.829,21,ADM3,Storm
UGA,Bujumba,6,-0.359,32.184,21,ADM2,Storm
NGA,Dumna,6,9.71,11.868,21,ADM3,Flood
GBR,Dover,6,51.126,1.301,21,ADM3,Flood
NGA,Machina-Kwari,1,13.148,10.092,21,ADM3,
PER,Cura Mori,6,-5.364,-80.602,20,ADM3,Flood
ESP,Gádor,7,36.962,-2.479,20,ADM3,Wildfire
GRC,Akra,7,37.475,22.431,20,ADM3,Wildfire
NGA,Dumna,1,9.71,11.868,20,ADM3,
VNM,Hiệp Hòa District,6,21.33,105.958,20,ADM2,Landslide/Wet mass movement
USA,Drift,6,37.48,-82.748,20,ADM3,Storm
PER,Virundo,6,-14.251,-72.681,20,ADM3,Flood
PER,Concepción,6,-13.533,-73.875,20,ADM3,Flood
BRA,Corumbá,7,-18.648,-56.821,20,ADM2,Wildfire
ZWE,Gokwe South,6,-18.143,28.658,20,ADM2,Storm
BRA,Palmeirante,6,-7.869,-48.176,20,ADM2,Storm
PER,Chóchope,6,-6.158,-79.648,20,ADM3,Flood
USA,Hoskinston,6,37.077,-83.392,20,ADM3,Storm
BRA,Botucatu,6,-22.878,-48.518,20,ADM2,Storm
USA,Hargill,6,26.443,-98.014,20,ADM3,Flood
USA,Holden,6,37.824,-82.06,20,ADM3,Storm
PER,Lares,6,-13.104,-72.044,20,ADM3,Flood
BOL,Municipio Mairana,6,-17.899,-64.038,20,ADM3,Flood
BRA,Rio Preto da Eva,6,-2.493,-59.608,20,ADM2,Flood
BRA,Laranjeiras do Sul,6,-25.336,-52.37,20,ADM2,Tornado
PER,Cerro Colorado,6,-16.298,-71.574,20,ADM3,Flood
PER,Ichocán,6,-7.368,-78.13,20,ADM3,Flood
PER,Huayllán,6,-8.858,-77.436,20,ADM3,Dry mass movement
NGA,Guduf Nagadiyo,1,11.082,13.741,20,ADM3,
GRC,Gorgomylos,7,39.321,20.944,20,ADM3,Wildfire
UKR,Druzhkivka,1,48.622,37.532,20,ADM3,
SLV,San Juan Opico,6,13.876,-89.358,20,ADM2,Earthquake
USA,Simon,6,37.612,-81.733,20,ADM3,Storm
USA,Spottsville,6,37.858,-87.414,20,ADM3,Storm
GTM,San Ildefonso Ixtahuacán,6,15.417,-91.769,20,ADM2,Flood
BRA,Imbituba,6,-28.191,-48.704,20,ADM2,Storm
GTM,Municipio de San Miguel Chicaj,6,15.16,-90.413,20,ADM2,Flood
BRA,Diamantina,6,-17.978,-43.604,20,ADM2,Storm
USA,Huddy,6,37.595,-82.275,20,ADM3,Storm
USA,Ikes Fork,6,37.522,-81.804,20,ADM3,Storm
CRI,Cantón Pérez Zeledón,6,9.339,-83.645,20,ADM2,Flood
CRI,Buenos Aires,6,9.198,-83.275,20,ADM3,Flood
PER,Etén Puerto,6,-6.954,-79.847,20,ADM3,Flood
PER,San Pedro de Palco,6,-14.412,-74.651,20,ADM3,Flood
USA,Kenova,6,38.399,-82.578,20,ADM3,Storm
PER,Paucarpata,6,-16.421,-71.475,20,ADM3,Flood
BDI,Gatonga,6,-3.927,30.212,20,ADM3,Storm
USA,Williford,6,36.252,-91.357,20,ADM3,Flood
PER,Tarica,6,-9.395,-77.492,20,ADM3,Flood
NGA,Konshisha,2,7.12,8.618,20,ADM3,
COD,Kindu,6,-2.949,25.918,20,ADM3,Flood
COD,Katana centre,2,-2.225,28.832,20,ADM3,
ARG,Departamento Curuzú Cuatiá,6,-29.738,-58.226,20,ADM2,Flood
AGO,Calandula,7,-8.903,15.984,20,ADM2,Wildfire
USA,Micco,7,27.849,-80.505,20,ADM3,Wildfire
ESP,Montes de Valdueza,7,42.446,-6.569,20,ADM3,Wildfire
NGA,Ngamma,1,12.358,12.696,20,ADM3,
PER,Musga,6,-8.906,-77.339,20,ADM3,Flood
NPL,Sarlahi,6,27.882,83.928,20,ADM3,Storm
USA,Maybeury,6,37.371,-81.366,20,ADM3,Storm
BOL,Municipio Yaco,6,-17.247,-67.385,20,ADM3,Flood
BOL,San Borja,6,-14.578,-66.665,20,ADM3,Flood
POL,Chrząszczewska Wyspa,6,53.963,14.739,20,?,Flood
GTM,San José Pinula,6,14.546,-90.349,20,ADM2,Landslide/Wet mass movement
SOM,Xudun District,0,9.142,47.507,20,ADM2,
PER,Pucalá,6,-6.781,-79.611,20,ADM3,Flood
CAN,Beauceville,6,46.222,-70.783,20,ADM3,Flood
PER,Lampa,7,-15.364,-70.367,20,ADM3,Wildfire
USA,Adamsville,6,35.236,-88.391,20,ADM3,Storm
BDI,Bunogera,6,-3.408,30.376,20,ADM3,Flood
PER,Oxamarca,6,-7.042,-78.068,20,ADM3,Flood
MEX,Iztapalapa,7,19.343,-99.047,20,ADM3,Sinkhole
BRA,Nova Palma,6,-29.407,-53.432,20,ADM2,Storm
BDI,Bururi,6,-3.945,29.619,20,ADM3,Storm
GTM,Municipio de San Lucas Sacatepéquez,6,14.598,-90.65,20,ADM2,Flood
RUS,Bataysk,1,47.108,39.768,20,ADM2,
BRA,Silveira Martins,6,-29.636,-53.546,20,ADM2,Storm
USA,Shelby Gap,6,37.212,-82.557,20,ADM3,Storm
BOL,Municipio Chimore,6,-16.572,-64.881,20,ADM3,Flood
IDN,Pidie Jaya,6,5.105,96.212,20,ADM2,Flood
ESP,Almorox,7,40.252,-4.391,20,ADM3,Wildfire
ESP,Benimodo,7,39.208,-0.548,20,ADM3,Wildfire
NGA,Egba,1,7.904,8.025,19,ADM3,
NGA,Damasak,1,13.104,12.511,19,ADM3,
LKA,Anuradhapura,6,8.335,80.411,19,ADM3,Flood
PER,Cangallo,6,-13.629,-74.144,19,ADM3,Flood
MEX,Piedras Negras,6,25.436,-100.992,19,?,Storm
USA,Pathfork,6,36.756,-83.465,19,ADM3,Storm
BDI,Vugizo,6,-4.204,29.693,19,ADM3,Flood
BDI,Rutana,6,-3.926,29.991,19,ADM3,Flood
BRA,Terra Roxa,6,-20.789,-48.332,19,ADM2,Flood
GTM,San Luis Jilotepeque,6,14.653,-89.717,19,ADM2,Flood
USA,Bledsoe,6,36.924,-83.367,19,ADM3,Storm
USA,Lily,6,37.025,-84.075,19,ADM3,Storm
ITA,Viserba,6,44.085,12.535,19,ADM3,Storm
PHL,Batan,6,11.604,122.546,19,ADM3,Flood
BRA,Caraí,6,-17.181,-41.55,19,ADM2,Storm
BRA,Bragança,6,-0.968,-46.734,19,ADM2,Erosion
USA,Cucumber,6,37.278,-81.627,19,ADM3,Storm
ITA,Blevio,6,45.839,9.106,19,ADM3,Flood
USA,Cyclone,6,37.733,-81.689,19,ADM3,Storm
MYS,Seremban,6,2.719,101.94,19,?,Flood
USA,Beaver,6,37.748,-81.144,19,ADM3,Storm
BRA,Dom Eliseu,6,-4.083,-47.891,19,ADM2,Storm
NGA,Gwashi,2,11.903,5.769,19,ADM3,
GRC,Mertidi,7,38.245,22.008,19,ADM3,Wildfire
USA,Mozelle,6,37.003,-83.398,19,ADM3,Storm
IDN,Martapura,6,-3.405,114.848,19,ADM2,Tornado
BRA,São João do Paraíso,6,-15.317,-42.022,19,ADM2,Storm
BRA,Bela Vista,6,-22.041,-56.508,19,ADM2,Storm
IDN,Pangkajene,6,-4.834,119.547,19,ADM2,Tornado
SOM,Baraawe,0,1.108,43.845,19,ADM2,
MEX,Xicotepec,6,20.331,-97.906,19,ADM3,Landslide/Wet mass movement
ECU,Cañar,6,-2.526,-78.995,19,ADM1,Flood
PER,Santiago,6,-13.527,-71.984,19,ADM3,Flood
BRA,Jaguarari,6,-10.148,-40.104,19,ADM2,Storm
USA,Roundhill,6,37.237,-86.431,19,ADM3,Storm
PER,Pomahuaca,6,-5.932,-79.23,19,ADM3,Flood
IDN,Belopa,6,-3.395,120.367,19,ADM2,Flood
GTM,Municipio de San Jerónimo,6,15.065,-90.19,19,ADM2,Earthquake
BRA,São Pedro de Alcântara,6,-27.573,-48.839,19,ADM2,Storm
IDN,Denpasar Utara,6,-8.625,115.209,19,ADM2,Landslide/Wet mass movement
NGA,Opalo,1,9.517,11.933,19,ADM3,
PER,Masisea,6,-8.716,-74.314,19,ADM3,Storm
MEX,Amealco de Bonfil,6,20.187,-100.069,19,ADM3,Flood
BDI,Buhinyuza,6,-2.983,30.375,19,ADM2,Hailstorm
USA,Magnolia,6,37.444,-85.744,19,ADM3,Storm
USA,Rock Creek,6,37.851,-81.452,19,ADM3,Storm
GTM,Chajul,6,15.607,-90.994,19,ADM2,Landslide/Wet mass movement
SOM,Galdogob,0,7.039,47.222,19,ADM2,
PER,Lamas,6,-6.422,-76.516,19,ADM3,Flood
PER,Samugari,6,-12.86,-73.721,19,ADM3,Flood
NGA,Borgozo,1,11.608,12.658,19,ADM3,
NGA,Bara,2,11.003,11.873,19,ADM3,
USA,Maben,6,37.639,-81.394,19,ADM3,Storm
PER,Lajas,6,-6.56,-78.735,19,ADM3,Flood
PER,Quinua,6,-13.049,-74.139,19,ADM3,Flood
PER,Tambo Grande,6,-4.915,-80.356,19,ADM3,Storm
IDN,Aceh Tamiang,6,4.212,97.915,19,ADM2,Tornado
ESP,Azuara,6,41.239,-0.913,19,ADM3,Storm
AGO,Cangandala,6,-9.79,16.429,19,ADM3,Flood
AGO,Cassunga,6,-10.81,17.808,19,ADM3,Flood
BRA,Lamim,6,-20.775,-43.485,18,ADM2,Storm
ARG,Carcarañá,6,-32.852,-61.153,18,ADM3,Flood
UKR,Novokhatske,1,48.063,36.689,18,ADM3,
ARG,Reyes,6,-24.204,-65.3,18,?,Flood
ARG,Bahía Blanca,6,-38.699,-62.245,18,ADM3,Storm
MOZ,Maputo,6,-26.048,32.794,18,ADM3,Flood
USA,Philpot,6,37.733,-86.989,18,ADM3,Storm
COL,Falan,6,5.079,-74.957,18,ADM2,Flood
COL,Chameza,6,5.192,-72.89,18,ADM2,Flood
USA,Warbranch,6,36.957,-83.45,18,ADM3,Storm
BDI,Gasuru,6,-2.862,30.286,18,ADM3,Hailstorm
ECU,Cuyuja,6,-0.407,-78.026,18,ADM3,Flood
BRA,Pouso Redondo,6,-27.304,-49.985,18,ADM2,Cold wave
IRQ,Muthanna,1,30.592,45.292,18,ADM1,
LKA,Kothmale,6,7.065,80.684,18,ADM3,Storm
MYS,Sungai Setiu,6,5.545,102.745,18,ADM3,Flood
USA,Ransom,6,37.566,-82.188,18,ADM3,Storm
BRA,Maratá,6,-29.549,-51.557,18,ADM2,Flood
GTM,San Antonio Ilotenango,6,15.057,-91.213,18,ADM2,Flood
CAF,Ngaoundaye,1,7.476,15.602,18,ADM2,
PER,Anta,6,-13.472,-72.148,18,ADM3,Mixed disasters
BDI,Kagege,6,-4.176,29.606,18,ADM3,Storm
BRA,Rio Maria,7,-7.41,-49.829,18,ADM2,Wildfire
BRA,Passo do Sobrado,6,-29.731,-52.232,18,ADM2,Flood
BRA,Chapada do Norte,6,-17.163,-42.377,18,ADM2,Storm
USA,Crofton,6,37.048,-87.485,18,ADM3,Storm
BRA,Barão de Monte Alto,6,-21.265,-42.279,18,ADM2,Hailstorm
BRA,Comercinho,6,-16.289,-41.773,18,ADM2,Storm
USA,Hellier,6,37.288,-82.471,18,ADM3,Storm
BRA,Minduri,6,-21.668,-44.595,18,ADM2,Storm
JPN,Akusekijima,6,29.461,129.599,18,?,Earthquake
BIH,Maglaj municipality,6,44.551,18.128,18,ADM3,Landslide/Wet mass movement
BRA,São Romão,6,-16.359,-45.468,18,ADM2,Storm
NGA,K/Wuro Ngayandi,2,10.789,13.37,18,ADM3,
NGA,Mbalom,2,7.465,8.462,18,ADM3,
NGA,Buniyadi North / South,2,11.3,12.049,18,ADM3,
USA,Maryland Heights,6,38.713,-90.43,18,ADM3,Storm
ARG,Tinogasta,6,-28.062,-67.564,18,ADM3,Storm
GTM,Escuintla,2,14.314,-90.805,18,ADM3,
JPN,Miyazaki,7,31.881,131.481,18,ADM3,Wildfire
COL,Samacá,6,5.447,-73.55,18,ADM2,Flood
COL,Quetame,6,4.33,-73.863,18,ADM2,Landslide/Wet mass movement
COL,Ulloa,6,4.707,-75.778,18,ADM2,Storm
COL,Rioblanco,6,3.5,-75.833,18,ADM2,Landslide/Wet mass movement
PER,Cotabambas,6,-13.747,-72.356,18,ADM3,Mixed disasters
USA,San Patricio,6,33.409,-105.327,18,ADM3,Flood
BDI,Kazirabageni,6,-4.241,29.621,18,ADM3,Storm
BRA,Mata Verde,6,-15.768,-40.699,18,ADM2,Storm
PER,Simón Bolívar,6,-10.72,-76.378,18,ADM3,Mixed disasters
NGA,Ga’anda,1,10.148,12.432,17,ADM3,
PER,Independencia,6,-13.694,-76.024,17,ADM3,Flood
NGA,Ikurav Tiev I,1,7.265,9.378,17,ADM3,
SOM,Caluula,6,11.667,50.793,17,ADM2,Drought
BRA,Arroio do Tigre,6,-29.262,-53.061,17,ADM2,Storm
PER,Ferreñafe,6,-6.639,-79.788,17,ADM3,Flood
PER,Accha,6,-13.971,-71.832,17,ADM3,Landslide/Wet mass movement
USA,Brandenburg,6,37.999,-86.169,17,ADM3,Storm
GTM,Suchitepéquez,2,14.378,-91.364,17,ADM1,
PER,Atavillos Alto,6,-11.278,-76.616,17,ADM3,Flood
USA,McDaniels,6,37.607,-86.425,17,ADM3,Storm
NGA,Lamma,2,8.805,11.809,17,ADM3,
BRA,São Geraldo da Piedade,6,-18.914,-42.311,17,ADM2,Storm
PHL,Isulan,6,6.634,124.597,17,ADM3,Flood
USA,Beauty,6,37.84,-82.439,17,ADM3,Storm
USA,Fisty,6,37.334,-83.102,17,ADM3,Storm
VNM,Càng Long District,6,9.963,106.219,17,ADM2,Flood
USA,Maumelle,6,34.87,-92.398,17,ADM3,Flood
GRC,Πιτσινάδες,7,36.274,22.962,17,ADM3,Wildfire
PER,Huampara,6,-12.36,-76.167,17,ADM3,Flood
CAN,Kelowna,7,49.889,-119.498,17,ADM3,Wildfire
USA,Bethel Springs,6,35.234,-88.606,17,ADM3,Storm
PER,San José de Ushua,6,-15.225,-73.227,17,ADM3,Flood
PHL,New Lucena,6,10.878,122.597,17,ADM3,Tornado
PER,Pampacolca,6,-15.715,-72.574,17,ADM3,Landslide/Wet mass movement
PER,Ocros,6,-10.403,-77.397,17,ADM3,Dry mass movement
PER,Ocoyo,6,-14.008,-75.022,17,ADM3,Flood
NGA,Yola South,1,9.255,12.348,17,ADM3,
BDI,Ndava,6,-2.558,30.433,17,ADM3,Hailstorm
PER,San Antonio de Cusicancha,6,-13.461,-75.28,17,ADM3,Flood
GTM,Municipio de San Marcos,6,14.989,-91.834,17,ADM2,Flood
MMR,Dala,6,16.681,96.137,17,ADM3,Tornado
MYS,Marudi,6,4.179,114.324,17,ADM3,Flood
PER,Carapo,6,-13.812,-74.303,17,ADM3,Flood
PER,Parcona,6,-14.047,-75.699,17,ADM3,Flood
USA,Regina,6,37.378,-82.391,17,ADM3,Storm
USA,Valley Glen,7,34.187,-118.423,17,ADM3,Wildfire
PER,Tibillo,6,-14.094,-75.172,17,ADM3,Flood
GTM,Jalapa,2,14.653,-89.94,17,ADM1,
USA,Horse Branch,6,37.456,-86.677,17,ADM3,Storm
PER,Chirinos,6,-5.304,-78.898,17,ADM3,Flood
PER,Motupe,6,-6.169,-79.708,17,ADM3,Flood
PER,La Libertad de Pallán,6,-6.723,-78.282,17,ADM3,Flood
BDI,Muyinga,6,-2.846,30.34,17,ADM3,Storm
USA,Isaban,6,37.53,-81.888,17,ADM3,Storm
PER,Oyón,6,-10.668,-76.77,17,ADM3,Flood
PER,Lalaquiz,6,-5.178,-79.666,17,ADM3,Flood
PER,Humay,6,-13.723,-75.887,17,ADM3,Landslide/Wet mass movement
PER,Chichas,6,-15.548,-72.919,17,ADM3,Flood
PER,Santa Catalina de Mossa,6,-5.131,-79.878,17,ADM3,Flood
CRI,Curime,6,10.115,-85.451,17,?,Flood
BRA,Oeiras do Pará,6,-2.296,-49.882,17,ADM2,Storm
USA,Leitchfield,6,37.48,-86.294,17,ADM3,Storm
PER,Livitaca,7,-14.313,-71.69,17,ADM3,Wildfire
USA,Stone,6,37.586,-82.271,17,ADM3,Storm
USA,Town of Hartford,6,43.326,-88.328,17,ADM3,Flood
USA,La Cañada Flintridge,7,34.207,-118.2,17,ADM3,Wildfire
GTM,Izabal,2,15.569,-88.984,17,ADM1,
USA,Slab Fork,6,37.687,-81.331,17,ADM3,Storm
GTM,Monjas,6,14.513,-89.899,17,ADM2,Storm
USA,San Perlita,6,26.501,-97.64,17,ADM3,Flood
USA,Drakesboro,6,37.218,-87.049,17,ADM3,Storm
BDI,Muyinga,6,-2.808,30.374,17,ADM2,Storm
PER,Cotahuasi,6,-15.213,-72.889,17,ADM3,Flood
SYR,Al-Qunaitra,1,33.093,35.938,17,ADM1,
PER,Chamaca,7,-14.301,-71.85,17,ADM3,Wildfire
USA,Garfield,6,37.783,-86.357,17,ADM3,Storm
PER,Sitajara,6,-17.375,-70.134,17,ADM3,Flood
BRA,Ananindeua,6,-1.346,-48.383,17,ADM2,Storm
USA,Providence,6,37.398,-87.763,17,ADM3,Storm
PER,San Francisco de Asís de Yarusyacán,6,-10.549,-76.233,17,ADM3,Dry mass movement
PER,Pisuquía,6,-6.47,-78.092,17,ADM3,Dry mass movement
USA,La Joya,6,26.247,-98.481,17,ADM3,Flood
PER,Pátapo,6,-6.738,-79.639,17,ADM3,Flood
PER,Pimentel,6,-6.836,-79.936,17,ADM3,Flood
PER,Bambamarca,6,-6.682,-78.52,17,ADM3,Dry mass movement
USA,Munfordville,6,37.272,-85.891,17,ADM3,Storm
PER,San Ignacio,6,-5.146,-79.004,16,ADM3,Flood
USA,Upton,6,37.465,-85.893,16,ADM3,Storm
GTM,Chinique,6,15.067,-91.015,16,ADM2,Landslide/Wet mass movement
NGA,Banga,2,12.51,6.624,16,ADM3,
BRA,Santa Maria do Oeste,6,-24.92,-51.966,16,ADM2,Tornado
ESP,Lubrín,7,37.215,-2.067,16,?,Wildfire
BOL,Municipio Caracollo,6,-17.637,-67.163,16,ADM3,Hailstorm
USA,North Matewan,6,37.626,-82.148,16,ADM3,Storm
ESP,Santa María,6,37.678,-1.701,16,ADM3,Landslide/Wet mass movement
PER,Ocros,6,-13.391,-73.915,16,ADM3,Flood
PER,Ticapampa,6,-9.758,-77.444,16,ADM3,Flood
GRC,Δόκανα,7,36.237,22.969,16,ADM3,Wildfire
GTM,Baja Verapaz,2,15.083,-90.423,16,ADM1,
CRI,Turrialba,6,9.889,-83.684,16,ADM3,Flood
PER,Conchucos,6,-8.267,-77.854,16,ADM3,Flood
PER,Oxapampa,6,-10.574,-75.404,16,ADM3,Dry mass movement
PER,Alonso de Alvarado,6,-6.293,-76.782,16,ADM3,Storm
PER,Chamaca,6,-14.301,-71.85,16,ADM3,Storm
PER,Sitacocha,6,-7.499,-77.978,16,ADM3,Flood
USA,Garrett Lane,6,37.47,-82.855,16,ADM3,Storm
BRA,Cambuí,6,-22.582,-46.061,16,ADM2,Flood
BOL,Municipio Mapiri,6,-15.385,-68.253,16,ADM3,Flood
BRA,Paragominas,6,-3.226,-47.681,16,ADM2,Storm
BRA,Pompéu,6,-19.219,-45.003,16,ADM2,Storm
BRA,Confresa,6,-10.31,-51.737,16,ADM2,Storm
PER,San Pedro de Cachora,6,-13.487,-72.799,16,ADM3,Storm
USA,Madison,6,35.013,-90.723,16,ADM3,Flood
BOL,Municipio Zudañez,6,-19.122,-64.679,16,ADM3,Hailstorm
BRA,Belterra,6,-3.013,-54.991,16,ADM2,Storm
BOL,Municipio Villa Serrano,6,-18.92,-64.324,16,ADM3,Flood
USA,Hornbeak,6,36.331,-89.296,16,ADM3,Storm
USA,Island,6,37.445,-87.144,16,ADM3,Storm
USA,Hornsby,6,35.228,-88.83,16,ADM3,Storm
NGA,Zalau,1,10.392,9.012,16,ADM3,
SLV,Chalatenango,6,14.041,-88.94,16,ADM2,Flood
PER,San Juan Bautista,6,-13.203,-74.214,16,ADM3,Flood
SLV,San Simón,6,13.83,-88.227,16,ADM2,Flood
BDI,Mugera,6,-3.052,30.68,16,ADM3,Storm
USA,LEXINGTON,6,37.944,-84.454,16,ADM3,Storm
USA,Alto,6,33.399,-105.681,16,ADM3,Flood
USA,Mount Washington,6,38.05,-85.546,16,ADM3,Storm
CHE,Kippel,6,46.399,7.769,16,ADM3,Landslide/Wet mass movement
USA,La Grange,6,38.408,-85.379,16,ADM3,Storm
PER,Luricocha,6,-12.899,-74.274,16,ADM3,Flood
SOM,Xarardheere,0,4.792,47.835,16,ADM2,
PER,Perené,6,-10.949,-75.229,16,ADM3,Flood
BOL,Municipio Cotagaita,6,-20.608,-65.781,16,ADM3,Flood
PER,José María Arguedas,6,-13.805,-73.327,16,ADM3,Flood
RUS,Repyakhovka,1,50.866,35.473,16,ADM3,
GRC,Achladiakes,7,35.282,23.728,16,ADM3,Wildfire
GRC,Κάτω Χώρα,7,36.245,22.933,16,?,Wildfire
NGA,Ngetra,1,12.685,12.64,16,ADM3,
PER,Ayacucho,6,-13.16,-74.226,16,ADM3,Flood
BOL,Municipio Tiahuanacu,6,-16.554,-68.67,16,ADM3,Hailstorm
USA,Maceo,6,37.864,-86.994,16,ADM3,Storm
PER,Chacapalpa,6,-11.717,-75.82,16,ADM3,Flood
BOL,Municipio Tinguipaya,6,-19.192,-65.899,16,ADM3,Flood
BRA,Teófilo Otoni,6,-17.679,-41.337,16,ADM2,Storm
NGA,Jibia A,6,13.079,7.23,15,ADM3,Mixed disasters
ARG,Derqui,6,-29.155,-59.249,15,?,Flood
GTM,San Pablo Jocopilas,6,14.596,-91.439,15,ADM2,Flood
GTM,San Pablo,6,14.933,-92.004,15,ADM2,Flood
USA,Wilcoe,6,37.381,-81.564,15,ADM3,Storm
NGA,Nassarawo,2,9.45,12.733,15,ADM3,
GRC,Agia Paraskevi,7,38.375,26.08,15,ADM3,Wildfire
NGA,Bolewa B,6,11.704,11.086,15,ADM3,Flood
USA,Hensley,6,34.505,-92.206,15,ADM3,Flood
NGA,Turba,1,13.283,6.382,15,ADM3,
USA,Hardinsburg,6,37.78,-86.461,15,ADM3,Storm
BRA,Cachoeira do Arari,6,-0.846,-48.931,15,ADM2,Storm
BRA,Sobradinho,6,-29.416,-53.029,15,ADM2,Flood
GRC,Πίσω Πηγάδι,7,36.243,22.938,15,?,Wildfire
GRC,Ano Karnezaika,7,37.507,23.062,15,ADM3,Wildfire
PER,Echarate,6,-12.276,-72.689,15,ADM3,Flood
USA,Lebanon,6,36.208,-86.291,15,ADM3,Storm
IDN,Cianjur,6,-6.824,107.137,15,ADM2,Tornado
BRA,São Martinho da Serra,6,-29.458,-53.885,15,ADM2,Storm
BRA,Águas Lindas de Goiás,6,-15.766,-48.286,15,ADM2,Storm
ITA,Case Ponzetto,6,45.411,7.687,15,ADM3,Landslide/Wet mass movement
USA,Symsonia,6,36.92,-88.52,15,ADM3,Storm
BDI,Karinzi,6,-4.233,29.766,15,ADM3,Flood
IDN,Gunung Kidul Regency,6,-7.993,110.558,15,ADM2,Flood
KEN,Mfangano Island,2,-0.459,34.009,15,ADM2,
IDN,Sumbawa,6,-8.668,117.314,15,ADM2,Tornado
PER,Ocongate,6,-13.629,-71.385,15,ADM3,Flood
LBN,Batroun District,1,34.25,35.72,15,ADM2,
NGA,Banowa,1,13.149,13.173,15,ADM3,
ESP,Xàtiva,7,38.996,-0.514,15,ADM3,Wildfire
PHL,Santo Niño,6,6.428,124.678,15,ADM3,Tornado
LKA,Karandeniya,6,6.271,80.091,15,ADM3,Storm
UKR,Synelnykove,1,48.315,35.522,15,ADM3,
BDI,Gashoho,6,-2.767,30.169,15,ADM2,Flood
PER,Talavera,6,-13.654,-73.429,15,ADM3,Flood
USA,Lavalette,6,38.323,-82.447,15,ADM3,Storm
BRA,Ponte Alta,6,-27.426,-50.294,15,ADM2,Hailstorm
PER,Oropesa,6,-14.263,-72.554,15,ADM3,Storm
ESP,As Neves,7,42.123,-8.398,15,ADM3,Wildfire
ESP,Carmona,6,37.434,-5.615,15,ADM3,Storm
USA,New Haven,6,37.659,-85.593,15,ADM3,Storm
BRA,Brasília de Minas,6,-16.252,-44.457,15,ADM2,Storm
BDI,Gitara,6,-4.386,29.759,15,ADM3,Storm
UKR,Beryslav Raion,1,46.969,33.303,15,ADM2,
BRA,Massaranduba,6,-26.62,-48.982,15,ADM2,Storm
MEX,Zapopan,6,20.792,-103.491,15,ADM3,Flood
BRA,Campo Alegre do Fidalgo,7,-8.315,-41.792,15,ADM2,Wildfire
BRA,Buritis,7,-15.414,-46.555,15,ADM2,Wildfire
MEX,Álvaro Obregón,6,19.318,-99.278,15,ADM3,Landslide/Wet mass movement
BDI,Butihinda,6,-2.71,30.323,15,ADM2,Storm
BRA,Cravinhos,6,-21.338,-47.757,15,ADM2,Storm
PSE,Beit Ummar,1,31.621,35.103,15,ADM3,
BDI,Nyarusange,6,-3.578,29.809,15,ADM3,Flood
GTM,Municipio de Santa Lucía Milpas Altas,6,14.568,-90.676,15,ADM2,Earthquake
BDI,Ntaruka,6,-2.695,30.383,15,ADM3,Storm
PER,Gamarra,6,-13.848,-72.558,15,ADM3,Mixed disasters
BRA,Encruzilhada do Sul,6,-30.604,-52.683,15,ADM2,Storm
USA,Bonnieville,6,37.379,-85.903,15,ADM3,Storm
ESP,Voces,7,42.462,-6.719,15,ADM3,Wildfire
SOM,Cadaado,0,6.137,46.626,15,ADM2,
IDN,Tobadak,6,-2.079,119.297,15,ADM2,Tornado
USA,North Spring,6,37.568,-81.825,15,ADM3,Storm
NGA,Gudumbali East,2,12.975,13.29,15,ADM3,
BRA,Catuji,6,-17.363,-41.482,15,ADM2,Storm
ARG,Partido de Villarino,6,-39.157,-62.863,15,ADM2,Flood
COL,Roldanillo,6,4.446,-76.164,14,ADM2,Flood
USA,Santa Maria,6,26.079,-97.849,14,ADM3,Flood
NGA,Yola North,1,9.174,12.415,14,ADM3,
USA,Glendale,6,37.602,-85.906,14,ADM3,Storm
KHM,Prey Nob,6,10.72,103.816,14,ADM3,Tornado
PER,Chalhuanca,6,-14.295,-73.244,14,ADM3,Landslide/Wet mass movement
USA,Falls of Rough,6,37.59,-86.549,14,ADM3,Storm
USA,Glen Daniel,6,37.779,-81.337,14,ADM3,Storm
COL,Duitama,6,5.864,-73.09,14,ADM2,Flood
USA,Wayne,6,38.221,-82.442,14,ADM3,Storm
PAK,Bannu,1,32.899,70.687,14,ADM2,
PER,Lachaqui,6,-11.553,-76.627,14,ADM3,Flood
PER,Montevideo,6,-6.618,-77.802,14,ADM3,Flood
LKA,Hali Ela,6,6.955,81.031,14,ADM3,Flood
PER,Barranca,6,-10.754,-77.761,14,ADM3,Flood
USA,La Grulla,6,26.27,-98.647,14,ADM3,Flood
PER,Pimpingos,6,-6.062,-78.758,14,ADM3,Dry mass movement
PER,Llacanora,6,-7.194,-78.427,14,ADM3,Flood
JPN,Okinawa Prefecture,6,26.589,127.542,14,ADM1,Flood
USA,Eolia,6,37.054,-82.792,14,ADM3,Storm
SJM,Nybyen,6,78.201,15.588,14,ADM3,Avalanche
IDN,Purbalingga,6,-7.389,109.359,14,ADM2,Landslide/Wet mass movement
USA,Roark,6,37.023,-83.515,14,ADM3,Storm
COL,Río Viejo,6,8.431,-73.786,14,ADM2,Flood
JPN,Toyotomi,6,45.118,141.724,14,ADM3,Flood
UGA,Kilembe,6,0.203,30.009,14,ADM3,Landslide/Wet mass movement
USA,Stollings,6,37.838,-81.965,14,ADM3,Storm
PER,Sara Sara,6,-15.267,-73.454,14,ADM3,Flood
PER,Huancapón,6,-10.549,-77.112,14,ADM3,Landslide/Wet mass movement
CRI,Guanacaste,6,10.431,-85.366,14,ADM1,Flood
GRC,Σακκά Γ.,7,37.988,23.628,14,?,Wildfire
GRC,Potamoula,7,38.763,21.437,14,ADM3,Wildfire
GBR,Darwen,7,53.687,-2.467,14,ADM3,Sinkhole
MEX,Tampico,6,22.225,-97.859,14,ADM3,Flood
BRA,Ourilândia do Norte,6,-7.596,-51.432,14,ADM2,Storm
USA,La Mesa,6,32.122,-106.708,14,ADM3,Flood
USA,Cromona,6,37.186,-82.697,14,ADM3,Storm
USA,Highland Park,7,34.116,-118.184,14,ADM3,Wildfire
MDG,Anosy,6,-23.937,46.153,14,ADM1,Typhoon/Hurricane/Cyclone
PER,Ituata,6,-13.791,-70.251,14,ADM3,Landslide/Wet mass movement
USA,Chesterfield,6,38.663,-90.577,14,ADM3,Storm
UKR,Novhorod-Siverskyi Raion,1,52.091,33.162,14,ADM2,
USA,Blue River,6,37.619,-82.844,14,ADM3,Storm
PER,Catilluc,6,-6.826,-78.78,14,ADM3,Dry mass movement
CAF,Grimari,1,5.74,20.058,14,ADM2,
USA,Wyoming,6,37.582,-81.602,14,ADM3,Storm
NGA,Kuriga,1,10.705,6.806,14,ADM3,
NGA,Gumshi,1,13.161,10.342,14,ADM3,
USA,Bramwell,6,37.325,-81.312,14,ADM3,Storm
USA,Buckhorn,6,37.349,-83.476,14,ADM3,Storm
NGA,Adikpo,1,6.89,9.234,14,ADM3,
MEX,Baja California,6,30.359,-115.244,14,ADM1,Cold wave
COL,Payán,6,1.766,-78.183,14,ADM2,Flood
PAK,Upper Dīr District,6,35.146,72.013,14,ADM2,Flood
VNM,Lạng Sơn Province,6,21.893,106.588,14,ADM1,Landslide/Wet mass movement
PER,Yamón,6,-6.05,-78.528,14,ADM3,Flood
COL,Fomeque,6,4.485,-73.894,14,ADM2,Flood
PER,Chaparra,6,-15.739,-73.862,14,ADM3,Landslide/Wet mass movement
USA,Vest,6,37.397,-83.007,14,ADM3,Storm
PER,Acocro,6,-13.219,-74.042,14,ADM3,Flood
SLV,La Palma,6,14.317,-89.17,14,ADM2,Dry mass movement
PER,Palca,6,-17.778,-69.96,14,ADM3,Flood
ESP,Vilaboa,7,42.343,-8.664,14,ADM3,Wildfire
GTM,Municipio de San Pedro Sacatepéquez,6,14.676,-90.63,14,ADM2,Earthquake
COL,Municipio de María la Baja,6,9.992,-75.344,14,ADM2,Flood
BDI,Kayove,6,-4.144,29.687,14,ADM3,Flood
USA,Coldiron,6,36.827,-83.454,14,ADM3,Storm
PER,San Juan,6,-14.652,-74.199,14,ADM3,Flood
BOL,Municipio Ascencion de Guarayos,6,-15.208,-63.615,14,ADM3,Flood
ECU,El Pangui,6,-3.621,-78.605,14,ADM3,Flood
USA,Premium,6,37.143,-82.924,14,ADM3,Storm
PSE,Ramallah,1,31.907,35.194,14,ADM3,
USA,Hawaiian Gardens,7,33.828,-118.074,14,ADM3,Wildfire
NGA,Song,6,9.779,12.642,14,ADM3,Flood
PER,Succha,6,-9.823,-77.65,14,ADM3,Flood
BRA,Santo Antônio das Missões,6,-28.478,-55.409,14,ADM2,Storm
MDG,Vakinankaratra,6,-19.711,46.836,14,ADM1,Flood
USA,Port Isabel,6,26.073,-97.209,14,ADM3,Flood
PAK,Kohistān District,6,35.25,73.5,14,ADM2,Flood
PAK,Bahawalpur,1,29.395,71.664,14,ADM3,
PAK,Muridke,1,31.801,74.254,14,ADM3,
PAK,Chitral,6,35.851,71.79,14,ADM3,Earthquake
KHM,Phum Khtor,6,11.658,104.914,14,ADM3,Landslide/Wet mass movement
PER,Cochas,6,-10.657,-77.483,14,ADM3,Flood
PER,Carumas,6,-16.811,-70.694,14,ADM3,Flood
BOL,Municipio San Agustin,6,-21.453,-67.452,13,ADM3,Hailstorm
NGA,Danmusa  B,1,12.292,7.324,13,ADM3,
PER,Campanilla,6,-7.483,-76.65,13,ADM3,Flood
BOL,Municipio San Lucas,6,-20.151,-64.924,13,ADM3,Hailstorm
BRA,Visconde do Rio Branco,6,-20.995,-42.853,13,ADM2,Storm
USA,White Plains,6,37.184,-87.384,13,ADM3,Storm
PHL,Libungan,6,7.242,124.518,13,ADM3,Flood
BRA,São Sebastião da Bela Vista,6,-22.164,-45.785,13,ADM2,Storm
MYS,Pakan,6,1.894,111.681,13,ADM3,Flood
USA,Hidden Hills,7,34.164,-118.658,13,ADM3,Wildfire
PER,Juan Espinoza Medrano,6,-14.566,-72.906,13,ADM3,Flood
NGA,Kaambe,2,7.746,8.913,13,ADM3,
BRA,Rodeio,6,-26.932,-49.352,13,ADM2,Storm
PER,Ilabaya,6,-17.421,-70.513,13,ADM3,Flood
NGA,Gudumbali West,1,13.003,12.993,13,ADM3,
PER,Cutervo,6,-6.379,-78.816,13,ADM3,Flood
BRA,Itaguara,6,-20.379,-44.546,13,ADM2,Storm
RUS,Rostov oblast,7,47.622,40.796,13,ADM1,Wildfire
BOL,Municipio Alalay,6,-17.788,-65.636,13,ADM3,Flood
USA,Spanishburg,6,37.446,-81.12,13,ADM3,Storm
PER,Cátac,6,-9.924,-77.338,13,ADM3,Flood
NGA,Wulbari/Ndine/Chachile,1,11.503,13.961,13,ADM3,
USA,Amigo,6,37.597,-81.321,13,ADM3,Storm
PER,El Porvenir,6,-13.389,-73.55,13,ADM3,Mixed disasters
PER,El Tambo,6,-11.972,-75.147,13,ADM3,Flood
PER,Ranracancha,6,-13.533,-73.606,13,ADM3,Flood
PER,Rapayán,6,-9.203,-76.759,13,ADM3,Flood
UKR,Kramatorsk,1,48.729,37.567,13,ADM3,
UKR,Mykolaivka,1,47.999,38.244,13,ADM3,
USA,Rhodell,6,37.609,-81.306,13,ADM3,Storm
NZL,Kaikōura District,7,-42.237,173.608,13,ADM2,Wildfire
BRA,Ituporanga,6,-27.483,-49.491,13,ADM2,Flood
USA,Eagle Rock,7,34.139,-118.214,13,ADM3,Wildfire
USA,Earlington,6,37.274,-87.512,13,ADM3,Storm
BDI,Makamba,0,-4.237,29.8,13,ADM1,
BOL,Municipio Colcha K,6,-20.786,-67.416,13,ADM3,Hailstorm
BOL,Municipio Incahuasi,6,-20.615,-64.609,13,ADM3,Flood
IDN,Kota Palu,6,-0.792,119.891,13,ADM2,Flood
BRA,Sorocaba,6,-23.496,-47.46,13,ADM2,Storm
BOL,Municipio Villa Nueva,6,-10.664,-66.092,13,ADM3,Flood
BRA,Berilo,6,-16.863,-42.489,13,ADM2,Storm
TUR,Uşak,7,38.549,29.324,13,ADM1,Wildfire
NPL,Kavrepalanchok,6,27.545,85.623,13,ADM2,Flood
USA,Seco,6,37.172,-82.732,13,ADM3,Storm
PER,Santa Rosa,6,-5.433,-78.567,13,ADM3,Flood
BDI,Karambo,6,-2.874,30.233,13,ADM3,Storm
PER,Desaguadero,6,-16.565,-69.04,13,ADM3,Flood
SLV,Acajutla,6,13.593,-89.828,13,ADM2,Earthquake
BRA,Cambuci,6,-21.508,-41.949,13,ADM2,Flood
BRA,Bossoroca,6,-28.671,-54.962,13,ADM2,Storm
UGA,Muhokya,6,0.09,30.044,13,ADM3,Storm
GTM,Municipio de Pastores,6,14.596,-90.77,13,ADM2,Flood
BDI,Gitaba,6,-3.056,30.372,13,ADM3,Hailstorm
USA,Keystone,6,37.415,-81.451,13,ADM3,Storm
BDI,Ciyando,6,-3.081,30.364,13,ADM3,Storm
BRA,Araçuaí,6,-16.908,-41.986,13,ADM2,Flood
USA,Littlerock,7,34.521,-117.984,13,ADM3,Wildfire
USA,Lake Hughes,7,34.677,-118.445,13,ADM3,Wildfire
PER,Nueva Cajamarca,6,-5.941,-77.309,13,ADM3,Flood
PER,San Damián,6,-11.96,-76.329,13,ADM3,Flood
PER,Salpo,6,-8.003,-78.604,13,ADM3,Flood
PRT,Miragaia,6,39.223,-9.254,13,ADM3,Storm
PRT,Lourinhã,6,39.246,-9.271,13,ADM3,Storm
ESP,Azagra,6,42.295,-1.874,13,ADM3,Landslide/Wet mass movement
AUS,Port Hedland,6,-20.311,118.58,13,ADM3,Typhoon/Hurricane/Cyclone
PNG,Madang,6,-5.213,145.809,13,ADM3,Flood
PHL,Tubod,6,8.056,123.79,13,ADM3,Flood
PER,Los Chankas,6,-13.39,-73.783,13,ADM3,Flood
USA,Fairdale,6,38.105,-85.759,13,ADM3,Storm
PER,Longotea,6,-7.044,-77.872,13,ADM3,Flood
USA,Letcher,6,37.145,-82.959,13,ADM3,Storm
BDI,Sasa,6,-2.582,29.987,13,ADM3,Hailstorm
BRA,Quaraí,6,-30.294,-56.154,13,ADM2,Storm
PER,Fitzcarrald,6,-12.016,-70.914,13,ADM3,Storm
USA,Coal Mountain,6,37.67,-81.728,13,ADM3,Storm
PER,Campoverde,6,-8.559,-74.812,13,ADM3,Storm
PER,Cajamarca,6,-7.157,-78.517,13,ADM3,Flood
GTM,Casillas,6,14.404,-90.139,13,ADM2,Landslide/Wet mass movement
GTM,El Progreso,2,14.852,-90.065,13,ADM1,
BRA,Virgolândia,6,-18.443,-42.307,13,ADM2,Storm
ARG,Urdampilleta,6,-36.428,-61.418,13,?,Storm
PER,Pontó,6,-9.326,-77.004,13,ADM3,Flood
PER,Paico,6,-14.038,-73.642,13,ADM3,Flood
MYS,Tambunan,6,5.669,116.366,13,ADM3,Flood
MYS,Padang Terap,6,6.234,100.685,13,ADM2,Flood
USA,Palm Valley,6,26.202,-97.754,13,ADM3,Flood
USA,Palestine,6,34.972,-90.904,13,ADM3,Flood
PER,Chetilla,6,-7.147,-78.673,13,ADM3,Flood
PER,Chalcos,6,-13.848,-73.754,13,ADM3,Flood
NGA,Opalo,2,9.517,11.933,13,ADM3,
BDI,Buhevyi,6,-3.527,30.044,13,ADM3,Flood
PER,Ripán,6,-9.828,-76.803,13,ADM3,Flood
NGA,Garkida,6,10.415,12.566,13,ADM3,Flood
BRA,Laranjal,6,-21.359,-42.457,12,ADM2,Storm
ARG,Casilda,6,-33.054,-61.175,12,ADM3,Storm
PHL,Leon,6,10.781,122.388,12,ADM3,Landslide/Wet mass movement
GRC,Egrigoros,7,38.575,25.917,12,ADM3,Wildfire
FRA,Modane,6,45.195,6.669,12,ADM3,Flood
USA,Wilsondale,6,37.954,-82.328,12,ADM3,Storm
GRC,Λιανιάνικα,7,36.284,22.96,12,?,Wildfire
USA,Bullitt County,6,37.984,-85.685,12,ADM3,Storm
USA,Bridgeton,6,38.767,-90.412,12,ADM3,Storm
BRA,Francisco Sá,6,-16.41,-43.495,12,ADM2,Storm
USA,Big Sandy,6,37.464,-81.698,12,ADM3,Storm
XKX,Leskovec,6,42.176,20.728,12,ADM3,Landslide/Wet mass movement
USA,Ary,6,37.366,-83.151,12,ADM3,Storm
USA,Cloverport,6,37.833,-86.633,12,ADM3,Storm
IDN,Tirawuta,6,-4.007,121.864,12,ADM2,Earthquake
USA,City of Saint Charles,6,37.188,-87.551,12,ADM3,Storm
IDN,Soe,6,-9.869,124.305,12,ADM2,Landslide/Wet mass movement
IDN,Bireuen,6,5.083,96.592,12,ADM2,Tornado
PER,Chanchamayo,6,-11.059,-75.499,12,ADM3,Flood
GTM,Santa Cruz el Chol,6,14.949,-90.487,12,ADM2,Landslide/Wet mass movement
BRA,Iraí,6,-27.271,-53.237,12,ADM2,Storm
USA,Antioch,6,36.06,-86.672,12,ADM3,Storm
RUS,Murom,1,55.574,42.045,12,ADM3,
USA,Chattaroy,6,37.703,-82.281,12,ADM3,Storm
USA,Hallie,6,37.102,-83.021,12,ADM3,Storm
BDI,Gisenga,6,-4.422,29.669,12,ADM3,Flood
IDN,Morotai,6,2.313,128.442,12,ADM2,Storm
BRA,Orleans,6,-28.3,-49.354,12,ADM2,Storm
RUS,Mokraya Orlovka,1,50.516,35.509,12,ADM3,
RUS,Lozovoye,1,49.923,39.141,12,ADM3,
BDI,Kiyange,6,-4.219,29.923,12,ADM3,Storm
CHL,Viña del Mar,6,-33.025,-71.524,12,ADM3,Storm
BRA,Nova Porteirinha,6,-15.716,-43.282,12,ADM2,Storm
MEX,Colima,6,19.099,-103.654,12,ADM3,Storm
BDI,Muheka,6,-3.862,29.603,12,ADM3,Storm
SLV,Intipucá,6,13.196,-88.054,12,ADM2,Flood
USA,East Bernstadt,6,37.19,-84.118,12,ADM3,Storm
CMR,Darak,6,12.771,14.43,12,ADM3,Flood
USA,Donaldson,6,34.237,-92.924,12,ADM3,Flood
GTM,San Andrés Sajcabajá,7,15.228,-90.922,12,ADM2,Wildfire
BRA,Alto Bela Vista,6,-27.41,-51.931,12,ADM2,Flood
USA,Lester,6,37.735,-81.3,12,ADM3,Storm
CAF,Yalinga,1,6.511,23.251,12,ADM2,
SLV,Osicala,6,13.804,-88.153,12,ADM2,Flood
USA,Mortons Gap,6,37.237,-87.475,12,ADM3,Storm
GTM,Canillá,6,15.204,-90.856,12,ADM2,Landslide/Wet mass movement
BDI,Buvumbi,6,-2.753,30.255,12,ADM3,Hailstorm
USA,Grace,6,33.0,-90.956,12,ADM3,Storm
AUS,Central Coast Council,6,-33.312,151.312,12,ADM2,Erosion
BRA,Rubelita,6,-16.342,-42.228,12,ADM2,Storm
USA,Tutor Key,6,37.845,-82.767,12,ADM3,Storm
ARG,Rivera,6,-37.16,-63.249,12,?,Flood
BRA,São Gonçalo do Pará,6,-19.973,-44.84,12,ADM2,Storm
ARG,Departamento San Carlos,6,-34.091,-69.112,12,ADM2,Storm
NGA,Kaguram,1,12.617,13.667,12,ADM3,
ARG,La Plata,6,-34.921,-57.954,12,ADM3,Flood
NGA,Dilli,6,9.532,12.151,12,ADM3,Flood
ARG,San Salvador de Jujuy,6,-24.089,-65.278,12,ADM3,Flood
USA,Wendover,6,37.126,-83.363,12,ADM3,Storm
ECU,Paquisha,6,-3.921,-78.588,12,ADM3,Flood
BDI,Butezi,6,-3.397,30.156,12,ADM3,Flood
GTM,San Juan Chamelco,6,15.383,-90.239,12,ADM2,Landslide/Wet mass movement
UKR,Bilopillia Raion,1,51.04,34.278,12,ADM2,
UGA,Western Region,6,0.445,30.525,12,ADM2,Flood
BRA,Mauá da Serra,6,-23.911,-51.18,12,ADM2,Storm
USA,Hartford,6,43.666,-72.384,12,ADM3,Flood
SOM,Lower Juba,0,0.448,41.92,12,ADM2,
KOR,Hyeon-ri,7,37.949,128.314,12,ADM3,Wildfire
USA,Searcy,6,35.251,-91.736,12,ADM3,Flood
PER,Matara,6,-7.275,-78.263,12,ADM3,Flood
UGA,Adilang,6,2.743,33.483,12,ADM3,Flood
PER,Santa Teresa,6,-13.13,-72.594,12,ADM3,Dry mass movement
USA,Dry Creek,6,37.86,-81.464,12,ADM3,Storm
GTM,Zacapa,2,15.02,-89.486,12,ADM1,
USA,Carrie,6,37.332,-83.033,12,ADM3,Storm
BRA,Itajaí,6,-26.975,-48.771,12,ADM2,Storm
CHL,Coquimbo,6,-29.953,-71.338,12,ADM3,Storm
BRA,São Cristóvão do Sul,6,-27.267,-50.377,12,ADM2,Hailstorm
CHL,Concepcion,6,-36.845,-72.959,12,ADM3,Storm
CAF,Mbaïki,1,3.873,17.986,12,ADM2,
BRA,Boqueirão do Leão,6,-29.313,-52.398,12,ADM2,Flood
BRA,Marilândia do Sul,6,-23.744,-51.294,12,ADM2,Storm
COL,Mesetas,6,3.156,-74.099,11,ADM2,Flood
USA,Clarkson,6,37.495,-86.221,11,ADM3,Storm
BDI,Nyabiraba,6,-3.562,29.893,11,ADM3,Flood
USA,Ragland,6,37.703,-82.127,11,ADM3,Storm
COL,Mutiscua,6,7.298,-72.799,11,ADM2,Landslide/Wet mass movement
GTM,Río Blanco,6,15.044,-91.68,11,ADM2,Flood
USA,Peach Creek,6,37.875,-81.985,11,ADM3,Storm
SOM,Dhuusamarreeb,6,5.536,46.387,11,ADM2,Drought
USA,Kipnuk,6,59.935,-164.04,11,ADM3,Flood
USA,Johnnie Foxworth Road,6,31.151,-90.066,11,ADM3,Storm
COL,Caicedonia,6,4.336,-75.827,11,ADM2,Landslide/Wet mass movement
BRA,Cardoso Moreira,6,-21.512,-41.461,11,ADM2,Storm
BRA,Castro,6,-24.805,-49.998,11,ADM2,Hailstorm
GRC,Stratoi,7,35.291,23.733,11,ADM3,Wildfire
BRA,Caxias do Sul,6,-29.067,-50.96,11,ADM2,Storm
USA,Man,6,37.74,-81.878,11,ADM3,Storm
USA,Ashland City,6,36.274,-87.064,11,ADM3,Storm
USA,Cora,6,37.834,-82.027,11,ADM3,Storm
PAN,Panamá,6,9.195,-79.431,11,ADM2,Storm
ARG,Municipio de Los Surgentes,6,-32.986,-62.016,11,ADM3,Storm
PHL,Dumangas,6,10.802,122.76,11,ADM3,Tornado
COL,Chinchiná,6,4.975,-75.704,11,ADM2,Landslide/Wet mass movement
COL,Piedecuesta,6,6.974,-73.023,11,ADM2,Landslide/Wet mass movement
BDI,Nyaruhinda,6,-2.965,30.218,11,ADM3,Hailstorm
USA,Linefork,6,37.02,-82.96,11,ADM3,Storm
USA,Naoma,6,37.868,-81.487,11,ADM3,Storm
NIC,Matagalpa,6,12.94,-85.696,11,ADM1,Flood
CRI,Cantón Pococí,6,10.5,-83.656,11,ADM2,Flood
RUS,Rylsky District,1,51.571,34.539,11,ADM2,
BRA,Aquidauana,6,-20.458,-55.838,11,ADM2,Flood
BRA,Brejo da Madre de Deus,6,-8.076,-36.281,11,ADM2,Storm
KOR,Jeollabuk-do,6,35.789,126.769,11,ADM1,Flood
COL,Vistahermosa,6,2.904,-73.532,11,ADM2,Flood
RUS,Verkhnyaya Tishanka,1,51.323,40.537,11,ADM3,
USA,Elkhorn,6,37.386,-81.411,11,ADM3,Storm
USA,Shannon Hills,6,34.62,-92.395,11,ADM3,Flood
BDI,Kizingoma,6,-3.061,29.977,11,ADM3,Hailstorm
COL,Solano,6,0.228,-73.276,11,ADM2,Flood
BDI,Migunga I,6,-2.836,30.241,11,ADM3,Storm
USA,Crab Orchard,6,37.741,-81.231,11,ADM3,Storm
USA,Kingston Springs,6,36.102,-87.115,11,ADM3,Storm
BRA,Santiago,6,-29.192,-54.867,11,ADM2,Storm
BRA,Coronel Sapucaia,6,-23.348,-55.383,11,ADM2,Storm
USA,Olmito,6,26.022,-97.534,11,ADM3,Flood
CAF,Ngam,2,6.027,15.431,11,ADM3,
MEX,Amacuzac,6,18.588,-99.377,11,ADM3,Dry mass movement
MEX,González,6,22.79,-98.576,11,ADM3,Storm
TON,Nuku'alofa,6,-21.134,-175.202,11,ADM3,Earthquake
MEX,Ciudad Acuña,6,29.32,-100.948,11,ADM3,Flood
BRA,Corumbá,6,-18.648,-56.821,11,ADM2,Storm
BDI,Nyabikere,6,-3.265,30.112,11,ADM3,Hailstorm
SLV,Coatepeque,7,13.925,-89.504,11,ADM2,Wildfire
USA,Robards,6,37.674,-87.547,11,ADM3,Storm
COL,Repelón,6,10.503,-75.135,11,ADM2,Storm
COL,Rovira,6,4.212,-75.342,11,ADM2,Landslide/Wet mass movement
COL,Tibú,6,8.695,-72.813,11,ADM2,Flood
USA,Rousseau,6,37.593,-83.23,11,ADM3,Storm
CHL,Corral,6,-39.826,-73.213,11,?,Dry mass movement
MEX,La Magdalena Contreras,6,19.275,-99.263,11,ADM3,Landslide/Wet mass movement
MEX,Xochimilco,7,19.237,-99.082,11,ADM3,Sinkhole
USA,Gratz,6,38.474,-84.953,11,ADM3,Storm
BDI,Gitaramuka,6,-2.981,30.173,11,ADM3,Hailstorm
MEX,Pinal de Amoles,6,21.167,-99.623,11,ADM3,Landslide/Wet mass movement
LKA,Uhana,6,7.363,81.636,11,ADM3,Storm
ECU,Amaluza,6,-2.628,-78.521,11,ADM3,Flood
USA,Bedford,6,38.593,-85.318,11,ADM3,Storm
ECU,Bolívar,6,-1.675,-79.058,11,ADM1,Flood
RUS,Kozinka,1,50.457,35.592,11,ADM3,
RUS,Kolotilovka,1,50.813,35.438,11,ADM3,
USA,Beebe,6,35.07,-91.88,11,ADM3,Flood
USA,Cherokee Village,6,36.296,-91.542,11,ADM3,Flood
UGA,Kasese,6,0.131,30.005,11,ADM2,Flood
ESP,Colmenar Viejo,7,40.662,-3.749,11,ADM3,Wildfire
USA,Utica,6,37.602,-87.113,11,ADM3,Storm
NGA,Orokam,1,6.988,7.584,11,ADM3,
MYS,Kudat,6,6.89,116.843,11,ADM3,Flood
BRA,Cachoeiras de Macacu,6,-22.487,-42.711,11,ADM2,Storm
BRA,Campo Mourão,6,-24.119,-52.392,11,ADM2,Hailstorm
NGA,Rigange primary heath center,6,9.574,11.761,11,ADM3,Flood
MEX,Tepic,6,21.504,-104.895,11,ADM3,Landslide/Wet mass movement
MEX,San Joaquín,6,20.999,-99.491,11,ADM3,Flood
USA,Westport,6,38.479,-85.475,11,ADM3,Storm
MEX,Monterrey,6,25.64,-100.293,11,ADM3,Flood
GTM,Tajumulco,6,15.053,-91.972,11,ADM2,Landslide/Wet mass movement
BWA,Etsha 13,6,-19.017,22.317,11,ADM3,Flood
USA,Village of Richfield,6,43.256,-88.194,11,ADM3,Flood
NGA,Niger,1,9.774,5.711,11,ADM1,
USA,Meally,6,37.797,-82.74,11,ADM3,Storm
NGA,Borno,2,11.872,13.435,11,ADM1,
NGA,Mbawar,2,6.914,8.825,11,ADM3,
USA,Bradford,6,35.423,-91.456,10,ADM3,Flood
BRA,Ferros,6,-19.238,-42.97,10,ADM2,Storm
BRA,Estreito,6,-6.772,-47.168,10,ADM2,Storm
VNM,Quế Phong District,6,19.709,104.85,10,ADM2,Flood
USA,Bismarck,6,34.316,-93.171,10,ADM3,Flood
BRA,Getúlio Vargas,6,-27.874,-52.165,10,ADM2,Hailstorm
PER,Huicungo,6,-7.32,-76.777,10,ADM3,Storm
GTM,Municipio de Jocotán,6,14.774,-89.38,10,ADM2,Landslide/Wet mass movement
PER,Colpas,6,-10.268,-76.415,10,ADM3,Flood
ESP,Cerro de los Palos,7,39.679,-4.42,10,?,Wildfire
GTM,Huehuetenango,2,15.663,-91.584,10,ADM1,
PHL,Tampakan,6,6.444,124.927,10,ADM3,Tornado
GRC,Αμυγδαλέα,7,37.847,22.319,10,ADM3,Wildfire
PER,Los Baños del Inca,6,-7.083,-78.47,10,ADM3,Flood
PER,Llauta,6,-14.244,-74.92,10,ADM3,Flood
PER,Jesus Nazareno,6,-13.123,-74.209,10,ADM3,Mixed disasters
PER,José Gálvez,6,-6.926,-78.159,10,ADM3,Dry mass movement
BRA,Jaguaruna,6,-28.659,-49.08,10,ADM2,Flood
USA,Lewisburg,6,36.986,-86.947,10,ADM3,Storm
PER,Chavín,6,-13.077,-75.913,10,ADM3,Flood
CMR,Diche I,1,5.85,9.756,10,ADM3,
PER,Acora,6,-16.284,-69.906,10,ADM3,Flood
COD,Bandundu City,6,-3.333,17.431,10,ADM2,Flood
CAF,Mbrès,1,6.671,19.798,10,ADM3,
BOL,Municipio Turco,6,-18.322,-68.529,10,ADM3,Flood
PER,Potoni,6,-14.39,-70.105,10,ADM3,Flood
PER,Calamarca,6,-8.17,-78.412,10,ADM3,Flood
BOL,Municipio Colquencha,6,-16.973,-68.261,10,ADM3,Hailstorm
PER,Pisac,6,-13.421,-71.85,10,ADM3,Flood
PER,Quisqui (Kichki),6,-9.87,-76.433,10,ADM3,Flood
CHE,Pollegio,6,46.372,8.947,10,ADM3,Landslide/Wet mass movement
USA,Loyall,6,36.852,-83.354,10,ADM3,Storm
PER,Piscobamba,6,-8.865,-77.358,10,ADM3,Flood
USA,Lost Creek Road,6,37.323,-83.177,10,ADM3,Storm
BOL,Municipio Villa Charcas,6,-20.583,-64.83,10,ADM3,Flood
PER,Putumayo,6,-2.303,-73.416,10,ADM3,Flood
SOM,Qardho,0,9.502,49.508,10,ADM2,
BRA,Antônio Carlos,6,-27.517,-48.768,10,ADM2,Storm
KOR,Hadong-gun,6,35.12,127.802,10,ADM2,Flood
USA,Benham,6,36.965,-82.948,10,ADM3,Storm
SLV,Sensembra,6,13.672,-88.17,10,ADM2,Dry mass movement
PER,Pancán,6,-11.749,-75.486,10,ADM3,Flood
PAN,Tonosí,6,7.395,-80.509,10,ADM2,Flood
BRA,Porto Feliz,6,-23.216,-47.523,10,ADM2,Storm
BRA,Prata,6,-19.373,-48.944,10,ADM2,Storm
MEX,Capulhuac,6,19.217,-99.457,10,ADM3,Flood
BRA,Ivorá,6,-29.507,-53.568,10,ADM2,Storm
USA,Jamestown,6,36.985,-85.063,10,ADM3,Storm
BRA,Batayporã,6,-22.465,-53.177,10,ADM2,Storm
PER,District of La Cruz,6,-3.671,-80.571,10,ADM3,Flood
USA,RUTH,6,31.383,-90.316,10,ADM3,Storm
USA,Lisbon,6,43.163,-88.243,10,ADM3,Flood
COD,Mboko,0,-3.787,29.093,10,ADM3,
BOL,Municipio Padilla,6,-19.412,-64.158,10,ADM3,Flood
PER,Anta,6,-9.358,-77.599,10,ADM3,Flood
COD,Lubero,2,-0.065,28.771,10,ADM2,
GTM,San Francisco,6,16.799,-89.934,10,ADM2,Storm
COD,Katanda,2,-6.081,23.928,10,ADM2,
COD,Ihanga,0,-2.906,28.544,10,ADM3,
BRA,Vargem Alta,6,-20.647,-41.009,10,ADM2,Storm
VNM,Hon Dat District,6,10.231,104.932,10,ADM2,Storm
BRA,São Geraldo do Baixio,6,-18.918,-41.363,10,ADM2,Storm
USA,Rockfield,6,36.91,-86.564,10,ADM3,Storm
TUR,Mersin,7,36.622,33.931,10,ADM1,Wildfire
BRA,Novo Barreiro,6,-27.892,-53.112,10,ADM2,Storm
BRA,Itinga do Maranhão,6,-4.528,-47.489,10,ADM2,Erosion
USA,Sextons Creek,6,37.315,-83.784,10,ADM3,Storm
BRA,Barão,6,-29.396,-51.546,10,ADM2,Storm
GTM,Petén,2,16.832,-90.045,10,ADM1,
UGA,Bamunanika,6,0.687,32.608,10,ADM3,Storm
PER,Mariano Melgar,6,-16.376,-71.462,10,ADM3,Flood
TUR,Antalya,7,36.76,31.935,10,ADM1,Wildfire
TUR,Kahramanmaraş,7,37.885,36.885,10,ADM1,Wildfire
BRA,Corupá,6,-26.424,-49.318,10,ADM2,Storm
USA,East Lynn,6,38.168,-82.378,10,ADM3,Storm
USA,River,6,37.901,-82.747,10,ADM3,Storm
SLV,Cinquera,6,13.889,-88.96,10,ADM2,Storm
SLV,La Libertad Oeste,6,13.704,-89.443,10,ADM2,Storm surge
PER,San Pedro de Coris,6,-12.578,-74.412,10,ADM3,Flood
PER,San Antonio,6,-14.17,-72.623,10,ADM3,Dry mass movement
PER,San Antonio de Antaparco,6,-13.068,-74.435,10,ADM3,Flood
PER,San Juan de Cutervo,6,-6.163,-78.598,10,ADM3,Dry mass movement
PER,Huasmin,6,-6.838,-78.245,10,ADM3,Flood
UKR,Zolochiv,1,50.286,35.984,10,ADM3,
NZL,Whangarei,7,-35.728,174.321,10,ADM3,Wildfire
NZL,Akaroa,6,-43.825,173.021,10,ADM2,Landslide/Wet mass movement
JPN,Rikuzen Takata,7,38.956,141.742,10,ADM3,Wildfire
BRA,Juti,6,-22.854,-54.522,10,ADM2,Storm
BRA,Júlio de Castilhos,6,-29.264,-53.625,10,ADM2,Flood
PER,Lucanas,6,-14.622,-74.233,10,ADM3,Dry mass movement
USA,Camp Creek,6,37.495,-81.103,10,ADM3,Storm
BRA,Cuparaque,6,-18.997,-41.134,10,ADM2,Flood
USA,Eckman,6,37.405,-81.464,10,ADM3,Storm
PER,Juliaca,7,-15.493,-70.136,10,ADM3,Wildfire
USA,Hatfield,6,37.725,-82.368,10,ADM3,Storm
GTM,Malacatancito,6,15.213,-91.454,10,ADM2,Storm
PER,Shunqui,6,-9.731,-76.783,10,ADM3,Flood
PSE,Jaba,1,32.323,35.222,10,ADM3,
BRA,Braço do Norte,6,-28.247,-49.13,10,ADM2,Flood
BOL,Municipio Camiri,6,-20.063,-63.49,10,ADM3,Flood
MEX,Chandio,2,19.067,-102.352,10,?,
PER,Estique,6,-17.542,-70.018,10,ADM3,Flood
PER,Granada,6,-6.107,-77.628,10,ADM3,Flood
GRC,Chalandra,7,38.548,25.931,10,ADM3,Wildfire
GRC,Keramos,7,38.556,25.936,10,ADM3,Wildfire
BRA,Vespasiano Corrêa,6,-29.071,-51.866,10,ADM2,Flood
BOL,Municipio Teoponte,6,-15.436,-67.702,10,ADM3,Flood
PER,Chacayan,6,-10.471,-76.431,10,ADM3,Flood
PHL,Iloilo City,6,10.71,122.563,10,ADM3,Tornado
AUS,Bulahdelah,7,-32.383,152.199,10,ADM3,Wildfire
GTM,San Juan Cotzal,6,15.426,-91.008,10,ADM2,Flood
BOL,Municipio Puerto Pérez,6,-16.354,-68.598,10,ADM3,Hailstorm
GTM,San José Chacayá,6,14.774,-91.223,10,ADM2,Landslide/Wet mass movement
PER,Ate,6,-12.039,-76.897,10,ADM3,Dry mass movement
BOL,Municipio Tolata,6,-17.521,-66.01,10,ADM3,Flood
USA,West Van Lear,6,37.786,-82.781,10,ADM3,Storm
NGA,Ribadu,2,9.291,12.782,10,ADM3,
PER,Viraco,6,-15.658,-72.525,10,ADM3,Flood
PER,Uchumarca,6,-7.047,-77.806,10,ADM3,Flood
UKR,Synelnykove Raion,1,48.31,35.352,10,ADM2,
BRA,Cataguases,6,-21.345,-42.65,10,ADM2,Storm
ARG,Bragado,6,-35.116,-60.486,10,ADM3,Storm
GTM,Chiquimula,2,14.689,-89.396,10,ADM1,
ARG,San Miguel,6,-28.071,-57.541,10,ADM3,Flood
PHL,Kidapawan City,6,7.042,125.093,10,ADM3,Tornado
PHL,Jones,1,16.561,121.702,10,ADM3,
BDI,Gishuha,6,-2.8,30.218,10,ADM3,Storm
PER,Santa Rosa de Alto Yanajanca,6,-8.653,-76.315,10,ADM3,Flood
CRI,Cantón Upala,6,10.884,-85.145,10,ADM2,Flood
PER,Chilcas,6,-13.169,-73.866,10,ADM3,Flood
CRI,Cantón Quepos,6,9.413,-84.07,10,ADM2,Flood
USA,Henlawson,6,37.902,-81.988,10,ADM3,Storm
RUS,Novopavlovka,7,51.215,109.212,10,ADM3,Wildfire
NOR,Lillestrøm,6,59.957,11.049,10,ADM3,Landslide/Wet mass movement
BRA,Muqui,6,-20.915,-41.301,10,ADM2,Flood
VNM,Chợ Mới District,6,10.455,105.478,10,ADM2,Landslide/Wet mass movement
PER,Vicco,6,-10.841,-76.236,10,ADM3,Flood
NGA,Kuburmbula,1,10.904,12.952,9,ADM3,
BRA,Ibirama,6,-27.034,-49.523,9,ADM2,Hailstorm
USA,UTICA,6,37.603,-87.112,9,ADM3,Storm
PER,Cotaruse,6,-14.416,-73.205,9,ADM3,Flood
NGA,Gassol,6,8.535,10.446,9,ADM3,Flood
NGA,Mallamfatori Kessa,1,13.692,13.486,9,ADM3,
ARG,Partido de Escobar,6,-34.343,-58.778,9,ADM2,Flood
ARG,Marcos Juárez,6,-32.695,-62.104,9,ADM3,Storm
NGA,Gumsuri/Misakurbudu,1,11.018,12.944,9,ADM3,
NGA,Kareto,1,12.856,12.49,9,ADM3,
USA,Burnwell,6,37.629,-82.223,9,ADM3,Storm
NGA,Dabira,1,12.583,12.534,9,ADM3,
BRA,Rio Doce,6,-20.245,-42.896,9,ADM2,Storm
USA,Palos Verdes Estates,7,33.787,-118.402,9,ADM3,Wildfire
USA,Mount Hope,6,37.867,-81.135,9,ADM3,Storm
PER,Bagua,6,-5.639,-78.532,9,ADM3,Flood
GTM,Sanarate,6,14.777,-90.194,9,ADM2,Flood
USA,Louin,6,32.071,-89.261,9,ADM3,Storm
NGA,Gudumbali East,1,12.975,13.29,9,ADM3,
USA,Big Bend,6,42.881,-88.207,9,ADM3,Flood
KGZ,City of Osh,6,40.52,72.806,9,ADM3,Flood
BRA,Cambira,6,-23.632,-51.567,9,ADM2,Hailstorm
USA,Fulton,6,34.274,-88.409,9,ADM3,Storm
PER,Llumpa,6,-8.961,-77.367,9,ADM3,Flood
PER,Comas,6,-11.658,-74.982,9,ADM3,Flood
USA,Garciasville,6,26.319,-98.694,9,ADM3,Flood
PER,Santiago de Tucuma,6,-12.31,-74.892,9,ADM3,Flood
USA,Gracey,6,36.878,-87.662,9,ADM3,Storm
NGA,Turan,1,7.664,9.256,9,ADM3,
PER,Santo Domingo de Acobamba,6,-11.769,-74.795,9,ADM3,Flood
BRA,Açucena,6,-19.03,-42.411,9,ADM2,Storm
MEX,Antiguo Morelos,7,22.566,-99.087,9,ADM3,Wildfire
USA,Jonancy,6,37.316,-82.583,9,ADM3,Storm
USA,Kilmichael,6,33.443,-89.572,9,ADM3,Storm
USA,Oil Springs,6,37.81,-82.942,9,ADM3,Storm
USA,Omar,6,37.756,-82.0,9,ADM3,Storm
USA,New Castle,6,38.433,-85.17,9,ADM3,Storm
USA,Cromwell,6,37.34,-86.788,9,ADM3,Storm
BGD,Sirajganj,6,24.457,89.708,9,ADM3,Erosion
PER,Antabamba,6,-14.365,-72.878,9,ADM3,Flood
PER,Bolognesi,6,-8.35,-78.051,9,ADM3,Mixed disasters
USA,Ages,6,36.858,-83.246,9,ADM3,Storm
PER,Checacupe,6,-14.027,-71.454,9,ADM3,Flood
PER,Chacoche,6,-13.942,-72.99,9,ADM3,Mixed disasters
NPL,Kailali,6,28.731,80.904,9,ADM2,Storm
BRA,Barretos,6,-20.528,-48.677,9,ADM2,Storm
USA,Bayview,6,26.129,-97.398,9,ADM3,Flood
NGA,Wulgo,1,12.484,14.183,9,ADM3,
BDI,Karama,6,-2.785,30.202,9,ADM3,Hailstorm
BGD,Rangpur,6,25.757,89.241,9,ADM3,Storm
BGD,Cox's Bazar District,6,21.166,92.04,9,ADM2,Landslide/Wet mass movement
BDI,Ruyaga,6,-3.104,29.969,9,ADM3,Hailstorm
PER,Rocchacc,6,-13.44,-73.601,9,ADM3,Flood
NPL,Dhanusadham,6,26.882,86.037,9,ADM3,Flood
BDI,Ruganira,6,-3.153,29.909,9,ADM3,Hailstorm
NPL,Panchthar,6,27.149,87.855,9,ADM2,Landslide/Wet mass movement
SLV,Comacarán,6,13.53,-88.066,9,ADM2,Flood
PER,San Pablo,6,-7.118,-78.823,9,ADM3,Mixed disasters
PER,Huanta,6,-12.94,-74.248,9,ADM3,Flood
IND,Daman and Diu,6,20.42,72.864,9,ADM2,Flood
JPN,Hiroshima Prefecture,6,34.556,132.775,9,ADM1,Flood
NPL,Thulo Dhading,7,27.639,85.896,9,ADM3,Wildfire
USA,Horse Cave,6,37.179,-85.907,9,ADM3,Storm
NPL,Sankhuwasabha,6,27.547,87.226,9,ADM2,Earthquake
NPL,Dang,6,27.968,82.478,9,ADM2,Storm
URY,Cerro Largo,6,-32.34,-54.269,9,ADM1,Flood
PER,Micaela Bastidas,6,-14.135,-72.592,9,ADM3,Mixed disasters
BRA,Itacoatiara,6,-3.134,-58.434,9,ADM2,Flood
PER,Curpahuasi,6,-14.064,-72.67,9,ADM3,Flood
PER,Santa Rosa,6,-14.14,-72.657,9,ADM3,Flood
NPL,Bhojpur,7,27.174,87.093,9,ADM2,Wildfire
PER,Chota,6,-6.561,-78.651,9,ADM3,Flood
CRI,Golfito,6,8.653,-83.165,9,ADM3,Flood
BDI,Gishiha,6,-4.099,29.706,9,ADM3,Flood
BDI,Kiremba,6,-3.53,29.365,9,ADM3,Flood
USA,Sophia,6,37.708,-81.251,9,ADM3,Storm
ARG,Chamical,6,-30.363,-66.312,9,ADM3,Flood
NPL,Makwanpur,7,27.437,85.055,9,ADM2,Wildfire
USA,Ferguson,6,38.744,-90.305,9,ADM3,Storm
PER,Vilcabamba,6,-14.078,-72.625,9,ADM3,Mixed disasters
UKR,Yunakivka,1,51.122,35.032,9,ADM3,
GTM,San Miguel Acatán,6,15.704,-91.598,9,ADM2,Storm
USA,Upton,6,37.465,-85.901,9,ADM3,Storm
USA,Verdunville,6,37.845,-82.055,9,ADM3,Storm
PHL,San Remigio,6,10.924,122.201,9,ADM3,Landslide/Wet mass movement
PER,Turpay,6,-14.228,-72.622,9,ADM3,Flood
BRA,São José do Herval,6,-29.064,-52.273,9,ADM2,Storm
PER,Poroy,6,-13.496,-72.044,9,ADM3,Flood
BRA,Teodoro Sampaio,6,-22.416,-52.364,9,ADM2,Storm
BRA,Tefé,6,-4.522,-65.604,9,ADM2,Erosion
ARG,San Lorenzo,6,-26.063,-65.981,9,?,Flood
PHL,Barbaza,6,11.255,122.131,9,ADM3,Tornado
NGA,Ardimini,1,12.456,12.561,9,ADM3,
PER,Valera,6,-6.078,-77.87,9,ADM3,Flood
NGA,Gwer West,2,7.664,8.178,8,ADM3,
PHL,Mankayan,6,16.857,120.794,8,ADM3,Storm
BRA,Vargem Bonita,6,-20.406,-46.314,8,ADM2,Dry mass movement
BRA,Tamandaré,6,-8.758,-35.105,8,ADM2,Storm
GTM,Santa Rosa de Lima,2,14.446,-90.357,8,ADM3,
BRA,Rio das Ostras,6,-22.455,-41.949,8,ADM2,Storm
BRA,Ribeirão Pires,6,-23.704,-46.4,8,ADM2,Storm
USA,Midway,6,38.151,-84.684,8,ADM3,Storm
USA,Varney,6,37.669,-82.122,8,ADM3,Storm
PHL,San Jose,1,12.353,121.066,8,ADM3,
MYS,Jempol District,6,2.803,102.355,8,ADM3,Flood
MMR,Twantay,6,16.738,95.985,8,ADM3,Tornado
USA,Whitman,6,37.813,-82.025,8,ADM3,Storm
USA,Wittensville,6,37.863,-82.8,8,ADM3,Storm
USA,White Mills,6,37.555,-86.032,8,ADM3,Storm
IDN,Ponorogo,6,-7.871,111.462,8,ADM2,Landslide/Wet mass movement
UKR,Poltava Oblast,1,49.638,34.076,8,ADM1,
ARG,Cote Lai,6,-27.53,-59.575,8,ADM3,Flood
USA,Sitka,6,37.881,-82.838,8,ADM3,Storm
NPL,Nawalparasi,6,27.611,83.87,8,ADM2,Storm
MEX,Ozumba,6,19.016,-98.795,8,ADM3,Landslide/Wet mass movement
RUS,Большое Солдатское,1,51.329,35.499,8,ADM3,
NPL,Arghakhanchi,6,27.932,83.146,8,ADM2,Landslide/Wet mass movement
RUS,Valuysky District,1,50.162,37.965,8,ADM2,
USA,Hawesville,6,37.9,-86.755,8,ADM3,Storm
IDN,Langgur,6,-5.664,132.734,8,ADM2,Flood
KEN,Kilifi,2,-3.151,39.675,8,ADM1,
ECU,Carchi,6,0.838,-78.208,8,ADM1,Flood
USA,Caretta,6,37.336,-81.673,8,ADM3,Storm
USA,Rivesville,6,39.53,-80.117,8,ADM3,Flood
SLV,Santo Tomás,7,13.643,-89.134,8,ADM2,Wildfire
SLV,San Francisco Gotera,6,13.695,-88.106,8,ADM2,Dry mass movement
NPL,Rukum,6,28.734,82.714,8,ADM2,Flood
BRA,Itirapina,6,-22.304,-47.835,8,ADM2,Storm
IDN,Pinrang,6,-3.793,119.653,8,ADM2,Landslide/Wet mass movement
BRA,Barrinha,6,-21.224,-48.084,8,ADM2,Storm
USA,Irvington,6,37.88,-86.284,8,ADM3,Storm
KEN,Turkana,2,2.766,35.598,8,ADM1,
IDN,Gunung Sugih,6,-4.974,105.219,8,ADM2,Tornado
TWN,Keelung,6,25.114,121.708,8,ADM2,Typhoon/Hurricane/Cyclone
USA,Shady Spring,6,37.706,-81.098,8,ADM3,Storm
NPL,Jajarkot,6,28.87,82.169,8,ADM2,Flood
NPL,Kalikot,6,29.216,81.688,8,ADM2,Flood
NPL,Kaski,6,28.345,83.972,8,ADM2,Flood
NPL,Humla,6,30.026,81.833,8,ADM2,Flood
BDI,Kigamba,6,-3.037,30.522,8,ADM2,Flood
GTM,Quiché,2,15.437,-91.003,8,ADM1,
BDI,Nyabikere,6,-3.293,30.108,8,ADM3,Hailstorm
NPL,Parsa,6,26.885,85.639,8,ADM3,Storm
NPL,Pyuthan,6,28.121,82.858,8,ADM3,Flood
NPL,Solukhumbu,6,27.725,86.781,8,ADM2,Flood
NPL,Surkhet,7,28.657,81.514,8,ADM2,Wildfire
NZL,Lyttelton,6,-43.605,172.701,8,ADM2,Landslide/Wet mass movement
USA,Knobel,6,36.32,-90.6,8,ADM3,Flood
USA,Dorton,6,37.277,-82.579,8,ADM3,Storm
USA,Ekron,6,37.929,-86.179,8,ADM3,Storm
GTM,Municipio de Sumpango,6,14.656,-90.746,8,ADM2,Storm
GTM,Palencia,7,14.684,-90.311,8,ADM2,Wildfire
USA,Campbellsburg,6,38.524,-85.203,8,ADM3,Storm
IDN,Tabing Airport,6,-0.874,100.351,8,ADM2,Tornado
IDN,Nganjuk,6,-7.602,111.901,8,ADM2,Tornado
USA,Bay,6,35.744,-90.564,8,ADM3,Flood
UGA,Busia,6,0.468,34.09,8,ADM3,Storm
IDN,Kalianda,6,-5.736,105.595,8,ADM2,Flood
USA,Hardyville,6,37.254,-85.786,8,ADM3,Storm
BRA,Botumirim,6,-16.91,-43.008,8,ADM2,Storm
BRA,Brasnorte,6,-12.249,-58.003,8,ADM2,Storm
UKR,Bucha,1,50.545,30.215,8,ADM3,
GTM,La Libertad,6,15.55,-91.92,8,ADM2,Storm
USA,Turkey Creek,6,37.671,-82.307,8,ADM3,Storm
MEX,Palmita,2,18.018,-102.217,8,ADM3,
NGA,Tutare,2,8.592,10.693,8,ADM3,
USA,Overland,6,38.701,-90.362,8,ADM3,Storm
BDI,Rumonge,0,-3.876,29.471,8,ADM1,
SLV,Talnique,6,13.667,-89.408,8,ADM2,Flood
USA,Berkeley,6,38.754,-90.331,8,ADM3,Storm
IDN,Sorong,6,-0.863,131.254,8,ADM2,Flood
USA,Avawam,6,37.225,-83.275,8,ADM3,Storm
BRA,Pinheiro Machado,6,-31.438,-53.422,8,ADM2,Storm
IDN,Batam City,6,1.106,104.038,8,ADM2,Landslide/Wet mass movement
IDN,Bojonegoro,6,-7.152,111.882,8,ADM2,Flood
BRA,Recreio,6,-21.529,-42.443,8,ADM2,Storm
BRA,Ponte Nova,6,-20.409,-42.894,8,ADM2,Storm
IDN,Lombok Barat,6,-8.672,116.122,8,ADM2,Flood
CHL,Los Sauces,7,-37.986,-72.787,8,ADM3,Wildfire
COG,Brazzaville,6,-4.269,15.271,8,ADM3,Flood
SOM,Jariiban,0,7.162,49.001,8,ADM2,
BRA,Vista Gaúcha,6,-27.267,-53.697,8,ADM2,Storm
BRA,Várzea Alegre,6,-6.762,-39.316,8,ADM2,Storm
LKA,Galle District,6,6.105,80.152,8,ADM2,Storm
USA,Magee,6,31.874,-89.734,8,ADM3,Storm
USA,Louann,6,33.391,-92.792,8,ADM3,Flood
BRA,São Miguel do Oeste,6,-26.728,-53.518,8,ADM2,Storm
BRA,Astorga,6,-23.24,-51.695,8,ADM2,Hailstorm
CHL,Quilpué,6,-33.124,-71.367,8,ADM3,Storm
USA,Crestwood,6,38.324,-85.473,8,ADM3,Storm
PRT,Salvaterra de Magos,6,39.047,-8.693,8,ADM3,Storm
PRY,Ayolas,6,-27.392,-56.86,8,ADM3,Flood
GTM,Jacaltenango,6,15.666,-91.711,8,ADM2,Flood
USA,Troy,6,36.339,-89.164,8,ADM3,Storm
RUS,Gora-Podol,1,50.477,35.649,8,ADM3,
BDI,Bwisha,6,-2.782,30.153,8,ADM3,Flood
USA,Traskwood,6,34.449,-92.654,8,ADM3,Flood
USA,Eubank,6,37.278,-84.659,8,ADM3,Storm
IDN,Polewali,6,-3.433,119.353,8,ADM2,Tornado
NGA,Sabon Gari,1,11.525,7.325,8,ADM3,
ESP,Calzada de Calatrava,7,38.624,-3.725,8,ADM3,Wildfire
USA,Uniontown,6,37.775,-87.931,8,ADM3,Storm
BRA,Frei Gaspar,6,-18.14,-41.493,8,ADM2,Storm
BRA,Goiânia,6,-16.64,-49.26,8,ADM2,Flood
IND,Andaman and Nicobar Islands,6,12.092,92.769,8,ADM1,Flood
ZWE,Bulawayo,6,-20.161,28.573,8,ADM2,Flood
NGA,Guzamala West,1,12.663,13.276,8,ADM3,
NGA,Aduwa,1,12.811,13.241,7,ADM3,
PHL,Dao,6,11.388,122.692,7,ADM3,Tornado
GRC,Grammatikos,7,37.712,21.577,7,ADM3,Wildfire
PER,Yaurisque,6,-13.663,-71.922,7,ADM3,Flood
PER,Yurimaguas,6,-5.902,-76.122,7,ADM3,Storm
PHL,Altavas,6,11.51,122.469,7,ADM3,Landslide/Wet mass movement
FRA,Le Tignet,6,43.626,6.848,7,ADM3,Landslide/Wet mass movement
VNM,Phụng Hiệp District,6,9.788,105.706,7,ADM2,Landslide/Wet mass movement
VNM,Tiger Island - Cu lao My Hoa Hung,6,10.416,105.435,7,?,Landslide/Wet mass movement
NGA,Kauwa,1,12.961,13.717,7,ADM3,
NGA,Chibok Garu,1,10.855,12.863,7,ADM3,
YEM,Amran Governorate,1,16.3,43.869,7,ADM1,
ALB,Durrës,6,41.331,19.457,7,ADM3,Flood
NGA,Auke,2,7.51,7.796,7,ADM3,
USA,Fordsville,6,37.636,-86.717,7,ADM3,Storm
USA,Forest Falls,6,34.088,-116.92,7,ADM3,Landslide/Wet mass movement
UKR,Orikhiv Raion,1,47.645,35.724,7,ADM2,
UKR,Myropilske,1,50.942,35.316,7,ADM3,
BRA,Canudos do Vale,6,-29.321,-52.225,7,ADM2,Storm
BRA,Capão Bonito do Sul,6,-28.174,-51.423,7,ADM2,Storm
BRA,Cantagalo,6,-25.295,-52.153,7,ADM2,Flood
USA,Falcon Heights,6,26.559,-99.123,7,ADM3,Flood
PER,Cuchumbaya,6,-16.751,-70.686,7,ADM3,Flood
PER,Longar,6,-6.385,-77.546,7,ADM3,Flood
PER,Colquemarca,7,-14.285,-72.041,7,ADM3,Wildfire
PER,Cieneguilla,6,-12.076,-76.778,7,ADM3,Dry mass movement
USA,Gordon,6,36.993,-83.024,7,ADM3,Storm
USA,Ghent,6,38.738,-85.058,7,ADM3,Storm
BRA,Mataraca,6,-6.555,-35.037,7,ADM2,Flood
PER,Marcabamba,6,-15.15,-73.341,7,ADM3,Flood
UKR,Chuhuiv Raion,1,49.808,36.772,7,ADM2,
BRA,Belmiro Braga,6,-21.964,-43.459,7,ADM2,Storm
BRA,Palmeira do Piauí,6,-8.515,-44.436,7,ADM2,Drought
PER,Niepos,6,-6.926,-79.13,7,ADM3,Flood
USA,Irwindale,7,34.107,-117.934,7,ADM3,Wildfire
USA,Dayhoit,6,36.84,-83.376,7,ADM3,Storm
USA,DeMossville,6,38.804,-84.418,7,ADM3,Storm
USA,Kopperston,6,37.748,-81.57,7,ADM3,Storm
PER,Ongón,6,-8.208,-76.983,7,ADM3,Mixed disasters
USA,Keaton,6,37.986,-82.96,7,ADM3,Storm
USA,Kegley,6,37.397,-81.132,7,ADM3,Storm
USA,Jennings,6,38.719,-90.26,7,ADM3,Storm
BRA,Pinhão,6,-25.762,-51.653,7,ADM2,Storm
GTM,Santa Lucía Utatlán,6,14.781,-91.265,7,ADM2,Flood
PER,Chazuta,6,-6.572,-76.134,7,ADM3,Storm
PER,Challabamba,7,-13.215,-71.649,7,ADM3,Wildfire
BRA,Santa Helena de Minas,6,-16.903,-40.662,7,ADM2,Storm
USA,Lake Balboa,7,34.201,-118.501,7,ADM3,Wildfire
USA,Lannon,6,43.15,-88.164,7,ADM3,Flood
PER,Pira,6,-9.581,-77.707,7,ADM3,Flood
BOL,Municipio Warnes,6,-17.36,-63.041,7,ADM3,Flood
USA,Lozano,6,26.189,-97.541,7,ADM3,Flood
GTM,Todos Santos Cuchumatán,6,15.509,-91.604,7,ADM2,Flood
BWA,Maun,6,-19.986,23.422,7,ADM3,Flood
BWA,Palapye,6,-22.537,27.124,7,ADM3,Flood
PER,Ataura,6,-11.803,-75.439,7,ADM3,Flood
BOL,Municipio Totora,6,-17.591,-65.166,7,ADM3,Flood
BOL,Municipio Villa Alcala,6,-19.426,-64.378,7,ADM3,Flood
BOL,Municipio Reyes,6,-13.156,-66.947,7,ADM3,Flood
CAN,Laluwissin Creek,7,50.456,-121.634,7,?,Wildfire
BOL,Municipio Curahuara de Carangas,6,-17.931,-68.587,7,ADM3,Flood
BOL,Municipio El Alto,6,-16.449,-68.214,7,ADM3,Flood
PER,Balsas,6,-6.836,-78.019,7,ADM3,Flood
BRA,Água Doce,6,-26.997,-51.556,7,ADM2,Storm
BRA,Jaguarão,6,-32.405,-53.332,7,ADM2,Storm
URY,Treinta y Tres,6,-33.079,-54.357,7,ADM1,Storm
PER,Lamay,6,-13.365,-71.92,7,ADM3,Flood
IDN,Lombok Timur,6,-8.633,116.559,7,ADM2,Landslide/Wet mass movement
BRA,Cidreira,6,-30.091,-50.269,7,ADM2,Storm
USA,Covel,6,37.491,-81.323,7,ADM3,Storm
PER,Puyca,6,-14.939,-72.547,7,ADM3,Flood
PER,Puños,7,-9.5,-76.883,7,ADM3,Wildfire
PER,Quinches,6,-12.307,-76.143,7,ADM3,Flood
CHL,Victoria,6,-38.298,-72.233,7,ADM3,Storm
CHL,Penco,6,-36.744,-72.949,7,ADM3,Storm
CHL,San Pedro de Atacama,6,-23.355,-67.892,7,ADM3,Storm
USA,New Richmond,6,37.57,-81.489,7,ADM3,Storm
PER,Alca,6,-15.167,-72.712,7,ADM3,Landslide/Wet mass movement
PER,Alis,6,-12.281,-75.786,7,ADM3,Dry mass movement
COD,Kibombo,6,-4.082,25.49,7,ADM2,Storm
COL,Abrego,6,8.0,-73.2,7,ADM2,Landslide/Wet mass movement
MEX,Hermosillo,6,29.095,-110.969,7,ADM3,Flood
BOL,Municipio Baures,6,-13.567,-62.683,7,ADM3,Flood
BOL,Municipio Capinota,6,-17.774,-66.215,7,ADM3,Flood
COL,El Dorado,6,3.739,-73.835,7,ADM2,Flood
COL,Guadalajara de Buga,6,3.856,-76.101,7,ADM2,Flood
PAK,Shangla,6,34.957,72.848,7,ADM2,Flood
PER,Acarí,6,-15.436,-74.617,7,ADM3,Flood
CMR,Logone-et-Chari,2,12.041,14.84,7,ADM2,
SOM,Ceel Buur,6,4.76,46.842,7,ADM2,Drought
PER,Islay,6,-16.999,-72.097,7,ADM3,Flood
BRA,Iguatama,6,-20.145,-45.742,7,ADM2,Storm
USA,Athens,6,37.422,-81.016,7,ADM3,Storm
IRN,Abdanan,6,32.99,47.422,7,ADM3,Flood
PER,Etén,6,-6.907,-79.863,7,ADM3,Flood
PER,Fidel Olivas Escudero,6,-8.782,-77.293,7,ADM3,Flood
USA,Berino,6,32.071,-106.621,7,ADM3,Flood
SLV,santa rosa,6,13.626,-87.891,7,ADM2,Flood
COL,Dolores,7,3.605,-74.806,7,ADM2,Wildfire
COL,Marmato,6,5.476,-75.597,7,ADM2,Landslide/Wet mass movement
COL,Municipio de López de Micay,6,3.0,-77.25,7,ADM2,Flood
PER,San José de Quero,6,-12.085,-75.536,7,ADM3,Flood
COL,Cumaral,6,4.238,-73.341,7,ADM2,Flood
SOM,Cabudwaaq,0,5.826,46.125,7,ADM2,
SLV,San Antonio Pajonal,6,14.197,-89.581,7,ADM2,Flood
USA,Raven,6,37.403,-82.806,7,ADM3,Storm
USA,Red Jacket,6,37.648,-82.14,7,ADM3,Storm
USA,Raleigh,6,37.757,-81.174,7,ADM3,Storm
MEX,El Pescadero,6,23.369,-110.173,7,ADM3,Typhoon/Hurricane/Cyclone
MEX,Ciudad Madero,6,22.278,-97.824,7,ADM3,Flood
PER,San Juan de Tarucani,6,-16.21,-71.094,7,ADM3,Flood
PER,San Miguel,6,-13.012,-73.981,7,ADM3,Flood
PER,San Miguel De Chaccrampa,6,-13.962,-73.603,7,ADM3,Storm
PER,San Antonio,6,-6.397,-76.389,7,ADM3,Flood
COL,Sabanalarga,6,4.735,-73.008,7,ADM2,Flood
COL,Riosucio,6,7.417,-77.167,7,ADM2,Flood
COL,Totoró,6,2.505,-76.393,7,ADM2,Hailstorm
COL,San Luis de Palenque,6,5.281,-71.582,7,ADM2,Flood
COL,Simacota,6,6.524,-73.669,7,ADM2,Flood
USA,Science Hill,6,37.177,-84.636,7,ADM3,Storm
USA,Salineño,6,26.516,-99.112,7,ADM3,Flood
USA,San Juan,6,37.748,-109.745,7,ADM2,Tornado
MEX,Ocampo,7,21.604,-101.476,7,ADM3,Dam release flood
MEX,Ocosingo,6,16.658,-91.193,7,ADM3,Flood
COL,Valparaíso,6,1.057,-75.76,7,ADM2,Storm
COL,Yopal,6,5.338,-72.394,7,ADM2,Flood
USA,Bay Springs,6,31.979,-89.287,7,ADM3,Storm
JPN,Aogashima,6,32.462,139.768,7,ADM3,Typhoon/Hurricane/Cyclone
PER,Huancabamba District,6,-10.34,-75.667,7,ADM3,Flood
PER,Huancarqui,6,-16.096,-72.472,7,ADM3,Flood
USA,Caraway,6,35.758,-90.323,7,ADM3,Flood
USA,Cave City,6,35.942,-91.548,7,ADM3,Flood
PER,Santo Tomás,7,-14.45,-72.082,7,ADM3,Wildfire
MEX,Santiago Tianguistenco,6,19.182,-99.468,7,ADM3,Flood
MEX,South Lower California,6,25.436,-111.562,7,ADM1,Flood
USA,Switzer,6,37.793,-81.988,7,ADM3,Storm
NGA,Sojiri/ Nguro-Nguro,1,11.648,13.243,7,ADM3,
MEX,Rosario de Tesopaco,6,27.843,-109.37,7,ADM3,Flood
MEX,Uriangato,6,20.118,-101.138,7,ADM3,Flood
GTM,Cabañas,6,14.889,-89.777,7,ADM2,Flood
MEX,Sabanilla,6,17.325,-92.634,7,ADM3,Flood
PER,Ticaco,6,-17.444,-70.048,7,ADM3,Flood
PER,Umachiri,6,-14.854,-70.754,7,ADM3,Storm
MEX,Tepoztlán,7,18.992,-99.103,7,ADM3,Wildfire
MEX,Tila,6,17.37,-92.496,7,ADM3,Flood
PER,Ubinas,6,-16.387,-70.856,7,ADM3,Storm
ESP,La Alquería,7,37.317,-6.891,7,?,Dam release flood
GTM,Concepción Tutuapa,6,15.24,-91.844,7,ADM2,Flood
ARG,San Roque,6,-27.511,-58.811,7,ADM3,Flood
ARG,Sarmiento,6,-32.081,-68.657,7,ADM2,Storm
USA,Westview,6,37.7,-86.409,7,ADM3,Storm
USA,West Paducah,6,37.083,-88.744,7,ADM3,Storm
PHL,Laua-an,6,11.148,122.022,7,ADM3,Tornado
GRC,Diefcha,7,38.473,25.978,7,ADM3,Wildfire
GRC,Fyta,7,38.518,25.999,7,ADM3,Wildfire
PER,Vitis,6,-12.224,-75.808,7,ADM3,Flood
NGA,Borikyo,2,7.513,9.757,7,ADM3,
MYS,Matu,6,2.674,111.534,7,ADM3,Flood
USA,Campbellsville Road,6,37.51,-85.631,7,ADM3,Storm
USA,Campton,6,37.734,-83.547,7,ADM3,Storm
BRA,Gentil,6,-28.388,-52.049,7,ADM2,Storm
IDN,Sintang,6,0.074,111.493,7,ADM2,Flood
PER,Inambari,6,-12.973,-69.928,7,ADM3,Storm
PER,Huayan,6,-9.875,-77.708,7,ADM3,Storm
USA,Burdine,6,37.189,-82.599,7,ADM3,Storm
USA,Bradbury,7,34.147,-117.971,7,ADM3,Wildfire
ARG,Nahuelpan,7,-42.916,-71.302,7,?,Wildfire
YEM,Sa'dah Governorate,7,17.093,44.04,7,ADM1,Wildfire
PER,Ccochaccasa,6,-12.935,-74.805,6,ADM3,Flood
ARG,Ucacha,6,-31.434,-64.134,6,?,Storm
PER,Yanama,6,-9.021,-77.471,6,ADM3,Dry mass movement
PER,Pariahuanca,6,-9.365,-77.581,6,ADM3,Flood
USA,Mabscott,6,37.771,-81.208,6,ADM3,Storm
NGA,Felo,2,12.606,12.948,6,ADM3,
ARG,Reconquista,6,-29.168,-59.647,6,ADM3,Flood
ARG,Leandro N. Alem,6,-27.604,-55.324,6,ADM3,Tornado
PER,Huayllati,6,-13.928,-72.484,6,ADM3,Mixed disasters
PER,Ihuarí,6,-11.213,-76.976,6,ADM3,Flood
NGA,Alagarno,1,13.149,13.561,6,ADM3,
PER,Zurite,6,-13.455,-72.255,6,ADM3,Mixed disasters
PER,Pacobamba,6,-13.616,-73.086,6,ADM3,Flood
PER,Inkawasi,6,-13.287,-73.208,6,ADM3,Flood
BRA,Rio Negrinho,6,-26.416,-49.568,6,ADM2,Storm
ARG,Tres Isletas,6,-26.342,-60.427,6,ADM3,Flood
PER,Tauria,6,-15.404,-73.173,6,ADM3,Flood
USA,Welasco,6,26.159,-97.992,6,ADM3,Flood
PHL,Tapaz,6,11.254,122.449,6,ADM3,Tornado
PNG,Enga Province,6,-5.493,143.372,6,ADM1,Landslide/Wet mass movement
ARG,Tunuyán,7,-33.581,-69.015,6,ADM3,Wildfire
ARG,Parque Nacional Lanin,7,-39.235,-70.928,6,?,Wildfire
ARG,Santa Lucía,6,-28.987,-59.066,6,ADM3,Flood
ARG,Timbúes,6,-32.667,-60.796,6,ADM3,Flood
GBR,South Ayrshire,6,55.3,-4.646,6,ADM2,Storm
USA,Burnside,6,36.989,-84.6,6,ADM3,Storm
PER,San Antonio de Cachi,6,-13.773,-73.603,6,ADM3,Mixed disasters
USA,Black Jack,6,38.793,-90.267,6,ADM3,Storm
PHL,San Miguel,6,10.781,122.465,6,ADM3,Flood
GTM,Cuyotenango,6,14.542,-91.572,6,ADM2,Flood
PER,Tisco,6,-15.347,-71.447,6,ADM3,Flood
BRA,Itaara,6,-29.563,-53.746,6,ADM2,Storm
USA,Cerulean,6,36.959,-87.71,6,ADM3,Storm
USA,Charlotte,6,36.177,-87.34,6,ADM3,Storm
PER,Huaraz,6,-9.53,-77.529,6,ADM3,Flood
PER,Huancaray,6,-13.757,-73.527,6,ADM3,Mixed disasters
USA,Coalgood,6,36.814,-83.255,6,ADM3,Storm
USA,Traskwood,6,34.449,-92.655,6,ADM3,Flood
PER,Uranmarca,6,-13.672,-73.67,6,ADM3,Flood
BRA,Cunha Porã,6,-26.866,-53.21,6,ADM2,Storm
BRA,Descoberto,6,-21.452,-42.971,6,ADM2,Storm
IRQ,Basra,1,30.199,47.568,6,ADM1,
PER,Justo Apu Sahuaraura,6,-14.106,-73.196,6,ADM3,Flood
IDN,Pamekasan,6,-7.161,113.483,6,ADM2,Flood
USA,Toluca Lake,7,34.146,-118.348,6,ADM3,Wildfire
USA,Topanga,7,34.09,-118.605,6,ADM3,Wildfire
PER,Florida,6,-5.826,-77.969,6,ADM3,Flood
PER,Huamachuco,6,-7.815,-78.049,6,ADM3,Flood
SLV,Metapán,6,14.332,-89.448,6,ADM2,Earthquake
SLV,Moncagua,6,13.533,-88.256,6,ADM2,Flood
GTM,Malacatancito,7,15.213,-91.454,6,ADM2,Wildfire
PER,Sina,6,-14.497,-69.28,6,ADM3,Storm
BRA,Acará,7,-2.104,-48.48,6,ADM2,Wildfire
PER,San Silvestre De Cochan,6,-6.931,-78.725,6,ADM3,Dry mass movement
GTM,Tejutla,6,15.148,-91.821,6,ADM2,Flood
USA,Thealka,6,37.822,-82.789,6,ADM3,Storm
PER,Palca,6,-11.346,-75.569,6,ADM3,Dry mass movement
PER,Eduardo Villanueva,6,-7.437,-78.148,6,ADM3,Flood
USA,Crab Orchard,6,37.465,-84.507,6,ADM3,Storm
PER,Tambillo,6,-13.195,-74.111,6,ADM3,Flood
PER,Uchuraccay,6,-12.827,-74.112,6,ADM3,Flood
USA,Thelma,6,37.819,-82.765,6,ADM3,Storm
USA,Thousand Oaks,7,34.171,-118.838,6,ADM3,Wildfire
PER,Santo Tomás,6,-6.573,-77.866,6,ADM3,Flood
PER,Cuñumbuqui,6,-6.588,-76.434,6,ADM3,Storm
USA,Helen,6,37.635,-81.314,6,ADM3,Storm
SLV,Chilanga,6,13.722,-88.121,6,ADM2,Flood
BDI,Ruyigi,0,-3.517,30.248,6,ADM1,
PER,Río Negro,6,-11.208,-74.66,6,ADM3,Flood
PER,Longuita,6,-6.414,-77.969,6,ADM3,Flood
PER,Llamellín,6,-9.101,-77.017,6,ADM3,Flood
USA,Pleasant View,6,36.394,-87.037,6,ADM3,Storm
SLV,Zacatecoluca,6,13.509,-88.87,6,ADM2,Storm
BDI,Mugero,6,-3.166,30.0,6,ADM3,Hailstorm
USA,Heth,6,35.078,-90.495,6,ADM3,Flood
UKR,Bohodukhiv Raion,1,50.139,35.523,6,ADM2,
PER,Cocharcas,6,-13.61,-73.741,6,ADM3,Flood
SLV,San Cayetano Istepeque,6,13.65,-88.809,6,ADM2,Storm
BRA,Nova Aurora,6,-24.51,-53.297,6,ADM2,Storm
PER,Lucma,6,-8.919,-77.411,6,ADM3,Flood
UKR,Huliaipole,1,47.666,36.266,6,ADM3,
UKR,Huliaipole Raion,1,47.694,36.342,6,ADM2,
SLV,San Vicente,6,13.641,-88.785,6,ADM2,Storm
USA,Agoura,7,34.143,-118.738,6,ADM3,Wildfire
USA,Township of Beaver Dam,6,36.704,-90.541,6,ADM3,Storm
MEX,Nuevo Casas Grandes,6,30.506,-107.665,6,ADM3,Flood
RUS,Borisovsky District,1,50.595,36.012,6,ADM2,
CRI,Tilarán,6,10.481,-84.946,6,ADM3,Landslide/Wet mass movement
USA,Almo,6,36.695,-88.278,6,ADM3,Storm
CRI,Cantón Puriscal,6,9.733,-84.409,6,ADM2,Flood
RUS,Vyazovoye,1,50.789,35.496,6,ADM3,
PER,Coporaque,6,-14.801,-71.532,6,ADM3,Storm
BDI,Gisuru,6,-3.458,30.502,6,ADM3,Flood
NOR,Gjøra,6,62.549,9.113,6,ADM3,Storm
PER,Encañada,6,-7.085,-78.343,6,ADM3,Storm
PER,Pomacocha,6,-14.084,-73.591,6,ADM3,Storm
PER,Lambrama,6,-13.871,-72.77,6,ADM3,Flood
BRA,José Gonçalves de Minas,6,-16.905,-42.669,6,ADM2,Storm
USA,Stephenson,6,37.58,-81.327,6,ADM3,Storm
BRA,Pelotas,6,-31.581,-52.341,6,ADM2,Storm
BRA,Águas Vermelhas,6,-15.687,-41.56,6,ADM2,Flood
PER,Awajún,6,-5.87,-77.457,6,ADM3,Flood
PER,Chinchero,6,-13.396,-72.052,6,ADM3,Flood
PER,Cholón,6,-8.647,-76.745,6,ADM3,Flood
USA,Olaton,6,37.526,-86.687,6,ADM3,Storm
PER,Quiches,6,-8.395,-77.491,6,ADM3,Flood
BRA,Caparao,6,-20.523,-41.905,6,ADM2,Storm
PER,Luya,6,-6.165,-77.945,6,ADM3,Flood
PER,Madean,6,-12.945,-75.777,6,ADM3,Flood
PER,Magdalena,6,-7.225,-78.631,6,ADM3,Flood
KOR,Uljin-gun,6,36.895,129.294,6,ADM2,Winter storm/Blizzard
SLV,El Divisadero,6,13.602,-88.053,6,ADM2,Flood
SLV,Ilobasco,6,13.843,-88.849,6,ADM2,Flood
USA,Holmes Mill,6,36.868,-83.002,6,ADM3,Storm
BRA,Mineiros,6,-17.569,-52.551,6,ADM2,Storm
CHN,Shejiaping,6,28.973,111.252,6,ADM3,Flood
CHL,Ninhue,6,-36.353,-72.39,6,ADM3,Storm
BRA,Novo Itacolomi,6,-23.776,-51.539,6,ADM2,Hailstorm
BRA,Carazinho,6,-28.278,-52.864,6,ADM2,Storm
SLV,Cacaopera,6,13.772,-88.079,6,ADM2,Flood
BRA,Cerejeiras,6,-13.183,-61.475,6,ADM2,Flood
BDI,Kobero,6,-2.77,30.159,6,ADM3,Flood
BDI,Mahande,6,-2.864,29.248,6,ADM3,Flood
BRA,Passos Maia,6,-26.708,-51.947,6,ADM2,Tornado
PER,Ocumal,6,-6.354,-78.149,6,ADM3,Flood
BRA,Ponta Porã,6,-22.016,-55.727,6,ADM2,Storm
JPN,Tamano,7,34.493,133.919,6,ADM3,Wildfire
PER,Rahuapampa,6,-9.359,-77.079,6,ADM3,Flood
CHL,Bulnes,6,-36.796,-72.287,6,ADM3,Storm
BRA,Aracaju,6,-10.982,-37.103,6,ADM2,Flood
BRA,Arambaré,6,-30.913,-51.556,6,ADM2,Storm
PER,Namora,6,-7.202,-78.325,6,ADM3,Flood
BDI,Masasu,6,-2.854,30.241,6,ADM3,Storm
USA,Sizerock,6,37.219,-83.497,6,ADM3,Storm
PER,Santa Cruz,6,-8.909,-77.712,6,ADM3,Flood
USA,Elbert,6,37.335,-81.539,6,ADM3,Storm
CRI,Cantón Corredores,6,8.539,-82.947,6,ADM2,Flood
CRI,Cantón Naranjo,6,10.105,-84.399,6,ADM2,Flood
USA,Dundee,6,37.559,-86.773,6,ADM3,Storm
PER,Andarapa,6,-13.528,-73.366,6,ADM3,Flood
CHL,Perquenco,6,-38.433,-72.445,6,ADM3,Storm
USA,Idamay,6,39.497,-80.257,6,ADM3,Flood
USA,Newbern,6,36.113,-89.262,6,ADM3,Storm
BRA,Nova Pádua,6,-29.012,-51.315,6,ADM2,Storm
BDI,Murwi,6,-2.887,29.204,6,ADM3,Flood
TUR,Çanakkale,7,40.08,26.566,6,ADM1,Wildfire
PER,Miguel Checa,6,-5.081,-80.787,6,ADM3,Flood
GTM,San Pedro Sacatepéquez,6,14.966,-91.778,6,ADM2,Landslide/Wet mass movement
CHL,Panguipulli,6,-39.769,-72.07,6,ADM3,Storm
PER,San Juan,6,-7.292,-78.498,6,ADM3,Flood
PER,La Unión,6,-9.828,-76.801,6,ADM3,Flood
UKR,Преображенка,1,47.576,35.809,6,ADM3,
USA,Kenvir,6,36.854,-83.157,6,ADM3,Storm
USA,Kevil,6,37.085,-88.887,6,ADM3,Storm
PER,Coyllurqui,6,-13.837,-72.432,6,ADM3,Dry mass movement
PER,Curimaná,6,-8.434,-75.153,6,ADM3,Flood
USA,San Isidro,6,26.717,-98.454,6,ADM3,Flood
ARG,Municipio de Santa Rosa de Calamuchita,6,-32.08,-64.533,6,ADM3,Flood
ARG,Municipio de Luque,6,-31.647,-63.341,6,ADM3,Storm
USA,Woodbury,6,37.183,-86.634,6,ADM3,Storm
PER,Pinto Recodo,6,-6.379,-76.604,6,ADM3,Flood
ARG,Los Juries,6,-28.463,-62.11,6,ADM3,Tornado
PNG,Western Highlands Province,6,-5.759,144.254,6,ADM1,Landslide/Wet mass movement
PER,Chacas,6,-9.162,-77.366,6,ADM3,Flood
BRA,São Pedro da Aldeia,6,-22.85,-42.132,6,ADM2,Storm
PER,Pebas,6,-3.321,-71.862,6,ADM3,Storm
PRT,Monte do Trigo,6,38.382,-7.715,6,ADM3,Flood
PER,Calango,6,-12.526,-76.544,6,ADM3,Flood
PER,Caravelí,6,-15.772,-73.366,6,ADM3,Flood
BRA,Anitápolis,6,-27.869,-49.132,6,ADM2,Flood
PER,Casca,6,-8.855,-77.399,6,ADM3,Dry mass movement
NGA,Tombo,1,7.752,9.123,6,ADM3,
USA,Viola,6,36.396,-91.982,6,ADM3,Flood
BDI,Nyanza,6,-2.749,30.004,6,ADM3,Hailstorm
USA,Prichard,6,38.24,-82.598,6,ADM3,Storm
ARG,Departamento Avellaneda,6,-28.551,-63.151,6,ADM2,Flood
SLV,Nahuizalco,6,13.779,-89.737,6,ADM2,Dry mass movement
USA,Rancho Cascades,7,34.321,-118.479,6,ADM3,Wildfire
MEX,Hermosillo,2,29.095,-110.969,6,ADM3,
PER,Yauli,6,-11.667,-76.088,6,ADM3,Flood
NGA,Boboshe,1,11.948,13.912,6,ADM3,
USA,Hattiesburg,6,31.327,-89.29,6,ADM3,Storm
BRA,Bonito,6,-8.522,-35.694,6,ADM2,Dry mass movement
BRA,Bonito de Minas,6,-14.91,-44.885,6,ADM2,Flood
UGA,Lwengo,6,-0.447,31.398,6,ADM1,Storm
ARG,Alto Comedero,6,-24.247,-65.262,6,ADM3,Flood
ARG,Banda del Río Salí,6,-26.867,-65.162,6,ADM3,Flood
ARG,Correa,6,-32.849,-61.254,6,?,Flood
USA,Wyco,6,37.599,-81.343,6,ADM3,Storm
PHL,Liloy,6,8.123,122.679,6,ADM3,Flood
ARG,Marabó,6,-34.555,-58.939,5,ADM3,Flood
ARG,San José de Feliciano,6,-30.373,-58.749,5,ADM3,Flood
GBR,Dagenham,7,51.541,0.148,5,ADM3,Wildfire
UGA,Kisoro,6,-1.198,29.67,5,ADM2,Landslide/Wet mass movement
USA,Haddix,6,37.487,-83.348,5,ADM3,Storm
ARG,Rosario,6,-32.952,-60.673,5,ADM3,Storm
MEX,Gustavo A. Madero,7,19.519,-99.144,5,ADM3,Sinkhole
UKR,Lysychansk,1,48.907,38.43,5,ADM3,
SLV,Mejicanos,6,13.724,-89.188,5,ADM2,Flood
SLV,Mercedes La Ceiba,6,13.648,-88.913,5,ADM2,Storm
SLV,Mercedes Umaña,6,13.562,-88.489,5,ADM2,Flood
BDI,Nyakibari,6,-2.77,30.012,5,ADM3,Hailstorm
BDI,Nganji,6,-3.372,30.349,5,ADM3,Flood
NZL,Canterbury,6,-43.494,171.81,5,ADM1,Flood
NZL,Porirua,7,-41.084,174.93,5,ADM2,Wildfire
BRA,Santo Antônio da Platina,6,-23.274,-50.085,5,ADM2,Flood
PRT,Arganil,6,40.22,-7.981,5,ADM3,Storm
USA,University City,6,38.657,-90.31,5,ADM3,Storm
GTM,Chiché,6,15.006,-91.029,5,ADM2,Storm
BDI,Bujumbura Rural,0,-3.463,29.469,5,ADM1,
USA,Vivian,6,37.418,-81.487,5,ADM3,Storm
BRA,Anita Garibaldi,6,-27.726,-51.058,5,ADM2,Storm
BRA,São Félix do Araguaia,6,-11.442,-52.139,5,ADM2,Flood
USA,Lerona,6,37.5,-80.979,5,ADM3,Storm
PRT,Aguiar da Beira,7,40.782,-7.534,5,ADM3,Wildfire
USA,Los Ebanos,6,26.243,-98.562,5,ADM3,Flood
BRA,Roca Sales,6,-29.226,-51.824,5,ADM2,Dry mass movement
BRA,Senador Amaral,6,-22.554,-46.224,5,ADM2,Hailstorm
USA,Ligon,6,37.37,-82.673,5,ADM3,Storm
BRA,Alvorada de Minas,6,-18.795,-43.37,5,ADM2,Storm
BRA,São Lourenço da Mata,6,-8.011,-35.109,5,ADM2,Dry mass movement
USA,Fairdale,6,37.782,-81.363,5,ADM3,Storm
BRA,Iturama,6,-19.695,-50.382,5,ADM2,Storm
RUS,Коренево,1,51.41,34.893,5,ADM3,
BDI,Kiryama,6,-2.867,30.247,5,ADM3,Flood
USA,Jeffersontown,6,38.194,-85.564,5,ADM3,Storm
UKR,Марганець,1,47.644,34.621,5,ADM3,
UKR,Приморське,1,47.619,35.287,5,ADM3,
UKR,Шостка,1,51.865,33.492,5,ADM2,
USA,Schlater,6,33.641,-90.348,5,ADM3,Storm
BRA,Ouro Verde de Minas,6,-18.034,-41.295,5,ADM2,Storm
CAN,Trepassey,6,46.736,-53.342,5,ADM3,Storm
BRA,Boa Vista da Aparecida,6,-25.437,-53.413,5,ADM2,Storm
USA,Illinois,6,39.739,-89.451,5,ADM1,Storm
USA,Indian Mound,6,36.501,-87.694,5,ADM3,Storm
USA,New Concord,6,36.548,-88.155,5,ADM3,Storm
USA,Delmita,6,26.68,-98.413,5,ADM3,Flood
USA,North Corbin,6,36.961,-84.093,5,ADM3,Storm
USA,North Jackson Street,6,43.04,-87.904,5,ADM3,Flood
CHL,Hualqui,6,-37.047,-72.854,5,ADM3,Storm
CAN,Amyot Lake,7,53.7,-106.643,5,?,Wildfire
USA,Dixon,6,37.518,-87.69,5,ADM3,Storm
UKR,Znamianka Raion,1,48.763,32.664,5,ADM2,
JPN,Teshio,6,44.815,141.668,5,ADM2,Flood
CAN,Lytton,7,50.222,-121.574,5,ADM3,Wildfire
BRA,Araxá,6,-19.611,-46.98,5,ADM2,Storm
USA,Kirksey,6,36.699,-88.395,5,ADM3,Storm
USA,Morris Chapel,6,35.324,-88.352,5,ADM3,Storm
USA,Mount Wilson,7,34.226,-118.066,5,ADM3,Wildfire
BRA,Novo Hamburgo,6,-29.723,-51.057,5,ADM2,Storm
UKR,Semenivka,1,52.179,32.578,5,ADM3,
UKR,Svoboda,1,47.682,35.921,5,ADM3,
UKR,Odesa Oblast,1,46.643,30.568,5,ADM1,
USA,Hondo,6,33.388,-105.271,5,ADM3,Flood
USA,POCAHONTAS,6,35.053,-88.804,5,ADM3,Storm
GTM,San Bartolomé Jocotenango,7,15.187,-91.036,5,ADM2,Wildfire
USA,Ohio,6,40.363,-82.706,5,ADM1,Storm
UGA,Katerera,6,-0.197,30.168,5,ADM3,Storm
MDG,Sofia,6,-15.254,48.256,5,ADM1,Typhoon/Hurricane/Cyclone
MDV,Kulhudhuffushi,6,6.623,73.071,5,ADM3,Flood
CAN,Pitt Meadows,7,49.275,-122.652,5,ADM3,Wildfire
CAN,Ramsey Drive,7,50.44,-104.61,5,?,Wildfire
BRA,Redenção,7,-8.026,-50.032,5,ADM2,Wildfire
USA,Amherstdale,6,37.785,-81.809,5,ADM3,Storm
USA,Monte Nido,7,34.081,-118.687,5,ADM3,Wildfire
GTM,San Juan Sacatepéquez,6,14.718,-90.643,5,ADM2,Landslide/Wet mass movement
BRA,Água Boa,7,-14.136,-52.491,5,ADM2,Wildfire
USA,Kewaskum,6,43.521,-88.228,5,ADM3,Flood
RUS,Sevsky District,1,52.092,34.42,5,ADM2,
BRA,Crato,6,-7.147,-39.471,5,ADM2,Dry mass movement
USA,Decoy,6,37.496,-83.094,5,ADM3,Storm
USA,Allenton,6,43.421,-88.341,5,ADM3,Flood
USA,Allen Junction,6,37.589,-81.351,5,ADM3,Storm
MEX,Miraflores,6,23.369,-109.777,5,ADM3,Typhoon/Hurricane/Cyclone
MEX,Naucalpan,6,19.474,-99.291,5,ADM3,Landslide/Wet mass movement
BRA,Nossa Senhora do Socorro,6,-10.864,-37.173,5,ADM2,Flood
SLV,San Pedro Nonualco,6,13.626,-87.891,5,ADM2,Flood
SLV,San Antonio,7,13.84,-88.263,5,ADM2,Wildfire
USA,Rincon,6,32.673,-107.065,5,ADM3,Flood
USA,Hensley,6,37.474,-81.7,5,ADM3,Storm
USA,Goodwin,6,34.938,-91.021,5,ADM3,Flood
SLV,San Julián,6,13.697,-89.558,5,ADM2,Earthquake
BRA,Mariana,6,-20.378,-43.416,5,ADM2,Flood
BDI,Vugizo,6,-4.172,29.707,5,ADM3,Storm
KOR,Sacheon-si,7,35.011,128.041,5,ADM2,Wildfire
KOR,Samcheok-si,7,37.317,129.302,5,ADM2,Wildfire
SLV,Jiquilisco,6,13.327,-88.57,5,ADM2,Flood
USA,Pembroke,6,36.776,-87.356,5,ADM3,Storm
USA,Oswego,6,43.431,-76.216,5,ADM2,Winter storm/Blizzard
NGA,Ufaye / Gujile,1,11.998,13.967,5,ADM3,
GTM,Municipio de Quetzaltenango,6,14.818,-91.536,5,ADM2,Landslide/Wet mass movement
BDI,Kahirwa,6,-2.806,29.215,5,ADM3,Flood
USA,Sulphur,6,38.495,-85.274,5,ADM3,Storm
RUS,Starodubsky District,1,52.515,32.715,5,ADM2,
RUS,Valuyki,1,50.211,38.1,5,ADM3,
RUS,Rylsk,1,51.567,34.696,5,ADM3,
BRA,Ciríaco,6,-28.371,-51.912,5,ADM2,Storm
BRA,Irauçuba,6,-3.898,-39.789,5,ADM2,Flood
BRA,Assaí,6,-23.423,-50.883,5,ADM2,Flood
BRA,Balneário Pinhal,6,-30.211,-50.294,5,ADM2,Storm
USA,Laguna Heights,6,26.08,-97.254,5,ADM3,Flood
BRA,Almenara,6,-16.101,-40.71,5,ADM2,Storm
KOR,Gyeonggi-do,6,37.27,127.103,5,ADM1,Flood
KOR,Jangseong-gun,6,35.337,126.77,5,ADM2,Flood
USA,Minnesota,6,46.442,-94.503,5,ADM1,Storm
USA,Minter City,6,33.753,-90.295,5,ADM3,Storm
USA,Monette,6,35.89,-90.342,5,ADM3,Flood
GTM,Uspantan,6,15.348,-90.871,5,ADM2,Flood
BRA,Quarto Centenário,6,-24.296,-53.12,5,ADM2,Storm
GTM,Jocotenango,6,14.59,-90.731,5,ADM2,Landslide/Wet mass movement
PSE,Qalqilya,1,32.188,34.973,5,?,
USA,Martin,6,36.343,-88.85,5,ADM3,Storm
USA,Midway,6,37.72,-81.237,5,ADM3,Storm
USA,Milwaukee County,6,43.022,-87.929,5,ADM3,Flood
USA,Arnett,6,37.833,-81.43,5,ADM3,Storm
USA,Ash Flat,6,36.23,-91.606,5,ADM3,Flood
BRA,Itajubá,6,-22.421,-45.421,5,ADM2,Storm
BRA,Diogo de Vasconcelos,6,-20.476,-43.191,5,ADM2,Storm
ESP,Caravaca de la Cruz,6,38.008,-2.043,5,ADM3,Hailstorm
GTM,Quetzaltenango,2,14.736,-91.615,5,ADM1,
NGA,Merkyen,2,7.606,8.386,5,ADM3,
ESP,Villablanca,7,37.304,-7.341,5,ADM3,Wildfire
BRA,Farroupilha,6,-29.188,-51.34,5,ADM2,Storm
NGA,Avihijime,2,7.515,8.112,5,ADM3,
USA,Big Laurel,6,36.98,-83.217,5,ADM3,Storm
GRC,Chrysotopos,7,37.215,21.843,5,ADM3,Wildfire
GTM,Asunción Mita,6,14.314,-89.686,5,ADM2,Earthquake
PHL,Cortes,6,9.276,126.19,5,ADM3,Tornado
NGA,Gulak,2,10.806,13.458,5,ADM3,
NGA,Kamba-Kamba,2,11.896,3.662,5,ADM3,
ESP,Hermisende,7,41.984,-6.901,4,ADM3,Wildfire
USA,Camp,6,36.414,-91.735,4,ADM3,Flood
IDN,Salatiga,6,-7.33,110.5,4,ADM3,Storm
IDN,West Java,6,-6.889,107.64,4,ADM1,Earthquake
USA,Wheatcroft,6,37.49,-87.863,4,ADM3,Storm
USA,Whitesville,6,37.975,-81.529,4,ADM3,Storm
USA,Waynesburg,6,37.333,-84.672,4,ADM3,Storm
USA,Webster,6,37.889,-86.339,4,ADM3,Storm
USA,West Logan,6,37.867,-81.986,4,ADM3,Storm
BRA,Russas,6,-4.84,-38.196,4,ADM2,Storm
BRA,Santo Antônio do Itambé,6,-18.492,-43.263,4,ADM2,Dry mass movement
BRA,Ribeirão do Pinhal,6,-23.386,-50.432,4,ADM2,Flood
BRA,Rio Espera,6,-20.854,-43.521,4,ADM2,Storm
PHL,Alaminos,6,16.157,119.98,4,ADM3,Landslide/Wet mass movement
PHL,Badiangan,6,10.986,122.537,4,ADM3,Flood
PHL,Isabela,6,10.204,122.988,4,ADM3,Tornado
VEN,Barinas,6,8.167,-69.833,4,ADM1,Flood
USA,Bowling Green,6,36.969,-86.481,4,ADM3,Storm
USA,Brentwood,6,38.618,-90.349,4,ADM3,Storm
USA,Brentwood,7,34.059,-118.478,4,ADM3,Wildfire
USA,Brookfield,6,43.061,-88.106,4,ADM3,Flood
BRA,Ibirapitanga,6,-14.059,-39.408,4,ADM2,Landslide/Wet mass movement
USA,Four States,6,39.48,-80.31,4,ADM3,Flood
USA,Gurdon,6,33.92,-93.153,4,ADM3,Flood
USA,Happy,6,37.204,-83.097,4,ADM3,Storm
BRA,Lagoa dos Patos,6,-17.014,-44.666,4,ADM2,Storm
JPN,Kagawa Prefecture,6,34.323,134.048,4,ADM1,Typhoon/Hurricane/Cyclone
UKR,Kharkiv Raion,1,50.04,36.469,4,ADM2,
USA,Reynolds Station,6,37.723,-86.748,4,ADM3,Storm
MEX,Escuinapa,6,22.72,-105.702,4,ADM3,Flood
USA,Primera,6,26.226,-97.758,4,ADM3,Flood
MEX,Ecuandureo,6,20.16,-102.265,4,ADM3,Flood
NPL,Sindhupalchok,6,27.831,85.484,4,ADM3,Landslide/Wet mass movement
NPL,Siraha,6,26.655,86.21,4,ADM3,Flood
NPL,Sunsari,6,26.641,87.138,4,ADM2,Storm
NPL,Parbat,7,28.202,83.728,4,ADM2,Wildfire
NPL,Parsa,7,26.885,85.639,4,ADM3,Wildfire
NPL,Rautahat,6,26.571,86.531,4,ADM3,Storm
NPL,Rolpa,6,28.326,82.645,4,ADM2,Landslide/Wet mass movement
NPL,Rolpa,7,28.326,82.645,4,ADM2,Wildfire
SLV,San Miguel,7,13.483,-88.182,4,ADM2,Wildfire
SLV,Santa Ana,6,13.988,-89.557,4,ADM2,Flood
SLV,Santa Ana,7,13.988,-89.557,4,ADM2,Wildfire
SLV,San Luis La Herradura,6,13.35,-88.952,4,ADM2,Storm
IDN,Jombang,6,-7.542,112.227,4,ADM2,Flood
USA,Grant Town,6,39.558,-80.182,4,ADM3,Flood
BRA,Campo Largo,6,-25.46,-49.527,4,ADM2,Flood
BRA,Campos Novos,6,-27.377,-51.242,4,ADM2,Storm
BRA,Canguçu,6,-31.212,-52.668,4,ADM2,Storm
USA,Goodlettsville,6,36.323,-86.713,4,ADM3,Storm
USA,Flat Top,6,37.59,-81.107,4,ADM3,Storm
USA,Hemphill,6,37.445,-81.595,4,ADM3,Storm
USA,Hiawatha,6,37.44,-81.244,4,ADM3,Storm
BRA,Brotas,6,-22.279,-48.087,4,ADM2,Storm
BRA,Martinópolis,6,-22.196,-51.137,4,ADM2,Storm
COL,Pamplonita,6,7.458,-72.66,4,ADM2,Landslide/Wet mass movement
COL,Jesús María,6,5.855,-73.81,4,ADM2,Landslide/Wet mass movement
COL,La Salina,6,6.185,-72.344,4,ADM2,Flood
COL,Los Córdobas,6,8.872,-76.291,4,ADM2,Flood
COL,Argelia,6,4.729,-76.116,4,ADM2,Storm
COL,Bolívar,6,4.339,-76.187,4,ADM2,Flood
COL,Cabuyaro,6,4.285,-72.98,4,ADM2,Flood
COL,Cantagallo,6,7.229,-74.13,4,ADM2,Flood
COL,Cubarral,6,3.827,-74.077,4,ADM2,Landslide/Wet mass movement
BDI,Ruramba,6,-2.761,30.024,4,ADM3,Hailstorm
COL,Guacarí,6,3.775,-76.308,4,ADM2,Flood
USA,Sacramento,6,37.416,-87.266,4,ADM3,Storm
NPL,Syāngjā,6,28.099,83.873,4,ADM3,Flood
NPL,Taplejung,6,27.347,87.671,4,ADM3,Landslide/Wet mass movement
NPL,Tehrathum,6,27.131,87.533,4,?,Flood
NPL,Udayapur,7,27.576,82.9,4,ADM3,Wildfire
SLV,Chinameca,6,13.512,-88.348,4,ADM2,Flood
SLV,Ciudad Barrios,7,13.766,-88.271,4,ADM2,Wildfire
SLV,Concepción de Ataco,6,13.856,-89.856,4,ADM2,Earthquake
SLV,Guatajiagua,6,13.665,-88.208,4,ADM2,Flood
NPL,Surkhet,6,28.657,81.514,4,ADM2,Storm
COL,San Alberto,6,7.761,-73.393,4,ADM2,Landslide/Wet mass movement
COL,San Calixto,6,8.442,-73.166,4,ADM2,Landslide/Wet mass movement
BRA,Caçador,6,-26.768,-51.12,4,ADM2,Flood
UKR,Shandryholove,1,49.091,37.721,4,ADM3,
UKR,Pecherskyi district,1,50.429,30.549,4,?,
BRA,Leme do Prado,6,-17.053,-42.746,4,ADM2,Storm
NPL,Rukum,7,28.734,82.714,4,ADM2,Wildfire
NPL,Rupandehi,6,27.549,83.403,4,ADM2,Storm
NPL,Salyan,6,28.398,82.173,4,ADM2,Flood
NPL,Saptari,6,26.607,86.749,4,ADM2,Flood
NPL,Saptari,7,26.607,86.749,4,ADM2,Wildfire
USA,PACOIMA,7,34.266,-118.424,4,ADM3,Wildfire
USA,Pacific - Edison,7,34.138,-118.261,4,ADM3,Wildfire
USA,Paint Lick,6,37.617,-84.409,4,ADM3,Storm
GTM,San Cristóbal Totonicapán,6,14.925,-91.451,4,ADM2,Landslide/Wet mass movement
COL,Andalucía,6,4.14,-76.147,4,ADM2,Flood
BRA,Nioaque,6,-21.182,-55.759,4,ADM2,Flood
UGA,Bududa,6,1.042,34.399,4,ADM2,Landslide/Wet mass movement
BGD,Gobindaganj,2,25.134,89.386,4,ADM3,
USA,Northwoods,6,38.704,-90.283,4,ADM3,Storm
NPL,Doti,6,29.188,80.862,4,ADM2,Flood
NPL,Gulmi,6,28.096,83.329,4,ADM2,Landslide/Wet mass movement
NPL,Gulmi,7,28.096,83.329,4,ADM2,Wildfire
NPL,Jhapa,6,26.584,87.886,4,ADM2,Storm
COL,Puerto Rico,6,1.909,-75.153,4,ADM2,Landslide/Wet mass movement
COL,Sabanas de San Ángel,6,10.132,-74.253,4,ADM2,Drought
COL,Santiago,6,1.054,-77.039,4,ADM2,Flood
COL,Unguía,6,8.111,-77.109,4,ADM2,Flood
COL,Puerto Libertador,6,7.682,-75.783,4,ADM2,Flood
USA,Salem,6,32.712,-107.207,4,ADM3,Flood
USA,Sarah Ann,6,37.711,-81.987,4,ADM3,Storm
USA,Saulsville,6,37.643,-81.457,4,ADM3,Storm
USA,Fanrock,6,37.567,-81.652,4,ADM3,Storm
USA,Farmington,6,39.513,-80.249,4,ADM3,Flood
USA,Fenton,6,38.513,-90.44,4,ADM3,Storm
UKR,Оріхів,1,47.562,35.786,4,ADM3,
USA,Rolling Hills Estates,7,33.788,-118.358,4,ADM3,Wildfire
GTM,Santa Ana Huista,6,15.733,-91.887,4,ADM2,Flood
SOM,Laas Caanood,0,8.438,47.636,4,ADM2,
BRA,Nova Roma do Sul,6,-28.991,-51.414,4,ADM2,Flood
IDN,Garut,6,-7.216,107.901,4,ADM2,Tornado
IDN,Balikpapan,6,-1.24,116.859,4,ADM3,Tornado
BRA,Bandeirantes,6,-23.109,-50.368,4,ADM2,Flood
BIH,Olovo,6,44.127,18.58,4,ADM3,Flood
BIH,Zelinja Srednja,6,44.826,18.357,4,ADM3,Landslide/Wet mass movement
USA,Nashotah,6,43.098,-88.403,4,ADM3,Flood
USA,Dunlow,6,38.023,-82.432,4,ADM3,Storm
USA,Delaplaine,6,36.233,-90.726,4,ADM3,Flood
GTM,Municipio de Ciudad Vieja,6,14.508,-90.77,4,ADM2,Earthquake
USA,Smithfield,6,38.387,-85.257,4,ADM3,Storm
MEX,Otzolotepec,6,19.444,-99.523,4,ADM3,Flood
MEX,Pajapan,6,18.219,-94.664,4,ADM3,Flood
NPL,Okhaldhunga,6,27.336,86.449,4,ADM2,Earthquake
NPL,Palpa,6,27.81,83.63,4,ADM2,Storm
NPL,Kanchanpur,6,28.844,80.283,4,ADM2,Storm
NPL,Katari,6,26.935,86.345,4,ADM3,Storm
NPL,Kathmandu,6,27.71,85.325,4,ADM3,Flood
NPL,Khotang,6,27.155,86.68,4,ADM2,Flood
NPL,Lalitpur,6,27.548,85.323,4,ADM2,Flood
NPL,Makanpur,6,28.229,83.85,4,ADM3,Flood
NPL,Morang,6,26.611,87.473,4,ADM2,Storm
NPL,Nuwakot,6,27.926,85.249,4,ADM2,Landslide/Wet mass movement
NPL,Dailekh,6,28.871,81.703,4,ADM2,Storm
NPL,Darchula,6,80.54,29.842,4,ADM2,Flood
NPL,Dhading,6,28.009,84.906,4,ADM2,Flood
NPL,Dhankuta,7,26.983,87.325,4,ADM3,Wildfire
CHL,Canela,6,-31.464,-71.435,4,ADM3,Storm
BRA,Arroio Grande,6,-32.231,-52.897,4,ADM2,Storm
BRA,Pau D'Arco,7,-7.737,-50.124,4,ADM2,Wildfire
BRA,Paço do Lumiar,6,-2.48,-44.111,4,ADM2,Erosion
USA,Justice,6,37.589,-81.835,4,ADM3,Storm
USA,Monterey,6,38.422,-84.872,4,ADM3,Storm
LKA,Millaniya DS Division,6,6.655,80.021,4,ADM2,Storm
LKA,Deraniyagala,6,6.927,80.339,4,ADM3,Storm
LKA,Dodangoda DS Division,6,6.558,80.051,4,ADM2,Flood
LKA,Galnewa,6,8.035,80.48,4,ADM3,Flood
BRA,Água Boa,6,-14.136,-52.491,4,ADM2,Storm
ITA,Portoferraio,6,42.798,10.299,4,ADM3,Flood
USA,Altro,6,37.381,-83.382,4,ADM3,Storm
ITA,Orto Liuzzo,6,38.256,15.458,4,ADM3,Flood
USA,Aflex,6,37.658,-82.247,4,ADM3,Storm
NPL,Banke,6,28.096,81.771,4,ADM2,Storm
NPL,Bardiya,6,28.371,81.452,4,ADM2,Storm
NPL,Bhaktapur,6,27.704,85.452,4,ADM3,Flood
NPL,Bhandara Chitwan,6,27.602,84.643,4,?,Storm
NPL,Chhatiwan,6,29.084,80.586,4,ADM3,Storm
NLD,Ede,7,52.072,5.746,4,ADM3,Wildfire
NPL,Achham,6,29.066,81.293,4,ADM2,Storm
NPL,Achham,7,29.066,81.293,4,ADM2,Wildfire
NPL,Arghakhanchi,7,27.932,83.146,4,ADM2,Wildfire
USA,Totz,6,36.945,-83.118,4,ADM3,Storm
RUS,Kingiseppskiy,6,59.401,28.573,4,ADM3,Winter storm/Blizzard
BRA,Conceição do Castelo,6,-20.362,-41.266,4,ADM2,Storm
USA,Cudahy,7,33.962,-118.184,4,ADM3,Wildfire
USA,Datto,6,36.391,-90.731,4,ADM3,Flood
BRA,Inácio Martins,6,-25.64,-51.22,4,ADM2,Hailstorm
USA,Avalon,7,33.343,-118.328,4,ADM3,Wildfire
RUS,Starodub,1,52.577,32.758,4,ADM2,
COL,Vigía del Fuerte,6,6.385,-76.663,4,ADM2,Flood
IDN,Banjarmasin,6,-3.319,114.593,4,ADM2,Flood
IDN,Bogor,6,-6.596,106.797,4,ADM3,Tornado
KOR,Hwacheon-gun,6,38.14,127.685,4,ADM2,Flood
BRA,Presidente Figueiredo,6,-1.283,-59.983,4,ADM2,Dry mass movement
BRA,Penaforte,6,-7.8,-39.047,4,ADM2,Storm
BRA,Porto Xavier,6,-27.933,-55.154,4,ADM2,Storm
GTM,Sololá,2,14.771,-91.175,4,ADM1,
BRA,Ubá,6,-21.115,-42.973,4,ADM2,Storm
BRA,Urussanga,6,-28.493,-49.328,4,ADM2,Storm
BRA,Vargem,6,-27.491,-50.979,4,ADM2,Dry mass movement
BRA,Tapes,6,-30.729,-51.339,4,ADM2,Storm
BRA,Tapurah,6,-12.743,-56.461,4,ADM2,Storm
BRA,Tenente Portela,6,-27.363,-53.771,4,ADM2,Storm
ECU,Santiago,6,-3.794,-79.282,4,ADM3,Landslide/Wet mass movement
ECU,Sucua,6,-2.456,-78.173,4,ADM3,Flood
ECU,Sucumbíos,6,-0.039,-76.512,4,ADM1,Flood
ECU,Tungurahua,6,-1.277,-78.475,4,ADM1,Flood
ESP,A Teixeira,7,42.368,-7.479,4,ADM3,Wildfire
ECU,Morona Santiago,6,-2.623,-78.005,4,ADM1,Flood
ECU,Orellana,6,-0.786,-76.48,4,ADM1,Flood
ECU,Parroquia Isidro Ayora,7,-1.925,-80.141,4,ADM3,Wildfire
ECU,Pastaza,6,-1.917,-77.0,4,ADM1,Flood
USA,Tuckerman,6,35.731,-91.199,4,ADM3,Flood
MEX,Villa Hidalgo,7,30.258,-109.353,4,ADM3,Dam release flood
USA,Chidester,6,33.702,-93.022,4,ADM3,Flood
USA,Clayton,6,38.65,-90.336,4,ADM3,Storm
USA,Benton,6,37.098,-89.562,4,ADM3,Storm
BRA,Itaperuna,6,-21.215,-41.929,4,ADM2,Storm
ESP,Maceda,7,42.256,-7.607,4,ADM3,Wildfire
BRA,Dilermando de Aguiar,6,-29.806,-54.154,4,ADM2,Flood
USA,Chappell,6,37.011,-83.35,4,ADM3,Storm
IND,Goa,6,15.27,73.89,4,ADM2,Landslide/Wet mass movement
BDI,Bugendana,6,-3.249,29.931,4,ADM3,Flood
MMR,Pyinmana Township,6,19.644,96.463,4,ADM3,Flood
MMR,Lewe Township,6,19.679,95.884,4,ADM3,Tornado
MEX,Tlacolula,7,16.956,-96.476,4,ADM3,Wildfire
MEX,Torreón,6,25.057,-103.18,4,ADM3,Storm
MEX,Purépero,6,19.911,-102.011,4,ADM3,Flood
MEX,San Juan Ozolotepec,6,16.098,-96.269,4,ADM3,Flood
BRA,São Domingos do Prata,6,-19.898,-42.884,4,ADM2,Storm
LBN,Tripoli District,1,34.433,35.847,4,ADM2,
LKA,Balapitiya,6,6.281,80.041,4,ADM3,Storm
USA,Lejunior,6,36.897,-83.14,4,ADM3,Storm
BRA,Almirante Tamandaré do Sul,6,-28.151,-52.911,4,ADM2,Storm
BRA,Amélia Rodrigues,6,-12.39,-38.752,4,ADM2,Storm
LKA,Horana,6,6.717,80.062,4,ADM3,Storm
LKA,Imaduwa,6,6.035,80.389,4,ADM3,Storm
LKA,Kaduwela,6,6.936,79.984,4,ADM3,Storm
LKA,Kalutara,6,6.584,79.961,4,ADM3,Storm
LKA,Mathugama Road,6,6.441,80.012,4,?,Storm
BRA,São Nicolau,6,-28.224,-55.256,4,ADM2,Flood
BRA,Segredo,6,-29.297,-52.923,4,ADM2,Storm
ARG,Gualeguay,6,-33.163,-59.343,3,ADM3,Flood
ARG,El Sombrero,6,-27.703,-58.768,3,ADM3,Flood
ARG,Chubut,6,-43.996,-68.307,3,ADM1,Storm
ARG,Junín,6,-34.602,-60.954,3,?,Flood
ARG,Comuna de Valle de Anisacate,6,-31.736,-64.419,3,ADM3,Flood
ARG,La Chimbera,6,-31.829,-68.247,3,ADM3,Storm
PER,Yanque,7,-15.79,-71.455,3,ADM3,Wildfire
PER,Yarabamba,6,-16.547,-71.475,3,ADM3,Storm
BRA,Entre-Ijuís,6,-28.461,-54.303,3,ADM2,Flood
BRA,Estância,6,-11.27,-37.439,3,ADM2,Erosion
PER,Huayo,6,-8.005,-77.592,3,ADM3,Flood
PER,Huimbayoc,6,-6.418,-75.768,3,ADM3,Storm
PER,Ichuña,6,-16.141,-70.538,3,ADM3,Storm
PER,Ilave,6,-16.087,-69.639,3,ADM3,Storm
PER,Tiabaya,6,-16.463,-71.599,3,ADM3,Flood
ARG,Tandil,6,-37.336,-59.134,3,?,Storm
USA,Bruno,6,37.691,-81.869,3,ADM3,Storm
PER,Tahuanía,6,-9.953,-73.838,3,ADM3,Storm
PER,Tapacocha,7,-10.01,-77.569,3,ADM3,Wildfire
PER,Tapairihua,6,-14.141,-73.141,3,ADM3,Landslide/Wet mass movement
PER,Tarma,6,-11.419,-75.69,3,ADM3,Flood
PER,Tauca,6,-8.47,-78.038,3,ADM3,Mixed disasters
BRA,Senhora dos Remédios,6,-21.029,-43.597,3,ADM2,Storm
BRA,Sinop,6,-11.764,-55.44,3,ADM2,Flood
PER,Cabana,6,-15.65,-70.322,3,ADM3,Storm
PER,Cabanillas,6,-15.827,-70.643,3,ADM3,Storm
PER,Cachimayo,6,-13.476,-72.069,3,ADM3,Dry mass movement
BOL,Yacuiba,6,-22.014,-63.678,3,ADM3,Flood
PER,Pariacoto,6,-9.559,-77.891,3,ADM3,Flood
PER,Parobamba,6,-8.696,-77.43,3,ADM3,Flood
PER,Patibamba,6,-13.057,-73.939,3,ADM3,Flood
PER,Pichacani,6,-16.108,-70.131,3,ADM3,Flood
PER,Pichacani,7,-16.108,-70.131,3,ADM3,Wildfire
PER,Picota,6,-6.92,-76.33,3,ADM3,Storm
BRA,São Miguel das Missões,6,-28.724,-54.508,3,ADM2,Storm
PER,Chacapalpa,7,-11.717,-75.82,3,ADM3,Wildfire
PER,Chaccho,6,-9.06,-77.059,3,ADM3,Flood
PER,Chachapoyas,7,-6.229,-77.871,3,ADM3,Wildfire
USA,Lyndon,6,38.257,-85.602,3,ADM3,Storm
USA,Lynn,6,37.603,-82.155,3,ADM3,Storm
BOL,Municipio Villa Vaca Guzman,6,-20.015,-63.787,3,ADM3,Flood
BOL,Sucre,6,-19.048,-65.259,3,ADM3,Landslide/Wet mass movement
BRA,Rio Real,6,-11.53,-37.904,3,ADM2,Storm
PER,Pachía,6,-17.897,-70.155,3,ADM3,Flood
PER,Cayma,6,-16.279,-71.46,3,ADM3,Flood
USA,Mallory,6,37.731,-81.838,3,ADM3,Storm
USA,Marmaduke,6,36.187,-90.385,3,ADM3,Flood
BRA,Turuçu,6,-31.523,-52.129,3,ADM2,Flood
PER,Candarave,6,-17.268,-70.249,3,ADM3,Flood
PER,Canta,6,-11.467,-76.624,3,ADM3,Flood
PER,Caracoto,6,-15.568,-70.102,3,ADM3,Flood
BRA,São Francisco de Paula,6,-29.242,-50.449,3,ADM2,Hailstorm
BRA,Santa Isabel do Rio Negro,6,-0.255,-65.551,3,ADM2,Flood
PER,Callao,6,-12.051,-77.126,3,ADM3,Mixed disasters
PER,Callayuc,6,-6.181,-78.91,3,ADM3,Flood
PER,Calquis,6,-6.98,-78.85,3,ADM3,Flood
PER,Campoverde,7,-8.559,-74.812,3,ADM3,Wildfire
BRA,Amambai,6,-23.127,-54.958,3,ADM2,Storm
USA,Chauncey,6,37.766,-81.988,3,ADM3,Storm
BRA,Córrego Danta,6,-19.813,-45.961,3,ADM2,Flood
JPN,Date,6,42.436,140.804,3,ADM3,Flood
PER,Juliaca,6,-15.493,-70.136,3,ADM3,Storm
USA,Waverly,6,37.71,-87.813,3,ADM3,Storm
PER,Usicayos,6,-14.125,-69.967,3,ADM3,Dry mass movement
IRL,Ballybunion,6,52.51,-9.672,3,ADM3,Storm
PER,Huambo,6,-15.73,-72.108,3,ADM3,Dry mass movement
PER,Huambo,6,-6.429,-77.538,3,ADM3,Flood
PER,Huancán,6,-12.106,-75.217,3,ADM3,Flood
PER,Huaquirca,6,-14.34,-72.895,3,ADM3,Flood
PER,Huarango,6,-5.273,-78.776,3,ADM3,Storm
PRT,Portalegre,6,39.208,-7.722,3,ADM2,Tornado
PRT,Santa Maria da Feira,6,40.963,-8.515,3,ADM3,Storm
NGA,Sagher/Ukusu,2,7.64,8.287,3,ADM3,
USA,Vincent,6,37.468,-83.774,3,ADM3,Storm
USA,Canoga Park,7,34.208,-118.598,3,ADM3,Wildfire
PER,Asillo,6,-14.787,-70.354,3,ADM3,Flood
PER,Asunción,6,-7.323,-78.519,3,ADM3,Landslide/Wet mass movement
PER,Atavillos Bajo,6,-11.348,-76.755,3,ADM3,Flood
PER,Pocohuanca,6,-14.219,-73.087,3,ADM3,Flood
PER,Pomacanchi,6,-14.035,-71.571,3,ADM3,Flood
PER,Potoni,7,-14.39,-70.105,3,ADM3,Wildfire
BRA,Volta Redonda,6,-22.52,-44.079,3,ADM2,Hailstorm
BRA,Pescaria Brava,6,-28.401,-48.885,3,ADM2,Storm
USA,Laguna Vista,6,26.101,-97.29,3,ADM3,Flood
USA,Lake,6,37.93,-81.9,3,ADM3,Storm
BRA,Assunção do Piauí,7,-5.856,-40.948,3,ADM2,Wildfire
PER,Chala,6,-15.866,-74.247,3,ADM3,Landslide/Wet mass movement
PER,Chapimarca,6,-13.975,-73.065,3,ADM3,Dry mass movement
PER,Chicama,6,-7.843,-79.145,3,ADM3,Flood
PER,Padre Abad,6,-8.912,-75.63,3,ADM3,Storm
BRA,Tibagi,6,-24.658,-50.519,3,ADM2,Flood
BRA,São João Batista,6,-27.276,-48.849,3,ADM2,Storm
BRA,São João do Oriente,6,-19.348,-42.174,3,ADM2,Storm
USA,Mistletoe,6,37.313,-83.592,3,ADM3,Storm
PER,Aplao,6,-16.076,-72.492,3,ADM3,Flood
PER,Ticlacayán,6,-10.607,-76.084,3,ADM3,Flood
GTM,Chimaltenango,2,14.654,-90.927,3,ADM1,
PRT,Bruscos,6,40.098,-8.42,3,ADM3,Storm
PRT,Casal da Serra,7,40.053,-7.537,3,ADM3,Wildfire
PRT,Góis,6,40.087,-8.114,3,ADM3,Storm
USA,Turners Station,6,38.556,-85.168,3,ADM3,Storm
PER,Shamboyacu,6,-7.024,-76.133,3,ADM3,Storm
PER,Socabaya,6,-16.474,-71.535,3,ADM3,Flood
PER,Soloco,6,-6.26,-77.745,3,ADM3,Flood
PER,Soraya,6,-14.165,-73.315,3,ADM3,Flood
PER,Suykutambo,6,-15.001,-71.644,3,ADM3,Storm
RUS,Babka,1,50.141,37.822,3,ADM3,
BRA,Duque de Caxias,6,-22.657,-43.293,3,ADM2,Storm
USA,Confluence,6,37.27,-83.384,3,ADM3,Storm
BRA,Araguari,6,-18.591,-48.262,3,ADM2,Storm
BRA,Araricá,6,-29.65,-50.934,3,ADM2,Storm
BRA,Argirita,6,-21.639,-42.829,3,ADM2,Storm
PER,Quinuabamba,6,-8.697,-77.398,3,ADM3,Storm
PER,Quiquijana,6,-13.806,-71.533,3,ADM3,Flood
PER,Raymondi,7,-10.646,-73.291,3,ADM3,Wildfire
PER,Omia,6,-6.468,-77.396,3,ADM3,Storm
PER,Pacaycasa,6,-13.051,-74.217,3,ADM3,Flood
BRA,Planalto,6,-25.727,-53.729,3,ADM2,Flood
BRA,Paula Cândido,6,-20.86,-42.982,3,ADM2,Storm
BRA,Paulo Lopes,6,-27.965,-48.76,3,ADM2,Tornado
BOL,Municipio Chua Cocani,6,-16.159,-68.754,3,ADM3,Hailstorm
LUX,Luxembourg,6,49.608,6.135,3,ADM3,Flood
USA,Kenton,6,36.202,-89.012,3,ADM3,Storm
PER,Nueva Requena,6,-8.31,-74.863,3,ADM3,Storm
PER,Ollantaytambo,6,-13.259,-72.264,3,ADM3,Storm
PER,Olmos,7,-5.995,-79.734,3,ADM3,Wildfire
BRA,Xavantina,6,-26.988,-52.329,3,ADM2,Storm
PER,Ayahuanco,6,-12.633,-74.291,3,ADM3,Flood
PER,Azángaro,6,-14.91,-70.196,3,ADM3,Storm
PER,Bellavista,6,-7.055,-76.588,3,ADM3,Storm
USA,Beech Creek,6,37.177,-87.063,3,ADM3,Storm
IRL,Listowel,6,52.447,-9.485,3,ADM3,Storm
PER,Huac-Huas,6,-14.132,-74.942,3,ADM3,Flood
USA,Toler,6,37.637,-82.252,3,ADM3,Storm
USA,Town of Mukwonago,6,42.893,-88.386,3,ADM3,Flood
PER,Kelluyo,6,-16.727,-69.25,3,ADM3,Storm
RUS,Glushkovo,1,51.338,34.634,3,ADM3,
RUS,Guyevo,1,51.094,35.265,3,ADM3,
RUS,Kaznacheyevka,1,53.635,39.476,3,ADM3,
RUS,Korenevsky District,1,51.369,34.981,3,ADM2,
RUS,Krasnoyarsk,7,56.009,92.873,3,ADM3,Sinkhole
PER,Daniel Alomía Robles,6,-9.39,-75.744,3,ADM3,Storm
PER,El Carmen,6,-13.5,-76.058,3,ADM3,Flood
PER,Santo Domingo de la Capilla,6,-6.245,-78.855,3,ADM3,Dry mass movement
PER,Santo Toribio,6,-8.865,-77.914,3,ADM3,Mixed disasters
PER,Sapallanga,6,-12.141,-75.158,3,ADM3,Flood
PER,Saposoa,6,-6.932,-76.772,3,ADM3,Storm
RUS,Berezovka,1,50.905,36.209,3,ADM3,
RUS,Chervona Dibrovka,1,50.525,37.285,3,ADM3,
USA,Itmann,6,37.573,-81.418,3,ADM3,Storm
USA,Itta Bena,6,33.495,-90.32,3,ADM3,Storm
USA,Jacksons Branch,6,37.646,-82.559,3,ADM3,Storm
BOL,Colcapirhua,6,-17.387,-66.23,3,ADM3,Hailstorm
TUR,Tekirdağ,7,41.064,27.386,3,ADM1,Wildfire
PER,Mi Perú,6,-11.854,-77.125,3,ADM3,Earthquake
BRA,Nova Veneza,6,-28.704,-49.588,3,ADM2,Storm
BRA,Palma Sola,6,-26.392,-53.332,3,ADM2,Storm
BOL,Municipio Poroma,6,-18.667,-65.344,3,ADM3,Flood
USA,Myra,6,37.29,-82.6,3,ADM3,Storm
USA,Nashville,6,36.163,-86.782,3,ADM3,Storm
USA,Nettleton,6,34.09,-88.622,3,ADM3,Storm
CHL,Coyhaique,6,-45.485,-71.805,3,ADM3,Storm
CHL,Curepto,7,-35.16,-71.956,3,ADM3,Wildfire
CHL,Futrono,6,-40.126,-72.177,3,ADM3,Storm
PER,Piura,6,-5.197,-80.627,3,ADM3,Flood
PER,Alto Saposoa,6,-6.592,-76.937,3,ADM3,Flood
PER,Anra,6,-9.234,-76.926,3,ADM3,Flood
PER,Cusipata,6,-13.904,-71.5,3,ADM3,Flood
USA,Ballwin,6,38.595,-90.546,3,ADM3,Storm
PER,Ituata,7,-13.791,-70.251,3,ADM3,Wildfire
PER,Iñapari,7,-10.947,-69.576,3,ADM3,Wildfire
PER,Jacas Grande,7,-9.54,-76.737,3,ADM3,Wildfire
PER,Jauja,6,-11.775,-75.5,3,ADM3,Flood
USA,BLEDSOE,6,36.924,-83.367,3,ADM3,Storm
RUS,Trefilovka,1,50.717,35.891,3,ADM3,
RUS,Tulyanka,1,50.242,37.931,3,ADM3,
PER,San Sebastián,6,-13.534,-71.922,3,ADM3,Flood
PER,Sancos,6,-15.063,-73.952,3,ADM3,Landslide/Wet mass movement
PER,Mancos,6,-9.19,-77.712,3,ADM3,Flood
PER,Manuel Antonio Mesones Muro,6,-6.633,-79.676,3,ADM3,Flood
PER,Maranura,6,-12.964,-72.665,3,ADM3,Storm
BRA,Minas do Leão,6,-30.072,-52.12,3,ADM2,Storm
BRA,Modelo,6,-26.773,-53.05,3,ADM2,Dry mass movement
PER,Chiquián,6,-10.152,-77.157,3,ADM3,Flood
PER,Chuquibamba,6,-15.839,-72.652,3,ADM3,Flood
PER,Chiclayo,6,-6.772,-79.839,3,ADM3,Flood
PER,Chiguirip,6,-6.428,-78.721,3,ADM3,Flood
PER,Chilcaymarca,6,-15.286,-72.376,3,ADM3,Flood
BRA,Mercês,6,-21.187,-43.337,3,ADM2,Storm
PER,Machaguay,6,-15.65,-72.505,3,ADM3,Flood
PER,Machupicchu,6,-13.209,-72.475,3,ADM3,Flood
PER,Manantay,7,-8.479,-74.546,3,ADM3,Wildfire
BOL,Municipio Caranavi,6,-15.81,-67.466,3,ADM3,Flood
USA,Oakvale,6,37.334,-80.963,3,ADM3,Storm
USA,Odd,6,37.593,-81.194,3,ADM3,Storm
CHL,Pucón,6,-39.287,-71.847,3,ADM3,Storm
CHL,Tomé,6,-36.597,-72.888,3,ADM3,Storm
PER,Puno,6,-15.84,-70.022,3,ADM3,Flood
PER,Purús,6,-10.218,-71.574,3,ADM3,Storm
PER,Pusi,6,-15.442,-69.929,3,ADM3,Storm
PER,Pólvora,6,-7.983,-76.847,3,ADM3,Storm
PER,San Damián,7,-11.96,-76.329,3,ADM3,Wildfire
PER,San Francisco de Ravacayco,6,-14.997,-73.351,3,ADM3,Flood
PER,San Isidro De Maino,6,-6.354,-77.823,3,ADM3,Flood
PER,San Jerónimo,6,-13.559,-71.888,3,ADM3,Dry mass movement
PER,San José de Ticllas,6,-13.119,-74.324,3,ADM3,Flood
BDI,Rutegama,6,-3.115,29.953,3,ADM3,Hailstorm
PER,Rinconada Llicuar,6,-5.481,-80.776,3,ADM3,Storm
PER,Río Grande,6,-15.842,-73.178,3,ADM3,Flood
PER,Sachaca,6,-16.421,-71.576,3,ADM3,Flood
PER,San Buenaventura,6,-8.768,-77.186,3,ADM3,Flood
PER,San Cristóbal,6,-6.078,-77.947,3,ADM3,Flood
CHL,Lota,6,-37.125,-73.109,3,ADM3,Storm
PER,Achoma,6,-15.662,-71.7,3,ADM3,Storm
PER,Acopía,6,-14.057,-71.493,3,ADM3,Mixed disasters
USA,Hunter,6,37.506,-82.756,3,ADM3,Storm
GTM,Río Bravo,6,14.384,-91.304,3,ADM2,Flood
GTM,San Carlos Alzatate,6,14.481,-90.075,3,ADM2,Landslide/Wet mass movement
GTM,San Diego,6,14.795,-89.759,3,ADM2,Flood
RUS,Nechayevka,1,50.368,36.596,3,?,
RUS,Nikolayevka,1,50.353,38.898,3,ADM3,
RUS,Primorsky Krai,7,45.318,135.267,3,ADM1,Wildfire
RUS,Rakityansky District,1,50.838,35.901,3,ADM2,
RUS,Rozhdestvenka,1,50.534,35.514,3,ADM3,
RUS,Shebekinsky District,1,50.457,37.096,3,ADM2,
USA,Algoma,6,37.419,-81.426,3,ADM3,Storm
USA,David,6,37.6,-82.891,3,ADM3,Storm
PER,Lahuaytambo,6,-12.097,-76.4,3,ADM3,Flood
PER,Lancones,6,-4.479,-80.342,3,ADM3,Flood
USA,Ages Brookside,6,36.859,-83.249,3,ADM3,Storm
USA,Stantonville,6,35.158,-88.426,3,ADM3,Storm
USA,Stewart,6,33.451,-89.436,3,ADM3,Storm
PER,El Oro,6,-14.164,-73.043,3,ADM3,Mixed disasters
NZL,Wellington,6,-41.289,174.777,3,ADM3,Storm
MEX,Durango,6,24.021,-104.623,3,ADM3,Storm
MEX,El Espinal,2,16.461,-95.058,3,ADM3,
USA,Hermitage,6,36.196,-86.622,3,ADM3,Storm
KOR,Taean-gun,6,36.723,126.27,3,?,Flood
UGA,Ntungamo,6,-0.954,30.303,3,ADM2,Storm
UKR,Balka Dovha Dene,1,47.975,37.301,3,?,
UKR,Borova,1,49.384,37.633,3,ADM3,
PER,Laraos,6,-11.58,-76.534,3,ADM3,Flood
PER,Las Piedras,7,-12.569,-69.176,3,ADM3,Wildfire
PER,Leimebamba,6,-6.791,-77.807,3,ADM3,Flood
USA,Poole,6,37.64,-87.644,3,ADM3,Storm
BRA,Maracaí,6,-22.663,-50.798,3,ADM2,Storm
BRA,Marília,6,-22.209,-49.942,3,ADM2,Storm
RUS,Voronezh Oblast,1,50.98,40.151,3,ADM1,
RUS,Байцуры,1,50.512,36.077,3,ADM3,
RUS,Вознесеновка,1,50.417,37.026,3,ADM3,
RUS,Двулучное,1,50.037,38.011,3,ADM3,
RUS,Драгунское,1,50.652,36.433,3,ADM3,
PER,Conila,6,-6.115,-78.213,3,ADM3,Flood
PER,Corongo,6,-8.57,-77.898,3,ADM3,Flood
CRI,Cantón Parrita,6,9.547,-84.366,3,ADM2,Flood
USA,Dwarf,6,37.335,-83.131,3,ADM3,Storm
USA,East Los Angeles,7,34.024,-118.172,3,ADM3,Wildfire
USA,English,6,37.338,-81.715,3,ADM3,Storm
PER,Santiago,6,-14.188,-75.714,3,ADM3,Flood
USA,Dorothy,6,37.955,-81.45,3,ADM3,Storm
USA,Dousman,6,43.015,-88.473,3,ADM3,Flood
USA,Smiths Grove,6,37.053,-86.208,3,ADM3,Storm
PER,Santa Cruz,6,-6.629,-78.943,3,ADM3,Flood
PER,Santa Cruz,6,-6.095,-78.853,3,ADM3,Storm
PER,Santa Cruz de Cocachacra,6,-11.911,-76.541,3,ADM3,Flood
PER,Santa Rosa,6,-12.688,-73.737,3,ADM3,Flood
PER,Santa Rosa,7,-16.762,-69.856,3,ADM3,Wildfire
PER,Santa Rosa,7,-6.453,-77.455,3,ADM3,Wildfire
USA,Scott,6,34.696,-92.096,3,ADM3,Flood
USA,Scuddy,6,37.204,-83.084,3,ADM3,Storm
USA,Saugus,7,34.441,-118.514,3,ADM3,Wildfire
RUS,Нехотеевка,1,50.342,36.3,3,ADM3,
RUS,Николаевка,1,50.478,36.246,3,ADM3,
RUS,Новостроевка-Первая,1,50.45,35.727,3,ADM3,
PER,Cotaruse,7,-14.416,-73.205,3,ADM3,Wildfire
PER,Crucero,6,-14.361,-70.023,3,ADM3,Flood
PER,Cumba,6,-5.936,-78.664,3,ADM3,Flood
PER,Curahuasi,6,-13.639,-72.618,3,ADM3,Storm
BRA,Brazópolis,6,-22.474,-45.617,3,ADM2,Storm
USA,Gays Creek,6,37.328,-83.428,3,ADM3,Storm
USA,Hanson,6,37.417,-87.481,3,ADM3,Storm
UKR,Kherson,1,46.651,32.602,3,ADM3,
UKR,Komyshuvakha,1,47.714,35.532,3,ADM3,
UKR,Musiivka,1,47.888,33.205,3,ADM3,
UKR,Mykolaivka,1,48.578,37.798,3,ADM3,
PER,Combapata,6,-14.102,-71.43,3,ADM3,Flood
SLV,Meanguera,6,13.852,-88.154,3,ADM2,Flood
SLV,Nueva Concepción,6,14.129,-89.291,3,ADM2,Flood
UKR,Ivashky,1,50.403,35.819,3,ADM3,
UKR,Izyum,1,49.216,37.302,3,?,
URY,Río Negro,6,-33.079,-57.655,3,?,Storm
BRA,Itapoá,6,-26.045,-48.669,3,ADM2,Storm surge
PER,La Tinguiña,6,-14.039,-75.712,3,ADM3,Flood
PER,La Unión,6,-5.404,-80.744,3,ADM3,Storm
SLV,Jujutla,7,13.752,-89.936,3,ADM2,Wildfire
USA,Rolling Hills,7,33.757,-118.358,3,ADM3,Wildfire
USA,Romance,6,35.241,-92.052,3,ADM3,Flood
URY,Flores,6,-33.552,-56.875,3,ADM1,Storm
USA,Fisherville,6,38.19,-85.463,3,ADM3,Storm
PER,San Juan de Salinas,7,-14.991,-70.106,3,ADM3,Wildfire
PER,San Martín,6,-6.41,-76.871,3,ADM3,Storm
PER,San Pedro,6,-10.473,-77.577,3,ADM3,Flood
PER,San Pedro de Chunán,6,-11.726,-75.486,3,ADM3,Flood
UKR,Sviatoshynskyi district,1,50.473,30.325,3,?,
UKR,Zaporizhzhia,1,47.853,35.186,3,ADM3,
BRA,Cascavel,6,-4.27,-38.274,3,ADM2,Flood
BRA,Cedro do Abaeté,6,-19.115,-45.701,3,ADM2,Storm
UKR,Pokrovska,1,48.479,34.927,3,?,
UKR,Poltava,1,49.601,34.545,3,ADM3,
UKR,Pryluky Raion,1,50.561,32.127,3,ADM2,
UKR,Rodynske,1,48.356,37.209,3,ADM3,
UKR,Slatyne,1,50.217,36.154,3,ADM3,
BRA,Macuco,6,-22.024,-42.274,3,ADM2,Storm
PER,Comas,6,-11.95,-77.067,3,ADM3,Dry mass movement
PER,Lloque,6,-16.324,-70.739,3,ADM3,Mixed disasters
UKR,Hryshyne,1,48.327,37.081,3,ADM3,
SLV,San Fernando,7,14.308,-89.024,3,ADM2,Wildfire
KOR,Chungcheongbuk-do,6,36.635,127.578,3,ADM1,Winter storm/Blizzard
PER,Circa,6,-13.878,-72.876,3,ADM3,Mixed disasters
PER,Cochamarca,6,-10.862,-77.129,3,ADM3,Flood
PER,Colcabamba,6,-14.006,-73.254,3,ADM3,Flood
VNM,Lai Chau province,6,22.249,103.264,3,ADM1,Flood
ARG,Ayacucho,7,-37.154,-58.486,3,?,Wildfire
ARG,Angaco,7,-31.197,-68.122,3,ADM2,Wildfire
ARG,Nueve de Julio,6,-35.444,-60.884,3,ADM2,Storm
ARG,Paraná,6,-31.745,-60.505,3,ADM3,Storm
USA,Williamsport,6,37.821,-82.729,3,ADM3,Storm
VNM,Bắc Quang District,6,22.394,104.928,3,ADM2,Landslide/Wet mass movement
VNM,Cà Mau,6,9.103,105.106,3,ADM1,Storm
PER,Tongod,6,-6.757,-78.825,3,ADM3,Dry mass movement
PER,Toraya,6,-14.053,-73.295,3,ADM3,Flood
PER,Tournavista,7,-8.931,-74.705,3,ADM3,Wildfire
PER,Tumay Huaraca,6,-13.969,-73.438,3,ADM3,Flood
MYS,Tapah,6,4.199,101.26,3,ADM3,Flood
AUS,Mudgee,6,-32.612,149.576,3,ADM3,Storm
ARG,Ushuaia,6,-54.813,-68.331,3,?,Storm
ESP,Urbanización Bahía Bella,6,37.718,-0.865,3,?,Storm
ESP,Los Palacios y Villafranca,6,37.146,-5.919,3,ADM3,Storm
PHL,Balungao,6,15.898,120.672,3,ADM3,Tornado
PHL,Don Salvador Benedicto,6,10.58,123.258,3,ADM3,Tornado
PER,Usicayos,7,-14.125,-69.967,3,ADM3,Wildfire
VNM,Bá Thước District,6,20.379,105.277,3,ADM2,Landslide/Wet mass movement
PER,Vista Alegre,6,-6.15,-77.303,3,ADM3,Flood
PER,Viñac,6,-12.895,-75.757,3,ADM3,Flood
GRC,Agiasmata,7,38.586,25.937,3,ADM3,Wildfire
PER,Yura,6,-16.253,-71.681,3,ADM3,Flood
PER,Zepita,7,-16.497,-69.103,3,ADM3,Wildfire
PER,Victor Larco Herrera,6,-8.14,-79.046,3,ADM3,Flood
PER,Vilcabamba,7,-14.078,-72.625,3,ADM3,Wildfire
PER,Villa María del Triunfo,6,-12.177,-76.919,3,ADM3,Dry mass movement
ARG,San Bernardo de las Zorras,6,-24.425,-65.827,3,ADM3,Landslide/Wet mass movement
ARG,San Blas de los Sauces,7,-28.414,-67.098,3,ADM3,Wildfire
VNM,Mường Lát District,6,20.511,104.661,3,ADM2,Storm
VNM,Mường Tè District,6,22.474,102.65,3,ADM2,Storm
VNM,Thới Lai District,6,10.024,105.522,3,ADM2,Landslide/Wet mass movement
BRA,Guaratuba,6,-25.803,-48.804,3,ADM2,Flood
BRA,Guaxupé,6,-21.292,-46.681,3,ADM2,Dry mass movement
ESP,Puerto Real,7,36.528,-6.108,2,ADM3,Wildfire
SVN,Nadgorica,7,46.099,14.558,2,ADM3,Wildfire
PHL,Municipality of Miagao,6,10.63,122.219,2,ADM3,Tornado
ARG,Isla Apipé Chico,6,-27.556,-56.719,2,?,Storm
BRA,Silveirânia,6,-21.144,-43.198,2,ADM2,Storm
BRA,Guia Lopes da Laguna,6,-21.611,-55.935,2,ADM2,Flood
BRA,Ibirataia,6,-13.973,-39.637,2,ADM2,Storm
BRA,Sete Lagoas,6,-19.436,-44.28,2,ADM2,Flood
BRA,Amaral Ferrador,6,-30.808,-52.3,2,ADM2,Storm
IRL,County Kerry,6,52.145,-9.517,2,ADM2,Storm
IDN,Temanggung,6,-7.316,110.175,2,ADM2,Storm
USA,Centertown,6,37.417,-86.996,2,ADM3,Storm
USA,Ceredo,6,38.396,-82.559,2,ADM3,Storm
USA,Chaffee,6,37.18,-89.655,2,ADM3,Storm
USA,Chapmansboro,6,36.312,-87.141,2,ADM3,Storm
BRA,Cássia,6,-20.585,-46.919,2,ADM2,Storm
BRA,Alpestre,6,-27.221,-53.057,2,ADM2,Storm
BRA,Alto Paraguai,6,-14.769,-56.721,2,ADM2,Storm
BRA,Santana do Riacho,6,-19.184,-43.684,2,ADM2,Erosion
GBR,Hilltown,7,54.195,-6.145,2,ADM3,Wildfire
USA,Lewisport,6,37.937,-86.902,2,ADM3,Storm
USA,Linden,6,38.72,-81.211,2,ADM3,Storm
RUS,Belgorod Oblast,1,50.708,37.584,2,ADM1,
MEX,Pesquería,7,25.747,-100.004,2,ADM3,Wildfire
BRA,Santa Tereza,6,-29.17,-51.736,2,ADM2,Storm
BRA,Alecrim,6,-27.659,-54.759,2,ADM2,Storm
USA,Mannington,6,39.531,-80.343,2,ADM3,Flood
BRA,Unistalda,6,-29.082,-55.192,2,ADM2,Storm
URY,Piriápolis,6,-34.864,-55.272,2,?,Storm
UKR,Omelnyk,1,47.642,35.877,2,ADM3,
UKR,Tomaryne,1,46.873,33.304,2,ADM3,
UKR,Vovchanski Khutory,1,50.304,37.052,2,ADM3,
SLV,Ciudad Arce,6,13.84,-89.444,2,ADM2,Flood
SLV,Guatajiagua,7,13.665,-88.208,2,ADM2,Wildfire
USA,Rosine,6,37.45,-86.741,2,ADM3,Storm
USA,Saint Helens,6,37.583,-83.647,2,ADM3,Storm
BRA,Itapiranga,6,-2.516,-58.557,2,ADM2,Flood
BRA,Itapissuma,6,-7.723,-34.905,2,ADM2,Storm
USA,Rector,6,36.264,-90.293,2,ADM3,Flood
USA,Redbush,6,37.94,-82.949,2,ADM3,Storm
SLV,Lolotique,6,13.556,-88.351,2,ADM2,Flood
ESP,Urbanización Huerta del Hambre,7,37.294,-6.676,2,?,Dam release flood
GBR,Platt Bridge,6,53.518,-2.599,2,ADM3,Flood
UKR,Lukianivske,1,47.612,35.446,2,ADM3,
JPN,Noshiro,6,40.211,139.994,2,ADM3,Flood
USA,Grenada County,6,33.772,-89.767,2,ADM3,Storm
USA,Griffithville,6,35.122,-91.645,2,ADM3,Flood
USA,Hansen Hills,7,34.255,-118.421,2,ADM3,Wildfire
SJM,Sverdrupbyen,6,78.203,15.578,2,?,Avalanche
USA,Folsom,7,38.678,-121.176,2,ADM3,Wildfire
USA,Fouke,6,33.265,-93.885,2,ADM3,Flood
USA,Fall Rock,6,37.22,-83.788,2,ADM3,Storm
USA,Feds Creek,6,37.402,-82.247,2,ADM3,Storm
USA,San Pedro,7,33.741,-118.301,2,ADM3,Wildfire
USA,Eccles,6,37.783,-81.266,2,ADM3,Storm
USA,Slade,6,37.795,-83.704,2,ADM3,Storm
USA,Slinger,6,43.334,-88.285,2,ADM3,Flood
USA,Smithville,6,36.08,-91.304,2,ADM3,Flood
UKR,Zakitne,1,48.896,37.967,2,ADM3,
UKR,Zmiivka,1,46.865,33.583,2,ADM3,
USA,Doddridge,6,33.092,-93.908,2,ADM3,Flood
USA,Draffin,6,37.34,-82.396,2,ADM3,Storm
USA,Dunmor,6,37.074,-86.996,2,ADM3,Storm
USA,East Rancho Dominguez,7,33.898,-118.195,2,ADM3,Wildfire
PRT,Antas,6,41.4,-8.507,2,ADM3,Storm
USA,College Station,6,34.707,-92.226,2,ADM3,Flood
USA,Constantine,6,37.675,-86.236,2,ADM3,Storm
USA,Corinth,6,38.497,-84.564,2,ADM3,Storm
USA,Corydon,6,37.743,-87.704,2,ADM3,Storm
EGY,Dalhamu,6,30.333,30.85,2,ADM3,Sea level rise
KOR,Gangwon-do,6,37.826,128.372,2,ADM1,Winter storm/Blizzard
MEX,Santa Catarina,7,25.582,-100.519,2,ADM3,Wildfire
BDI,Gasibe,6,-3.703,29.736,2,ADM3,Storm
USA,Upton,6,37.465,-85.894,2,ADM3,Storm
USA,Warm Springs,6,36.48,-91.052,2,ADM3,Flood
USA,Carolina,6,39.48,-80.273,2,ADM3,Flood
USA,Maynard,6,36.42,-90.898,2,ADM3,Flood
USA,Meador,6,37.619,-82.062,2,ADM3,Storm
USA,Montana Mines,6,39.532,-80.089,2,ADM3,Flood
BRA,Poço Verde,6,-10.816,-38.151,2,ADM2,Flood
BRA,Rancho Alegre d'Oeste,6,-24.304,-52.983,2,ADM2,Hailstorm
RUS,Engelssky District,1,51.36,46.281,2,ADM2,
USA,Lake Los Angeles,7,34.612,-117.828,2,ADM3,Wildfire
CAF,Behili,1,7.857,18.111,2,ADM3,
USA,Wales,6,43.006,-88.384,2,ADM3,Flood
USA,Hazel,6,36.502,-88.326,2,ADM3,Storm
USA,Hickory Ridge,6,35.401,-90.994,2,ADM3,Flood
UKR,Крупиця,1,46.993,33.58,2,ADM3,
RUS,Yelets,1,52.615,38.529,2,ADM2,
NZL,Hanmer Springs,7,-42.522,172.83,2,ADM3,Wildfire
USA,Pulaski,6,32.272,-89.602,2,ADM3,Storm
USA,Pollard,6,36.431,-90.268,2,ADM3,Flood
BRA,Marialva,6,-23.531,-51.868,2,ADM2,Hailstorm
UGA,Nakasongola,6,1.32,32.489,2,ADM1,Storm
UKR,Beryslav,1,46.839,33.414,2,ADM3,
USA,Stephens,6,33.411,-93.07,2,ADM3,Flood
BRA,Joaíma,6,-16.804,-41.011,2,ADM2,Storm
USA,Higginson,6,35.197,-91.714,2,ADM3,Flood
KOR,Sangju-si,6,36.448,128.099,2,ADM2,Flood
BRA,Campos Altos,6,-19.637,-46.198,2,ADM2,Storm
USA,Ramer,6,35.07,-88.622,2,ADM3,Storm
USA,Rancho Viejo,6,26.04,-97.556,2,ADM3,Flood
USA,Sparkman,6,33.918,-92.847,2,ADM3,Flood
USA,Sprigg,6,37.629,-82.197,2,ADM3,Storm
USA,Battletown,6,38.064,-86.294,2,ADM3,Storm
BRA,Barra do Piraí,6,-22.41,-43.898,2,ADM2,Dry mass movement
BRA,Nova Russas,6,-4.723,-40.596,2,ADM2,Dry mass movement
USA,Keene,6,37.943,-84.642,2,ADM3,Storm
MEX,Macuxtepetla,6,21.123,-98.48,2,ADM3,Flood
MEX,Mineral de la Reforma,6,20.061,-98.73,2,ADM3,Flood
USA,Toone,6,35.352,-88.953,2,ADM3,Storm
USA,Belton,6,37.16,-87.028,2,ADM3,Storm
SSD,Jonglei,2,7.673,32.084,2,ADM1,
USA,Morgan City,6,33.381,-90.35,2,ADM3,Storm
USA,Surveyor,6,37.766,-81.318,2,ADM3,Storm
USA,Sweet Home,6,34.686,-92.242,2,ADM3,Flood
BRA,Paraibuna,6,-23.481,-45.638,2,ADM2,Storm
BRA,Pará de Minas,6,-19.821,-44.613,2,ADM2,Storm
USA,Kistler,6,37.756,-81.86,2,ADM3,Storm
COD,Oicha,0,0.697,29.517,2,ADM3,
COD,Lukweti,0,-1.216,28.745,2,ADM3,
BRA,João Pinheiro,6,-17.557,-45.973,2,ADM2,Storm
URY,Tacuarembó,6,-32.048,-55.51,2,ADM1,Storm
USA,Alvaton,6,36.873,-86.353,2,ADM3,Storm
BRA,Conselheiro Mairinck,6,-23.588,-50.116,2,ADM2,Storm
RUS,Muromsky District,1,55.712,41.952,2,ADM2,
MEX,Armería,6,19.009,-103.981,2,ADM3,Typhoon/Hurricane/Cyclone
COD,Walikale,0,-1.073,27.978,2,ADM2,
MEX,Imuris,6,30.838,-110.787,2,ADM3,Flood
COD,Lwibo,0,-1.263,28.744,2,ADM3,
COD,Bapere,0,0.264,28.439,2,ADM3,
USA,PASADENA,7,34.159,-118.138,2,ADM3,Wildfire
USA,Palmhurst,6,26.258,-98.318,2,ADM3,Flood
USA,Pangburn,6,35.426,-91.839,2,ADM3,Flood
USA,Piggott,6,36.382,-90.191,2,ADM3,Flood
CAN,Saint-François-du-Lac,6,46.084,-72.906,2,ADM3,Flood
USA,Oakland,7,37.804,-122.271,2,ADM3,Wildfire
USA,Old Hickory,6,36.26,-86.648,2,ADM3,Storm
USA,Barrackville,6,39.504,-80.167,2,ADM3,Flood
UGA,Aloi,6,2.207,33.198,2,ADM3,Flood
RUS,Volgograd,1,48.648,44.386,2,ADM3,
USA,Sturgis,6,37.547,-87.984,2,ADM3,Storm
USA,Switchback,6,37.371,-81.386,2,ADM3,Storm
USA,Talcum,6,37.372,-83.116,2,ADM3,Storm
USA,Taylorsville,6,38.032,-85.342,2,ADM3,Storm
USA,Atwell,6,37.349,-81.763,2,ADM3,Storm
USA,Bagdad,6,38.262,-85.058,2,ADM3,Storm
USA,Custer,6,37.738,-86.255,2,ADM3,Storm
ITA,Randazzo,6,37.856,14.954,2,ADM3,Flood
CAF,Ouadda,1,8.072,22.396,2,ADM2,
SSD,Bor,6,6.204,31.559,2,ADM3,Flood
USA,Nebo,6,37.384,-87.643,2,ADM3,Storm
USA,Buckhorn Road,6,37.373,-83.492,2,ADM3,Storm
BRA,Rio das Flores,6,-22.161,-43.576,2,ADM2,Dry mass movement
HRV,Jesenice,7,43.453,16.625,2,ADM3,Wildfire
USA,Bronston,6,36.986,-84.623,2,ADM3,Storm
USA,CARETTA,6,37.336,-81.673,2,ADM3,Storm
USA,Wheatley,6,34.914,-91.11,2,ADM3,Flood
USA,Brooks,6,38.064,-85.723,2,ADM3,Storm
USA,Browder,6,37.197,-87.036,2,ADM3,Storm
ZAF,Klerksdorp,6,-26.863,26.666,2,ADM3,Flood
BRA,Faxinal dos Guedes,6,-26.832,-52.262,2,ADM2,Tornado
USA,Big Clifty,6,37.546,-86.154,2,ADM3,Storm
USA,Bolt,6,37.762,-81.412,2,ADM3,Storm
BRA,Formosa,6,-15.307,-47.248,2,ADM2,Dry mass movement
USA,Chamberino,6,32.04,-106.686,2,ADM3,Flood
GRC,Varko,7,36.524,23.14,2,ADM3,Wildfire
ARG,Comuna de Las Arrias,6,-30.378,-63.594,2,ADM3,Flood
ARG,General La Madrid,6,-37.251,-61.258,2,?,Flood
ARG,Capitán Bermudez,6,-32.813,-60.715,2,ADM3,Storm
USA,Yukon,6,37.319,-81.696,2,ADM3,Storm
ARG,Angaco,6,-31.197,-68.122,2,ADM2,Cold wave
GRC,Asfendiles,7,35.268,23.737,2,ADM3,Wildfire
VNM,Ba Bể District,6,22.397,105.718,2,ADM2,Landslide/Wet mass movement
USA,Caldwell,6,35.071,-90.816,2,ADM3,Flood
USA,Calhoun Road,6,37.737,-87.178,2,ADM3,Storm
GBR,Warrington,6,53.402,-2.568,2,ADM2,Flood
SLV,San Esteban Catarina,6,13.685,-88.788,2,ADM2,Storm
NGA,Ngeleiwa,1,12.602,13.845,2,ADM3,
USA,Wildwood,6,38.583,-90.663,2,ADM3,Storm
USA,Wilkinson,6,37.828,-81.998,2,ADM3,Storm
BRA,Caranaíba,6,-20.885,-43.712,2,ADM2,Dry mass movement
ARG,Alto Comedero,7,-24.249,-65.256,2,ADM3,Wildfire
NGA,Mada,2,12.121,6.955,2,ADM3,
USA,Germantown,6,43.229,-88.11,2,ADM3,Flood
USA,Glencoe,6,36.294,-91.747,2,ADM3,Flood
USA,Brookfield,6,43.061,-88.126,2,ADM3,Flood
FRA,Villerupt,7,49.466,5.928,2,ADM3,Sinkhole
SLV,San Martín,6,13.743,-89.063,2,ADM2,Flood
SLV,San Rafael Oriente,6,13.378,-88.354,2,ADM2,Flood
USA,Ricetown,6,37.39,-83.623,2,ADM3,Storm
USA,Rockport,6,37.334,-86.996,2,ADM3,Storm
SLV,San Ignacio,6,14.339,-89.178,1,ADM2,Dry mass movement
BRA,Capitão Enéas,6,-16.056,-43.675,1,ADM2,Storm
BRA,Capivari de Baixo,6,-28.452,-48.954,1,ADM2,Storm
USA,Glenview,6,38.308,-85.65,1,ADM3,Storm
USA,Granada Hills,7,34.279,-118.502,1,ADM3,Wildfire
SLV,Panchimalco,6,13.611,-89.179,1,ADM2,Flood
GTM,El Jícaro,6,14.889,-89.913,1,ADM2,Flood
USA,Wynne,6,35.225,-90.787,1,ADM3,Flood
USA,Yolyn,6,37.829,-81.861,1,ADM3,Storm
PHL,Carrascal,6,9.368,125.949,1,ADM3,Earthquake
USA,Chaplin,6,37.898,-85.221,1,ADM3,Storm
USA,Calabasas Hills,7,34.137,-118.654,1,ADM3,Wildfire
ARG,Departamento Santo Tomé,6,-28.291,-56.182,1,ADM2,Flood
PHL,Bacolod,6,10.676,122.951,1,ADM3,Flood
USA,Big Creek,6,38.004,-82.04,1,ADM3,Storm
USA,Bono,6,35.909,-90.803,1,ADM3,Flood
USA,Cabot,6,34.975,-92.017,1,ADM3,Flood
PHL,Sibalom,6,10.768,122.08,1,ADM3,Tornado
ESP,Algameca Chica,6,37.589,-1.001,1,ADM3,Storm
USA,Whitesville,6,37.683,-86.871,1,ADM3,Storm
USA,Browns Fork,6,37.236,-83.232,1,ADM3,Storm
BRA,Ribeirão,6,-8.505,-35.367,1,ADM2,Dry mass movement
USA,MARIETTA,6,34.502,-88.47,1,ADM3,Storm
BRA,São Pedro da Cipa,6,-15.952,-54.78,1,ADM2,Storm
USA,Amburgey,6,37.261,-82.998,1,ADM3,Storm
USA,New Hope,6,37.632,-85.508,1,ADM3,Storm
USA,Imboden,6,36.203,-91.175,1,ADM3,Flood
USA,Independence,6,39.091,-94.416,1,ADM3,Storm
USA,Indian Lake,6,26.089,-97.502,1,ADM3,Flood
BRA,Balsa Nova,6,-25.522,-49.677,1,ADM2,Storm
BRA,Indaial,6,-27.011,-49.222,1,ADM2,Storm
USA,Covington County,6,31.614,-89.528,1,ADM3,Storm
USA,DUSON,7,30.236,-92.186,1,ADM3,Wildfire
USA,Daniels,6,37.743,-81.124,1,ADM3,Storm
BRA,Chapecó,6,-27.096,-52.618,1,ADM2,Storm
BRA,Coluna,6,-18.268,-42.828,1,ADM2,Storm
BRA,Conceição da Barra de Minas,6,-21.142,-44.489,1,ADM2,Storm
USA,Bakersfield,7,35.374,-119.019,1,ADM3,Wildfire
USA,Baldwin Hills,7,34.019,-118.367,1,ADM3,Wildfire
KOR,Ulsan,6,35.455,129.411,1,ADM1,Flood
BRA,Monte Azul,6,-15.213,-43.023,1,ADM2,Storm
USA,Sumrall Lane,6,31.448,-89.438,1,ADM3,Storm
USA,South Carolina,7,33.623,-80.559,1,ADM1,Wildfire
USA,South Padre Island,6,26.104,-97.165,1,ADM3,Flood
BDI,Taba,6,-3.087,29.981,1,ADM3,Hailstorm
CHL,Renaico,6,-37.727,-72.575,1,ADM3,Flood
USA,Organ,6,32.426,-106.597,1,ADM3,Flood
USA,Pearblossom,7,34.506,-117.91,1,ADM3,Wildfire
USA,Perry County,6,37.316,-83.208,1,ADM3,Storm
SLV,Texistepeque,6,14.124,-89.496,1,ADM2,Flood
BRA,Concórdia,6,-27.229,-52.001,1,ADM2,Storm
USA,DeMossville,6,38.805,-84.417,1,ADM3,Storm
USA,2706,6,26.218,-98.179,1,ADM3,Flood
USA,4650,7,34.098,-118.291,1,ADM3,Wildfire
USA,Albany,7,37.887,-122.298,1,ADM3,Wildfire
USA,Kingmont,6,39.447,-80.176,1,ADM3,Flood
BRA,Arcos,7,-20.244,-45.568,1,ADM2,Wildfire
CHL,Cochrane,6,-47.398,-72.815,1,ADM3,Storm
BRA,Divisópolis,6,-15.767,-40.924,1,ADM2,Storm
USA,Coffeeville,6,33.977,-89.676,1,ADM3,Storm
USA,Beechmont,6,37.174,-87.032,1,ADM3,Storm
USA,Beeson,6,37.471,-81.194,1,ADM3,Storm
BRA,Wenceslau Braz,6,-22.54,-45.402,1,ADM2,Flood
USA,Mount Baldy,7,34.236,-117.659,1,ADM3,Wildfire
MEX,Mezcala,2,17.933,-99.604,1,ADM3,
USA,Tillar,6,33.711,-91.454,1,ADM3,Flood
BRA,Irineópolis,6,-26.333,-50.783,1,ADM2,Storm
USA,Bath,6,37.243,-82.911,1,ADM3,Storm
USA,Jackson,6,43.324,-88.167,1,ADM3,Flood
USA,Jamboree,6,37.498,-82.137,1,ADM3,Storm
USA,Joelton,6,36.313,-86.865,1,ADM3,Storm
CHL,Padre Las Casas,6,-38.793,-72.624,1,ADM3,Storm
USA,Evening Shade,6,36.072,-91.619,1,ADM3,Flood
USA,Springfield Court,6,38.598,-90.378,1,ADM3,Storm
USA,St. Louis,6,38.625,-90.176,1,ADM3,Storm
USA,Hippo,6,37.533,-82.869,1,ADM3,Storm
USA,Holiday Inn Express Los Angele,7,33.959,-118.386,1,ADM3,Wildfire
KOR,Jeongeup-si,6,35.609,126.908,1,ADM2,Winter storm/Blizzard
USA,Poughkeepsie,6,36.077,-91.479,1,ADM3,Flood
USA,Pleasant Valley,6,39.455,-80.142,1,ADM3,Flood
USA,Pleasureville,6,38.351,-85.111,1,ADM3,Storm
USA,Escobares,6,26.411,-98.962,1,ADM3,Flood
JPN,Tokushima Prefecture,6,33.849,134.341,1,ADM1,Typhoon/Hurricane/Cyclone
UKR,Zolota Balka,1,47.376,33.965,1,ADM3,
UKR,Качкарівка,1,47.097,33.745,1,ADM3,
RUS,Glushkovsky District,1,51.329,34.507,1,ADM2,
USA,La Habra,7,33.932,-117.946,1,ADM3,Wildfire
USA,La Habra Heights,7,33.96,-117.95,1,ADM3,Wildfire
USA,Walnut Park,7,33.968,-118.225,1,ADM3,Wildfire
BRA,Ressaquinha,6,-21.095,-43.784,1,ADM2,Storm
BRA,Petrópolis,7,-22.505,-43.179,1,ADM2,Wildfire
USA,Upper Big Tujunga Canyon,7,34.307,-118.073,1,ADM3,Wildfire
USA,Velda City,6,38.693,-90.294,1,ADM3,Storm
USA,Verdugo City,7,34.211,-118.24,1,ADM3,Wildfire
PRT,Alenquer,6,39.095,-9.049,1,ADM3,Storm
ECU,Pilahuin,6,-1.322,-78.825,1,ADM3,Landslide/Wet mass movement
USA,Dittmer,6,38.336,-90.688,1,ADM3,Storm
USA,Dockweiler State Beach,7,33.923,-118.433,1,ADM3,Wildfire
USA,Elliott,6,33.683,-89.749,1,ADM3,Storm
BDI,Kinyami,6,-2.807,30.154,1,ADM3,Hailstorm
USA,Sherwood Forest Lane,7,34.113,-118.404,1,ADM3,Wildfire
USA,Skygusty,6,37.324,-81.476,1,ADM3,Storm
USA,Dice,6,37.363,-83.227,1,ADM3,Storm
USA,Dickson,6,36.077,-87.388,1,ADM3,Storm
USA,Finger,6,35.358,-88.599,1,ADM3,Storm
BRA,Cantagalo,6,-21.884,-42.322,1,ADM2,Storm
USA,San Miguel,6,32.155,-106.735,1,ADM3,Flood
USA,Shadow Hills,7,34.234,-118.367,1,ADM3,Wildfire
BRA,Bom Despacho,6,-19.691,-45.253,1,ADM2,Dry mass movement
USA,Franklin,6,36.718,-86.582,1,ADM3,Storm
BRA,Cajueiro,6,-9.376,-36.158,1,ADM2,Hailstorm
BRA,Camaragibe,6,-7.988,-34.991,1,ADM2,Storm
UKR,Mezhova Raion,1,48.302,36.723,1,ADM2,
USA,Hatch,6,32.665,-107.153,1,ADM3,Flood
BRA,Boa Vista do Sul,6,-29.342,-51.681,1,ADM2,Storm
URY,Rivera,6,-31.472,-55.193,1,ADM1,Storm
UKR,Izium Raion,1,49.263,37.25,1,ADM2,
UKR,Kozatske,1,46.787,33.341,1,ADM3,
SLV,Jucuarán,6,13.254,-88.248,1,ADM2,Flood
USA,Rumsey Lane,6,37.246,-87.194,1,ADM3,Storm
UKR,Миропілля,1,51.023,35.256,1,ADM3,
BRA,Machacalis,6,-17.088,-40.718,1,ADM2,Storm
UKR,Pavlivka,1,47.601,35.511,1,ADM3,
UKR,Poltavka,1,47.713,36.49,1,ADM3,
USA,Malibu,7,34.038,-118.692,1,ADM3,Wildfire
BRA,Teutônia,6,-29.468,-51.771,1,ADM2,Storm
USA,Lincoln Heights,7,34.074,-118.212,1,ADM3,Wildfire
USA,Linn,6,26.56,-98.122,1,ADM3,Flood
USA,Littcarr,6,37.237,-82.95,1,ADM3,Storm
USA,Llano,7,34.506,-117.818,1,ADM3,Wildfire
USA,Lobata,6,37.649,-82.189,1,ADM3,Storm
BRA,Santa Rosa de Lima,6,-10.631,-37.229,1,ADM2,Storm
USA,Watertown,6,36.1,-86.132,1,ADM3,Storm
BRA,Abdon Batista,6,-27.59,-51.04,1,ADM2,Storm
BRA,Apiúna,6,-27.107,-49.381,1,ADM2,Hailstorm
USA,Century City,7,34.053,-118.416,1,ADM3,Wildfire
USA,Bowling Green,6,36.993,-86.443,1,ADM3,Storm
ARG,Salvador Mazza,6,-24.782,-65.457,1,?,Storm
