iso3,adm_1,code_id,events,deaths,lat,lon,conflicts,share
AFG,Badakhshan province,1,637,4767,36.9510016844584,71.01927415855573,Afghanistan: Government; Afghanistan: Islamic State,0.961864406779661
AFG,Badakhshan province,2,5,116,36.7645218,71.2274784,Hizb-i Islami-yi Afghanistan - Jam'iyyat-i Islami-yi Afghanistan; IS - Taleban; Jam'iyyat-i Islami-yi Afghanistan - Shura-yi Nazar-i Shomali,0.023405972558514933
AFG,Badakhshan province,4,20,37,37.092507,70.7358569,Government of Afghanistan - Civilians; Government of Russia (Soviet Union) - Civilians,0.007465698143664245
AFG,Badakhshan province,5,18,36,36.91728011111111,70.7195353888889,IS - Civilians; Taleban - Civilians,0.007263922518159807
AFG,Badghis province,1,871,5952,35.17210289207807,63.433019381171064,"Afghanistan - United Kingdom, United States of America; Afghanistan: Government; Afghanistan: Islamic State",0.9905142286570144
AFG,Badghis province,2,4,13,35.3690825,63.577903750000004,IS - Taleban; Taleban - High Council of Afghanistan Islamic Emirate,0.002163421534365119
AFG,Badghis province,4,6,6,35.071053666666664,63.34512016666667,Government of Afghanistan - Civilians,0.000998502246630055
AFG,Badghis province,5,25,38,34.96859064,63.27794847999999,IS - Civilians; Taleban - Civilians,0.006323847561990348
AFG,Baghlan province,1,1106,8286,35.94165939783002,68.82807180650995,Afghanistan: Government; Afghanistan: Islamic State,0.9469714285714286
AFG,Baghlan province,2,4,307,35.90154575,68.8500055,Forces of Sayed Mansur Naderi - Hizb-i Islami-yi Afghanistan; Hizb-i Islami-yi Afghanistan - Jam'iyyat-i Islami-yi Afghanistan; Hizb-i Islami-yi Afghanistan - Junbish-i Milli-yi Islami,0.03508571428571428
AFG,Baghlan province,4,26,42,35.78972780769231,69.0235985,Government of Afghanistan - Civilians,0.0048
AFG,Baghlan province,5,31,115,35.92013751612903,68.75128245161291,IS - Civilians; Taleban - Civilians,0.013142857142857144
AFG,Balkh province,1,972,10167,36.66626212962963,66.87243473868313,"Afghanistan - Pakistan; Afghanistan - United Kingdom, United States of America; Afghanistan: Government",0.6457698170731707
AFG,Balkh province,2,32,285,36.5573586875,67.05972146875,Hizb-i Wahdat - Junbish-i Milli-yi Islami; Jam'iyyat-i Islami-yi Afghanistan - Junbish-i Milli-yi Islami,0.018102134146341462
AFG,Balkh province,4,34,5136,36.6655149117647,67.02627117647059,Government of Afghanistan - Civilians,0.32621951219512196
AFG,Balkh province,5,39,156,36.60586287179487,66.95698289743589,IS - Civilians; Taleban - Civilians; UIFSA - Civilians,0.009908536585365854
AFG,Bamyan province,1,43,1001,34.913658279069764,67.64088946511627,Afghanistan: Government,0.5693970420932878
AFG,Bamyan province,4,25,728,34.72061976,67.14790876,Government of Afghanistan - Civilians,0.4141069397042093
AFG,Bamyan province,5,3,29,34.792938,67.541275,IS - Civilians; UIFSA - Civilians,0.016496018202502846
AFG,Daykundi province,1,136,1096,33.44036711764706,66.08266932352942,Afghanistan: Government,0.9681978798586572
AFG,Daykundi province,4,5,4,33.4881694,66.2114738,Government of Afghanistan - Civilians,0.0035335689045936395
AFG,Daykundi province,5,5,32,33.576646800000006,65.9369196,IS - Civilians; Taleban - Civilians,0.028268551236749116
AFG,Farah province,1,1254,10176,32.52221483014354,62.40656875917065,"Afghanistan - United Kingdom, United States of America; Afghanistan: Government; Afghanistan: Islamic State",0.9888251870566515
AFG,Farah province,2,5,44,32.7269546,61.9688,IS - Taleban; Taleban - High Council of Afghanistan Islamic Emirate,0.004275580604411622
AFG,Farah province,4,10,4,32.4918964,62.2018773,Government of Afghanistan - Civilians,0.00038868914585560196
AFG,Farah province,5,50,67,32.4920948,62.33840328,IS - Civilians; Taleban - Civilians,0.006510543193081334
AFG,Faryab province,1,1402,9655,36.02847735877318,64.7603264721826,Afghanistan: Government; Afghanistan: Islamic State,0.9119675073202985
AFG,Faryab province,2,12,183,35.90161741666666,64.7024695,IS - Taleban; Jam'iyyat-i Islami-yi Afghanistan - Junbish-i Milli-yi Islami,0.01728534995749504
AFG,Faryab province,4,21,616,35.97835128571429,64.77322604761905,Government of Afghanistan - Civilians,0.05818456597714178
AFG,Faryab province,5,86,133,35.940587941860464,64.7743395,Taleban - Civilians,0.012562576745064702
AFG,Ghazni province,1,2549,15266,33.27752883444488,68.13212819850922,"Afghanistan - United Kingdom, United States of America; Afghanistan: Government; Afghanistan: Islamic State",0.986940780967158
AFG,Ghazni province,2,3,38,32.66238533333333,67.848362,Hizb-i Islami-yi Afghanistan - Taleban; Taleban - High Council of Afghanistan Islamic Emirate,0.002456684768554435
AFG,Ghazni province,4,14,11,33.43931921428571,68.08077357142858,Government of Afghanistan - Civilians,0.0007111455908973364
AFG,Ghazni province,5,101,153,33.31322879207921,68.15778563366337,IS - Civilians; Taleban - Civilians,0.009891388673390225
AFG,Ghor province,1,422,3368,34.26086572748815,64.9946282606635,Afghanistan: Government; Afghanistan: Islamic State,0.964214142570856
AFG,Ghor province,2,4,21,34.7346665,65.4116865,IS - Taleban,0.006012024048096192
AFG,Ghor province,4,15,36,34.20046726666667,65.16705093333333,Government of Afghanistan - Civilians,0.010306326939593472
AFG,Ghor province,5,36,68,34.22672383333334,65.01748538888889,IS - Civilians; Taleban - Civilians,0.019467506441454337
AFG,Hilmand province,1,4547,29785,31.625075532438974,64.36893850142951,"Afghanistan - Pakistan; Afghanistan - United Kingdom, United States of America; Afghanistan: Government",0.9877628175366452
AFG,Hilmand province,2,7,137,31.724712142857147,64.40529914285715,Forces of Mullah Abdol Rauf Khadim - Taleban; Harakat-i Inqilab-i Islami-yi Afghanistan  - Ittihad-i Islami Bara-yi Azadi-yi Afghanistan; Hizb-i Islami-yi Afghanistan - Taleban,0.004543344166611395
AFG,Hilmand province,4,12,18,31.457103333333333,64.29257083333333,Government of Afghanistan - Civilians; Government of Pakistan - Civilians,0.0005969357299197453
AFG,Hilmand province,5,101,214,31.718630405940594,64.45427044554457,Taleban - Civilians,0.007096902566823639
AFG,Hirat province,1,1452,8243,34.17308720041322,62.29153432713499,"Afghanistan - United Kingdom, United States of America; Afghanistan: Government; Afghanistan: Islamic State",0.9028477546549836
AFG,Hirat province,2,46,620,33.491285652173914,62.213137152173914,Forces of Amanullah Khan  - Forces of Arbab Basir; Forces of Amanullah Khan  - Forces of Ismail Khan; Hizb-i Islami-yi Afghanistan - Jam'iyyat-i Islami-yi Afghanistan,0.06790799561883899
AFG,Hirat province,4,12,8,34.21839091666667,62.126011500000004,Government of Afghanistan - Civilians,0.0008762322015334064
AFG,Hirat province,5,89,259,34.1954803258427,62.17364980898876,IS - Civilians; Taleban - Civilians,0.028368017524644032
AFG,Jawzjan province,1,637,6721,36.630071541601254,65.83949284144427,Afghanistan: Government; Afghanistan: Islamic State,0.903117441547971
AFG,Jawzjan province,2,35,473,36.122627085714285,65.43530562857143,IS - Taleban; Jam'iyyat-i Islami-yi Afghanistan - Junbish-i Milli-yi Islami,0.06355818328406343
AFG,Jawzjan province,4,8,1,36.66315625,65.83731725,Government of Afghanistan - Civilians,0.0001343724805159903
AFG,Jawzjan province,5,35,247,36.50794222857143,65.82354042857143,IS - Civilians; Taleban - Civilians; UIFSA - Civilians,0.03319000268744961
AFG,Kabul province,1,1577,24220,34.538134674698796,69.19967738681041,"Afghanistan - United Kingdom, United States of America; Afghanistan: Government; Afghanistan: Islamic State",0.9424857965600436
AFG,Kabul province,2,11,167,34.51580118181818,69.16681763636365,Hizb-i Islami-yi Afghanistan - Hizb-i Wahdat; Hizb-i Islami-yi Afghanistan - Jam'iyyat-i Islami-yi Afghanistan; Hizb-i Islami-yi Afghanistan - Junbish-i Milli-yi Islami,0.006498560199237295
AFG,Kabul province,4,52,67,34.5366214423077,69.17731455769231,Government of Afghanistan - Civilians,0.002607206786520352
AFG,Kabul province,5,134,1244,34.53539102985075,69.15680745522388,IS - Civilians; Taleban - Civilians,0.04840843645419877
AFG,Kandahar province,1,3639,24526,31.490865480626546,65.66532863561417,"Afghanistan - Pakistan; Afghanistan - United Kingdom, United States of America; Afghanistan: Government",0.97904275278432
AFG,Kandahar province,2,5,66,31.123350199999997,66.2152296,Hizb-i Islami-yi Afghanistan - Taleban; Taleban - High Council of Afghanistan Islamic Emirate,0.0026346253642569157
AFG,Kandahar province,4,12,7,31.647896000000003,65.73864691666667,Government of Afghanistan - Civilians,0.0002794299628757335
AFG,Kandahar province,5,141,452,31.50418231914894,65.70913124822695,IS - Civilians; Taleban - Civilians,0.018043191888547364
AFG,Kapisa province,1,598,3468,34.93378180936455,69.61907543311037,"Afghanistan - United Kingdom, United States of America; Afghanistan: Government; Afghanistan: Islamic State",0.9936962750716333
AFG,Kapisa province,2,2,4,35.0211215,69.6083485,Hizb-i Islami-yi Afghanistan - Jam'iyyat-i Islami-yi Afghanistan; Hizb-i Islami-yi Afghanistan - Taleban,0.001146131805157593
AFG,Kapisa province,4,6,4,35.04654766666667,69.3954415,Government of Afghanistan - Civilians,0.001146131805157593
AFG,Kapisa province,5,12,14,34.935617416666666,69.55221841666666,Taleban - Civilians,0.0040114613180515755
AFG,Khost province,1,846,3711,33.39490671394799,69.88933084042553,Afghanistan - Pakistan; Afghanistan: Government; Afghanistan: Islamic State,0.9742714623260699
AFG,Khost province,4,16,27,33.361044625,69.9438059375,Government of Afghanistan - Civilians,0.007088474665266474
AFG,Khost province,5,55,71,33.388105745454546,69.89661330909091,IS - Civilians; Taleban - Civilians,0.01864006300866369
AFG,Kunar province,1,1123,6402,34.94733465805877,71.1155886251113,Afghanistan - Pakistan; Afghanistan: Government; Afghanistan: Islamic State,0.9621280432822362
AFG,Kunar province,2,20,164,34.92471125,70.89936270000001,Hizb-i Islami-yi Afghanistan - Jamiat-ul-Dawa; IS - Taleban; Taleban - High Council of Afghanistan Islamic Emirate,0.0246468289750526
AFG,Kunar province,4,8,7,34.94113425,71.120784625,Government of Afghanistan - Civilians,0.0010519987977156598
AFG,Kunar province,5,44,81,34.92959077272727,71.06849836363637,IS - Civilians; Taleban - Civilians,0.012173128944995492
AFG,Kunduz province,1,1813,14244,36.820169946497515,68.8698720612245,"Afghanistan - United Kingdom, United States of America; Afghanistan: Government; Afghanistan: Islamic State",0.9586109428629114
AFG,Kunduz province,2,7,142,36.76099128571429,68.77103257142858,Hizb-i Islami-yi Afghanistan - Jam'iyyat-i Islami-yi Afghanistan; IS - Taleban; Jam'iyyat-i Islami-yi Afghanistan - Junbish-i Milli-yi Islami,0.009556497745474124
AFG,Kunduz province,4,12,249,36.7796385,68.80770141666666,Government of Afghanistan - Civilians,0.016757520694528568
AFG,Kunduz province,5,33,224,36.847815636363634,68.89660721212121,IS - Civilians; Taleban - Civilians,0.015075038697085942
AFG,Laghman province,1,735,3903,34.766302891156464,70.18830962176871,"Afghanistan - United Kingdom, United States of America; Afghanistan: Government; Afghanistan: Islamic State",0.9938884644766998
AFG,Laghman province,2,1,1,34.783333,70.183333,Hizb-i Islami-yi Afghanistan - Jam'iyyat-i Islami-yi Afghanistan,0.00025464731347084286
AFG,Laghman province,4,4,2,34.7074805,70.2472805,Government of Afghanistan - Civilians,0.0005092946269416857
AFG,Laghman province,5,17,21,34.70941017647059,70.18366129411766,Taleban - Civilians,0.0053475935828877
AFG,Logar province,1,1048,5014,33.99469615171756,69.10544402480916,"Afghanistan - United Kingdom, United States of America; Afghanistan: Government; Afghanistan: Islamic State",0.9918892185954501
AFG,Logar province,2,2,1,33.8063225,68.92989800000001,IS - Taleban,0.00019782393669634025
AFG,Logar province,4,5,2,34.1558856,69.1217292,Government of Afghanistan - Civilians,0.0003956478733926805
AFG,Logar province,5,35,38,34.046401228571426,69.13115968571428,IS - Civilians; Taleban - Civilians,0.00751730959446093
AFG,Nangarhar province,1,3126,20334,34.228987038387714,70.45425716986564,"Afghanistan - Pakistan; Afghanistan - United Kingdom, United States of America; Afghanistan: Government",0.9530817904851183
AFG,Nangarhar province,2,74,612,34.19478068918919,70.44549728378378,IS - Taleban,0.028685258964143426
AFG,Nangarhar province,4,25,19,34.3749046,70.50987064,Government of Afghanistan - Civilians; Government of Pakistan - Civilians,0.000890555425357394
AFG,Nangarhar province,5,109,370,34.311653550458715,70.48272783486239,IS - Civilians; Taleban - Civilians,0.01734239512538083
AFG,Nimroz province,1,404,2263,31.401847806930697,62.67605445049505,Afghanistan: Government; Afghanistan: Islamic State; United States of America: Government,0.989938757655293
AFG,Nimroz province,4,2,0,30.8211495,62.365035000000006,Government of Afghanistan - Civilians,0.0
AFG,Nimroz province,5,21,23,31.537008523809526,62.752825571428566,Taleban - Civilians,0.010061242344706912
AFG,Nuristan province,1,254,2018,35.39037176771654,71.03564523228346,Afghanistan: Government; Afghanistan: Islamic State; United States of America: Government,0.9935992122107337
AFG,Nuristan province,2,1,1,35.227695,71.028372,IS - Taleban,0.0004923682914820286
AFG,Nuristan province,4,1,1,35.183452,70.796068,Government of Afghanistan - Civilians,0.0004923682914820286
AFG,Nuristan province,5,4,11,35.36264225,70.8134735,Taleban - Civilians,0.0054160512063023145
AFG,Paktika province,1,1031,5956,32.70933913094083,68.88162776430649,Afghanistan - Pakistan; Afghanistan: Government; Afghanistan: Islamic State,0.9783180026281209
AFG,Paktika province,2,1,0,32.389617,68.945449,Taleban - High Council of Afghanistan Islamic Emirate,0.0
AFG,Paktika province,4,14,9,32.815671928571426,68.75510142857142,Government of Afghanistan - Civilians; Government of Pakistan - Civilians,0.001478318002628121
AFG,Paktika province,5,29,123,32.82863182758621,68.75551744827587,Taleban - Civilians,0.020203679369250986
AFG,Paktya province,1,970,8183,33.62219289484536,69.38029110824742,"Afghanistan - Pakistan; Afghanistan - United Kingdom, United States of America; Afghanistan: Government",0.9866168314444177
AFG,Paktya province,2,2,9,33.7409535,69.483569,Hizb-i Islami-yi Afghanistan - Taleban; Taleban - High Council of Afghanistan Islamic Emirate,0.0010851217747769471
AFG,Paktya province,4,6,15,33.63416566666667,69.34486,Government of Afghanistan - Civilians,0.001808536291294912
AFG,Paktya province,5,40,87,33.616731975,69.330132875,IS - Civilians; Taleban - Civilians,0.01048951048951049
AFG,Panjsher province,1,107,847,35.34513189719626,69.6411643084112,Afghanistan: Government,0.9146868250539957
AFG,Panjsher province,4,30,79,35.330074100000004,69.62327933333333,Government of Afghanistan - Civilians,0.08531317494600432
AFG,Parwan province,1,402,4257,35.01083399751244,69.08724343781094,Afghanistan: Government; Afghanistan: Islamic State; United States of America: Government,0.9847328244274809
AFG,Parwan province,2,2,9,35.02245,68.868185,Hizb-i Islami-yi Afghanistan - Jam'iyyat-i Islami-yi Afghanistan; Jam'iyyat-i Islami-yi Afghanistan - Shura-yi Nazar-i Shomali,0.002081887578070784
AFG,Parwan province,4,14,20,35.03945528571428,69.12554257142857,Government of Afghanistan - Civilians,0.004626416840157298
AFG,Parwan province,5,19,37,35.039242,69.02458515789473,IS - Civilians; Taleban - Civilians,0.008558871154291001
AFG,Samangan province,1,289,2839,36.013348391003454,67.6160822283737,"Afghanistan - United Kingdom, United States of America; Afghanistan: Government; Afghanistan: Islamic State",0.9604194857916103
AFG,Samangan province,2,11,44,35.93564463636364,67.35369172727273,Jam'iyyat-i Islami-yi Afghanistan - Junbish-i Milli-yi Islami,0.014884979702300407
AFG,Samangan province,4,5,34,35.853009199999995,67.90032620000001,Government of Afghanistan - Civilians,0.011502029769959404
AFG,Samangan province,5,9,39,36.12427033333333,67.77977377777778,IS - Civilians; Taleban - Civilians,0.013193504736129905
AFG,Sari Pul province,1,507,3300,35.98636334516765,66.09600963313609,Afghanistan: Government; Afghanistan: Islamic State,0.8933405522468868
AFG,Sari Pul province,2,17,148,35.80933517647059,66.17277623529412,Forces of Sayed Mansur Naderi - Hizb-i Islami-yi Afghanistan; Hizb-i Wahdat - Hizb-i Wahdat - Akbari faction; IS - Taleban,0.04006497022198159
AFG,Sari Pul province,4,14,155,35.82358278571429,66.373784,Government of Afghanistan - Civilians,0.04195993502977802
AFG,Sari Pul province,5,28,91,36.01018164285715,66.11126403571429,IS - Civilians; Taleban - Civilians,0.024634542501353548
AFG,Takhar province,1,817,8996,36.8829570122399,69.55430923500613,Afghanistan: Government; Afghanistan: Islamic State; Tajikistan: Government,0.9788900979325353
AFG,Takhar province,2,4,53,36.66004625,69.72416575,Hizb-i Islami-yi Afghanistan - Jam'iyyat-i Islami-yi Afghanistan,0.005767138193688792
AFG,Takhar province,4,39,87,36.891850230769236,69.61009538461539,Government of Afghanistan - Civilians; Government of Tajikistan - Civilians,0.009466811751904244
AFG,Takhar province,5,28,54,36.97897235714286,69.56564446428571,IS - Civilians; Taleban - Civilians,0.0058759521218716
AFG,Uruzgan province,1,1605,11371,32.768452466666666,65.91196300436137,"Afghanistan - United Kingdom, United States of America; Afghanistan: Government; Afghanistan: Islamic State",0.9852699072870635
AFG,Uruzgan province,2,2,32,32.998891,65.765775,Forces of Abdul Rahman Khan  - Forces of Amanullah; IS - Taleban,0.0027727233341998093
AFG,Uruzgan province,4,8,3,32.796438875,66.10732475,Government of Afghanistan - Civilians,0.0002599428125812321
AFG,Uruzgan province,5,48,135,32.74434639583333,65.91110470833333,Taleban - Civilians,0.011697426566155446
AFG,Wardak province,1,982,5193,34.17942318533605,68.47133033910387,Afghanistan: Government; Afghanistan: Islamic State; United States of America: Government,0.9593571032699058
AFG,Wardak province,2,26,171,34.33944753846154,68.72050526923077,Hizb-i Islami-yi Afghanistan - Taleban; Hizb-i Wahdat - Hizb-i Wahdat - Akbari faction; Taleban - Ali Dad faction - Taleban - Mola Khel faction,0.03159061518566414
AFG,Wardak province,4,4,16,34.332121,68.314261,Government of Afghanistan - Civilians,0.002955847034915943
AFG,Wardak province,5,25,33,34.19730064,68.66182032,IS - Civilians; Taleban - Civilians,0.006096434509514133
AFG,Zabul province,1,1510,8346,32.24393046754967,67.08686373576158,Afghanistan - Pakistan; Afghanistan: Government; Afghanistan: Islamic State,0.9365952193917629
AFG,Zabul province,2,13,388,32.619189846153844,67.06066830769231,"High Council of Afghanistan Islamic Emirate, IS - Taleban; IS - Taleban; Taleban - High Council of Afghanistan Islamic Emirate",0.04354169004601055
AFG,Zabul province,4,5,73,32.290957199999994,67.1571758,Government of Afghanistan - Civilians,0.00819212209628549
AFG,Zabul province,5,41,104,32.2810007804878,67.16714151219512,IS - Civilians; Taleban - Civilians,0.011670968465940972
AGO,Bengo province,1,55,340,-8.70878309090909,13.9330514,Angola: Government,0.5304212168486739
AGO,Bengo province,4,3,0,-8.816667,14.061110999999999,Government of Angola - Civilians,0.0
AGO,Bengo province,5,10,301,-8.872666800000001,13.842833200000001,UNITA - Civilians,0.46957878315132606
AGO,Benguela province,1,99,2420,-12.854884545454546,14.118784676767676,Angola: Government,0.9142425387230827
AGO,Benguela province,4,3,0,-12.799999999999999,14.272222333333334,Government of Angola - Civilians,0.0
AGO,Benguela province,5,39,227,-12.807878461538463,13.921676692307692,UNITA - Civilians,0.08575746127691726
AGO,Bie province,1,228,5788,-12.387572956140351,17.070760210526316,Angola: Government,0.9603451136552181
AGO,Bie province,4,4,0,-12.82083325,16.8916665,Government of Angola - Civilians,0.0
AGO,Bie province,5,45,239,-12.355566222222222,17.01490888888889,UNITA - Civilians,0.039654886344781815
AGO,Cabinda province,1,302,776,-4.941655887417218,12.53796388410596,Angola: Cabinda; Angola: Government,0.8326180257510729
AGO,Cabinda province,4,69,156,-4.931812608695652,12.560288855072464,Government of Angola - Civilians,0.16738197424892703
AGO,Cuando Cubango province,1,94,2035,-15.673898202127658,19.2971495,Angola: Government,0.9893048128342246
AGO,Cuando Cubango province,5,2,22,-15.3333335,18.85,UNITA - Civilians,0.0106951871657754
AGO,Cuanza Norte province,1,66,635,-9.01707984848485,14.841244015151515,Angola: Government,0.7383720930232558
AGO,Cuanza Norte province,4,1,0,-8.833333,14.5,Government of Angola - Civilians,0.0
AGO,Cuanza Norte province,5,11,225,-9.054545181818183,14.606060727272729,UNITA - Civilians,0.2616279069767442
AGO,Cuanza Sul province,1,95,971,-10.969122631578948,14.734385810526316,Angola: Government,0.8803263825929284
AGO,Cuanza Sul province,4,2,0,-11.45,14.5916665,Government of Angola - Civilians,0.0
AGO,Cuanza Sul province,5,17,132,-10.849999823529412,14.655882235294117,UNITA - Civilians,0.11967361740707162
AGO,Cunene province,1,28,233,-16.10416675,16.008928535714286,Angola: Government,0.8597785977859779
AGO,Cunene province,4,1,0,-15.766667,15.283333,Government of Angola - Civilians,0.0
AGO,Cunene province,5,6,38,-16.614030500000002,16.067424833333334,UNITA - Civilians,0.14022140221402213
AGO,Huambo province,1,125,7532,-12.601151631999999,15.652677528,Angola: Government,0.9486146095717884
AGO,Huambo province,4,3,1,-12.711851666666666,15.715000333333334,Government of Angola - Civilians,0.00012594458438287153
AGO,Huambo province,5,27,407,-12.629538259259258,15.656808037037036,UNITA - Civilians,0.051259445843828716
AGO,Huila province,1,102,1708,-14.726408794117647,14.877549205882353,Angola: Government,0.9655172413793104
AGO,Huila province,4,3,1,-15.055555666666669,14.0,Government of Angola - Civilians,0.0005652911249293386
AGO,Huila province,5,17,60,-14.835293882352941,15.038235294117648,UNITA - Civilians,0.033917467495760314
AGO,Luanda province,1,18,1256,-8.835690555555555,13.608631888888889,Angola: Government,0.9736434108527132
AGO,Luanda province,4,15,24,-8.827184933333333,13.3274442,Government of Angola - Civilians,0.018604651162790697
AGO,Luanda province,5,2,10,-11.638593,16.0648845,UNITA - Civilians,0.007751937984496124
AGO,Lunda Norte province,1,64,368,-8.441846203125,20.07620271875,Angola: Government,0.5705426356589147
AGO,Lunda Norte province,4,7,32,-8.477419,19.582239714285713,Government of Angola - Civilians,0.04961240310077519
AGO,Lunda Norte province,5,23,245,-8.194681652173912,20.558497130434784,UNITA - Civilians,0.3798449612403101
AGO,Lunda Sul province,1,51,367,-9.891570647058824,20.151434215686272,Angola: Government,0.8800959232613909
AGO,Lunda Sul province,5,8,50,-9.77083325,20.11666675,UNITA - Civilians,0.11990407673860912
AGO,Malanje province,1,133,1686,-9.527846090225564,16.369320586466166,Angola: Government,0.8977635782747604
AGO,Malanje province,4,3,4,-9.544720666666667,16.345279333333334,Government of Angola - Civilians,0.002129925452609159
AGO,Malanje province,5,19,188,-9.516722263157895,16.329804105263158,UNITA - Civilians,0.10010649627263046
AGO,Moxico province,1,75,775,-12.442160333333334,20.616330373333334,Angola: Government,0.9462759462759462
AGO,Moxico province,4,1,0,-11.266667,22.716667,Government of Angola - Civilians,0.0
AGO,Moxico province,5,5,44,-12.0266664,20.0333336,UNITA - Civilians,0.05372405372405373
AGO,Namibe province,1,8,96,-14.982847,12.6231945,Angola: Government,1.0
AGO,Uige province,1,77,838,-7.303768090909091,15.475202844155845,Angola: Government,0.932146829810901
AGO,Uige province,4,3,2,-7.055555333333333,15.833333333333334,Government of Angola - Civilians,0.002224694104560623
AGO,Uige province,5,16,59,-7.4822918125,15.4333334375,UNITA - Civilians,0.06562847608453838
AGO,Zaire province,1,23,133,-6.371082695652174,13.18850452173913,Angola: Cabinda; Angola: Government,0.9637681159420289
AGO,Zaire province,4,1,3,-6.133333,12.366667,Government of Angola - Civilians,0.021739130434782608
AGO,Zaire province,5,2,2,-7.0,13.833333,UNITA - Civilians,0.014492753623188406
ALB,Kukës county,1,10,26,42.3441945,20.1620223,Serbia (Yugoslavia): Kosovo,1.0
ARE,Abu Dhabi emirate,1,1,3,24.43297,54.65114,Yemen (North Yemen): Government,1.0
ARE,Dubay emirate,1,1,1,25.258172,55.304717,Israel: Palestine,1.0
ARG,Buenos Aires province,1,1,0,-34.603333,-58.381667,Israel: Southern Lebanon,0.0
ARG,Buenos Aires province,5,1,86,-34.603333,-58.381667,Hezbollah - Civilians,1.0
ARG,Santa Fe province,5,197,209,-32.9623186142132,-60.64360281725888,Los Monos - Civilians,1.0
ARM,Ararat province,1,5,6,39.745716,44.824667,Azerbaijan: Artsakh (Nagorno-Karabakh),1.0
ARM,Geghark’unik’ province,1,20,76,40.23812065,45.6104184,Azerbaijan: Artsakh (Nagorno-Karabakh),1.0
ARM,Gorisskiy rayon,1,2,8,39.523815,46.431895,Azerbaijan: Artsakh (Nagorno-Karabakh),1.0
ARM,Idzhevan rayon,1,2,16,40.83333,45.0,Azerbaijan: Artsakh (Nagorno-Karabakh),1.0
ARM,Kapan rayon,1,3,36,39.20755,46.40576000000001,Azerbaijan: Artsakh (Nagorno-Karabakh),1.0
ARM,Krasnosel'skiy rayon,1,3,63,40.58333,45.25,Azerbaijan: Artsakh (Nagorno-Karabakh),1.0
ARM,Noyemberyan rayon,1,2,2,41.18585,44.999835000000004,Azerbaijan: Artsakh (Nagorno-Karabakh),1.0
ARM,Shamshadin rayon,1,4,5,40.9191725,45.443167,Azerbaijan: Artsakh (Nagorno-Karabakh),1.0
ARM,Shirak province,4,1,7,40.789444,43.8475,Government of Russia (Soviet Union) - Civilians,1.0
ARM,Syunik province,1,7,61,39.25310214285714,46.38335085714285,Azerbaijan: Artsakh (Nagorno-Karabakh),1.0
ARM,Tavush province,1,19,28,40.97991121052631,45.206934157894736,Azerbaijan: Artsakh (Nagorno-Karabakh),1.0
ARM,Vardenis rayon,1,1,6,40.183289,45.73053,Azerbaijan: Artsakh (Nagorno-Karabakh),1.0
ARM,Vayots’ Dzor province,1,2,50,39.634735,45.4499735,Azerbaijan: Artsakh (Nagorno-Karabakh),1.0
AUS,Victoria state,1,1,1,-37.813611,144.963056,Iraq: Government,0.5
AUS,Victoria state,5,1,1,-37.813611,144.963056,IS - Civilians,0.5
AUT,Vienna bundesland,5,1,4,48.208285,16.373724,IS - Civilians,1.0
AZE,Agdam rayon,1,73,875,40.00802010958905,46.999108095890406,Azerbaijan: Artsakh (Nagorno-Karabakh),1.0
AZE,Aghjabedi rayon,1,1,1,40.0,47.416667,Azerbaijan: Artsakh (Nagorno-Karabakh),1.0
AZE,Aghstafa rayon,1,2,6,41.117129,45.452469,Azerbaijan: Artsakh (Nagorno-Karabakh); Azerbaijan: Government,1.0
AZE,Babek rayon,1,1,0,39.5245,45.3625,Azerbaijan: Artsakh (Nagorno-Karabakh),0.0
AZE,Baku city municipality,1,4,44,40.37767,49.89201,Azerbaijan: Government,1.0
AZE,Barda rayon,1,6,74,40.36856733333333,47.15537700000001,Azerbaijan: Artsakh (Nagorno-Karabakh),1.0
AZE,Beilagan rayon,1,5,205,39.77052,47.6474166,Azerbaijan: Artsakh (Nagorno-Karabakh),1.0
AZE,Dashkesan rayon,1,2,50,40.41667,46.0,Azerbaijan: Artsakh (Nagorno-Karabakh),1.0
AZE,Fizuli rayon,1,39,285,39.568094076923074,47.25009482051282,Azerbaijan: Artsakh (Nagorno-Karabakh),1.0
AZE,Gadabey rayon,1,6,32,40.54655,45.618132333333335,Azerbaijan: Artsakh (Nagorno-Karabakh),1.0
AZE,Ganja city municipality,1,4,68,40.74108,46.299759,Azerbaijan: Government,1.0
AZE,Ganja city municpality,1,3,32,40.73889,46.32,Azerbaijan: Artsakh (Nagorno-Karabakh),1.0
AZE,Gazakh rayon,1,15,48,41.1877012,45.11176386666667,Azerbaijan: Artsakh (Nagorno-Karabakh),1.0
AZE,Geranboy rayon,1,19,65,40.50563221052632,46.706137368421054,Azerbaijan: Artsakh (Nagorno-Karabakh),1.0
AZE,Goygol rayon,1,2,3,40.5,46.33333,Azerbaijan: Artsakh (Nagorno-Karabakh),1.0
AZE,Gubadly rayon,1,4,20,39.363023999999996,46.556242499999996,Azerbaijan: Artsakh (Nagorno-Karabakh),1.0
AZE,Hacuqabul rayon,1,1,2,40.08333,48.91667,Azerbaijan: Government,1.0
AZE,Jebrail rayon,1,3,12,39.295265,46.989831,Azerbaijan: Artsakh (Nagorno-Karabakh),1.0
AZE,Kelbajar rayon,1,29,313,40.109966758620686,46.178133241379314,Azerbaijan: Artsakh (Nagorno-Karabakh),1.0
AZE,Khankendy city municipality,1,41,286,39.8213606097561,46.75529487804878,Azerbaijan: Artsakh (Nagorno-Karabakh),1.0
AZE,Khojaly rayon,1,13,86,39.910061538461534,46.824924,Azerbaijan: Artsakh (Nagorno-Karabakh),0.1
AZE,Khojaly rayon,5,2,774,39.912831,46.793197,Republic of Artsakh - Civilians,0.9
AZE,Khojavend rayon,1,28,264,39.678990035714286,47.031681321428565,Azerbaijan: Artsakh (Nagorno-Karabakh),1.0
AZE,Lachin rayon,1,8,86,39.618039375,46.47786375,Azerbaijan: Artsakh (Nagorno-Karabakh),1.0
AZE,Nakhchivan city municipality,1,1,9,39.2,45.41667,Azerbaijan: Artsakh (Nagorno-Karabakh),1.0
AZE,Sedarak rayon,1,2,14,39.71144,44.88805,Azerbaijan: Artsakh (Nagorno-Karabakh),1.0
AZE,Shahbuz rayon,1,2,4,39.41667,45.58333,Azerbaijan: Artsakh (Nagorno-Karabakh),1.0
AZE,Shamkir rayon,1,1,7,40.865821,46.268771,Azerbaijan: Artsakh (Nagorno-Karabakh),1.0
AZE,Sherur rayon,1,1,4,39.5,45.08333,Azerbaijan: Artsakh (Nagorno-Karabakh),1.0
AZE,Shusha city municipality,1,7,220,39.75,46.75,Azerbaijan: Artsakh (Nagorno-Karabakh),1.0
AZE,Shusha rayon,1,11,173,39.74329381818182,46.73667445454546,Azerbaijan: Artsakh (Nagorno-Karabakh),1.0
AZE,Terter rayon,1,53,456,40.31564075471698,46.8363761509434,Azerbaijan: Artsakh (Nagorno-Karabakh),1.0
AZE,Tovuz rayon,1,15,45,40.95567393333333,45.648557399999994,Azerbaijan: Artsakh (Nagorno-Karabakh),1.0
AZE,Zangilan rayon,1,4,10,39.08394825,46.663199500000005,Azerbaijan: Artsakh (Nagorno-Karabakh),1.0
BDI,Bubanza province,1,135,1040,-3.1472484666666665,29.389338214814817,Burundi: Government; Rwanda: Government,0.38081288905162947
BDI,Bubanza province,2,20,688,-3.1371747,29.392941999999998,CNDD - Palipehutu-FNL; CNDD-FDD  - Palipehutu-FNL; Hutu - Tutsi,0.2519223727572318
BDI,Bubanza province,4,56,623,-3.1692061249999997,29.376728500000002,Government of Burundi - Civilians,0.22812156719150495
BDI,Bubanza province,5,70,380,-3.1164355,29.376790885714282,CNDD - Civilians; CNDD-FDD  - Civilians; Palipehutu-FNL - Civilians,0.13914317099963383
BDI,Bujumbura Mairie province,1,190,1804,-3.381566315789474,29.363941052631578,Burundi: Government,0.5821232655695385
BDI,Bujumbura Mairie province,2,24,156,-3.3809791666666666,29.36465,CNDD-FDD  - Palipehutu-FNL; Hutu - Tutsi; Palipehutu-FNL - Palipehutu-FNL - LP,0.05033881897386254
BDI,Bujumbura Mairie province,4,127,815,-3.382555842519685,29.364877929133858,Government of Burundi - Civilians,0.26298806066473057
BDI,Bujumbura Mairie province,5,80,324,-3.3822,29.3644,CNDD - Civilians; CNDD-FDD  - Civilians; Palipehutu-FNL - Civilians,0.10454985479186835
BDI,Bujumbura Rural province,1,337,3396,-3.4403743026706235,29.41128427893175,Burundi: Government,0.4652054794520548
BDI,Bujumbura Rural province,2,13,174,-3.441530615384615,29.441990999999998,"CNDD-FDD  - Palipehutu-FNL; Hutu - Tutsi; Interahamwe, ex-FAR - Palipehutu-FNL",0.023835616438356164
BDI,Bujumbura Rural province,4,180,2883,-3.4433662944444445,29.402818383333333,Government of Burundi - Civilians,0.39493150684931505
BDI,Bujumbura Rural province,5,143,847,-3.444472923076923,29.428332314685317,CNDD - Civilians; CNDD-FDD  - Civilians; FRODEBU - Civilians,0.11602739726027397
BDI,Bujumbura province,4,5,5,-3.1047364,29.367920199999997,Government of Burundi - Civilians,1.0
BDI,Burunga province,4,3,4,-4.1167663333333335,29.540927333333332,Government of Burundi - Civilians,1.0
BDI,Bururi province,1,72,953,-3.9160843611111114,29.523924625,Burundi: Government,0.4827760891590679
BDI,Bururi province,2,3,12,-3.8557740000000003,29.488369666666667,Hutu - Tutsi; Palipehutu-FNL - Palipehutu-FNL - LP,0.0060790273556231
BDI,Bururi province,4,37,599,-3.8286122702702707,29.60028845945946,Government of Burundi - Civilians,0.30344478216818643
BDI,Bururi province,5,55,410,-3.9163249272727274,29.50601809090909,CNDD - Civilians; CNDD-FDD  - Civilians; Palipehutu-FNL - Civilians,0.2077001013171226
BDI,Butanyerera province,4,3,6,-2.594858,29.864836666666665,Government of Burundi - Civilians,1.0
BDI,Cankuzo province,1,9,35,-3.2191840000000003,30.584816444444446,Burundi: Government,0.12027491408934708
BDI,Cankuzo province,2,3,123,-3.260658,30.506574666666666,Hutu - Tutsi,0.422680412371134
BDI,Cankuzo province,4,14,76,-3.201453642857143,30.610521285714288,Government of Burundi - Civilians,0.2611683848797251
BDI,Cankuzo province,5,10,57,-3.2298684,30.5973902,CNDD-FDD  - Civilians,0.1958762886597938
BDI,Cibitoke province,1,69,732,-2.867685652173913,29.233697014492755,Burundi: Government; Rwanda: Government,0.25077081192189105
BDI,Cibitoke province,2,5,578,-2.8342777999999997,29.1672778,CNDD - Palipehutu-FNL; Hutu - Tutsi,0.19801301815690306
BDI,Cibitoke province,4,93,1067,-2.8711292688172043,29.191524010752687,Government of Burundi - Civilians,0.3655361425145598
BDI,Cibitoke province,5,53,542,-2.873704660377358,29.237932471698116,CNDD - Civilians; CNDD-Benjamin - Civilians; CNDD-FDD  - Civilians,0.1856800274066461
BDI,Gitega province,1,37,457,-3.5173792972972975,29.92476008108108,Burundi: Government,0.059005810200129113
BDI,Gitega province,2,55,801,-3.433327327272727,29.924713381818183,Hutu - Tutsi,0.10342156229825694
BDI,Gitega province,4,112,5976,-3.443103464285714,29.921827232142856,Government of Burundi - Civilians,0.7715945771465461
BDI,Gitega province,5,54,511,-3.451393388888889,29.93392301851852,CNDD - Civilians; CNDD-FDD  - Civilians; FRODEBU - Civilians,0.06597805035506779
BDI,Karuzi province,1,6,26,-3.1553868333333335,30.137760166666666,Burundi: Government,0.012025901942645698
BDI,Karuzi province,2,20,819,-3.0636164999999997,30.1298831,Hutu - Tutsi,0.3788159111933395
BDI,Karuzi province,4,35,1298,-3.110239857142857,30.139454742857144,Government of Burundi - Civilians,0.6003700277520814
BDI,Karuzi province,5,2,19,-3.2813600000000003,30.10304,CNDD-FDD  - Civilians,0.008788159111933395
BDI,Kayanza province,1,20,95,-3.0022024,29.63952045,Burundi: Government,0.03240109140518418
BDI,Kayanza province,2,6,725,-3.0790933333333332,29.682000833333333,Hutu - Tutsi,0.24727148703956345
BDI,Kayanza province,4,56,1927,-3.030774125,29.683172482142858,Government of Burundi - Civilians,0.6572305593451568
BDI,Kayanza province,5,21,185,-3.023055380952381,29.635466619047616,CNDD - Civilians; CNDD-FDD  - Civilians; FRODEBU - Civilians,0.0630968622100955
BDI,Kirundo province,2,20,67,-2.54681515,30.2004575,Hutu - Tutsi,0.1227106227106227
BDI,Kirundo province,4,63,198,-2.533511492063492,30.168353809523808,Government of Burundi - Civilians; Government of Rwanda - Civilians,0.3626373626373626
BDI,Kirundo province,5,8,281,-2.549218875,30.14357025,FPR - Civilians; FRODEBU - Civilians; Palipehutu-FNL - Civilians,0.5146520146520146
BDI,Makamba province,1,94,1171,-4.214287255319149,29.806634840425534,Burundi: Government,0.6127681841967556
BDI,Makamba province,2,1,2,-4.273889,29.7775,Hutu - Tutsi,0.0010465724751439038
BDI,Makamba province,4,25,175,-4.209831879999999,29.78593076,Government of Burundi - Civilians,0.09157509157509157
BDI,Makamba province,5,47,563,-4.221481042553191,29.75590170212766,CNDD - Civilians; CNDD-FDD  - Civilians; Palipehutu-FNL - Civilians,0.2946101517530089
BDI,Muramvya province,1,46,510,-3.2556268043478265,29.630020173913042,Burundi: Government,0.0991639121135524
BDI,Muramvya province,2,23,201,-3.2888043913043474,29.729066217391303,Hutu - Tutsi,0.03908224771534124
BDI,Muramvya province,4,65,3228,-3.2796398307692307,29.696862876923078,Government of Burundi - Civilians,0.6276492319657787
BDI,Muramvya province,5,37,1204,-3.2586017837837837,29.640097351351354,CNDD - Civilians; CNDD-FDD  - Civilians; FRODEBU - Civilians,0.23410460820532764
BDI,Muyinga province,1,7,16,-2.7488861428571427,30.356943142857144,Burundi: Government,0.02711864406779661
BDI,Muyinga province,2,7,25,-2.878931857142857,30.37035614285714,Hutu - Tutsi,0.0423728813559322
BDI,Muyinga province,4,43,452,-2.829511093023256,30.32967276744186,Government of Burundi - Civilians; Government of Rwanda - Civilians,0.7661016949152543
BDI,Muyinga province,5,12,97,-2.8094362499999996,30.32655625,CNDD - Civilians; FRODEBU - Civilians; Palipehutu-FNL - Civilians,0.16440677966101694
BDI,Mwaro province,1,5,55,-3.4783990000000005,29.7181184,Burundi: Government,0.7333333333333333
BDI,Mwaro province,4,8,8,-3.44175725,29.7359995,Government of Burundi - Civilians,0.10666666666666667
BDI,Mwaro province,5,4,12,-3.41315,29.7725725,CNDD-FDD  - Civilians,0.16
BDI,Ngozi province,1,9,91,-2.894588222222222,29.84704166666667,Burundi: Government,0.04067948144836835
BDI,Ngozi province,2,38,724,-2.8864932368421052,29.99374547368421,Hutu - Tutsi,0.3236477425122932
BDI,Ngozi province,4,54,838,-2.895641185185185,29.900733425925928,Government of Burundi - Civilians; Government of Rwanda - Civilians,0.37460885113991954
BDI,Ngozi province,5,22,584,-2.8955649545454545,29.87521118181818,CNDD - Civilians; CNDD-FDD  - Civilians; FRODEBU - Civilians,0.2610639248994189
BDI,Rumonge province,1,7,39,-3.750631,29.43387985714286,Burundi: Government,0.5909090909090909
BDI,Rumonge province,4,12,15,-3.86391725,29.463667833333332,Government of Burundi - Civilians,0.22727272727272727
BDI,Rumonge province,5,1,12,-3.69048,29.40041,RED-TABARA  - Civilians,0.18181818181818182
BDI,Rutana province,1,40,329,-3.872074875,30.137292300000002,Burundi: Government,0.514866979655712
BDI,Rutana province,2,5,37,-3.7987273999999998,30.147040000000004,Hutu - Tutsi,0.057902973395931145
BDI,Rutana province,4,28,110,-3.8283294999999997,30.15072442857143,Government of Burundi - Civilians,0.17214397496087636
BDI,Rutana province,5,23,163,-3.9284129565217394,30.059297086956523,CNDD - Civilians; CNDD-FDD  - Civilians,0.25508607198748046
BDI,Ruyigi province,1,40,167,-3.498166975,30.307274825,Burundi: Government,0.07448706512042819
BDI,Ruyigi province,2,53,442,-3.5250462830188676,30.177255264150944,Hutu - Tutsi,0.19714540588760035
BDI,Ruyigi province,4,32,1270,-3.47676690625,30.32120928125,Government of Burundi - Civilians,0.5664585191793042
BDI,Ruyigi province,5,28,363,-3.4773764999999996,30.30135042857143,CNDD - Civilians; CNDD-FDD  - Civilians; FRODEBU - Civilians,0.16190900981266726
BEL,Brussels-Capital region,1,1,1,50.833333,4.333333,Iraq: Government,0.02857142857142857
BEL,Brussels-Capital region,5,2,34,50.833333,4.333333,IS - Civilians,0.9714285714285714
BEL,Wallonia region,1,2,4,50.521542,5.0099915,Iraq: Government,0.8
BEL,Wallonia region,5,1,1,50.633611,5.5675,IS - Civilians,0.2
BEN,Alibori department,1,48,221,11.855047645833332,2.9684046875,Benin: Government,0.9324894514767933
BEN,Alibori department,5,8,16,11.556041,2.699704625,JNIM - Civilians,0.06751054852320675
BEN,Atacora department,1,29,69,10.938392655172414,1.312458827586207,Benin: Government,0.8414634146341463
BEN,Atacora department,5,5,13,10.8355718,1.4557874,IS - Civilians; JNIM - Civilians,0.15853658536585366
BEN,Borgou department,1,4,6,10.373096499999999,3.50143075,Benin: Government,0.4
BEN,Borgou department,5,1,9,10.396637,3.574287,JNIM - Civilians,0.6
BEN,Plateau department,1,1,0,7.36332,2.59978,Benin: Government,0.0
BFA,Bankui region,1,13,55,12.327979230769232,-3.842691153846154,Burkina Faso: Government,1.0
BFA,Bankui region,5,1,0,12.091402,-4.333634,JNIM - Civilians,0.0
BFA,Boucle du Mouhoun region,1,193,1192,12.74016538341969,-3.4964125336787566,Burkina Faso: Government,0.5575304022450889
BFA,Boucle du Mouhoun region,4,11,292,12.311000818181817,-4.007818090909091,Government of Burkina Faso - Civilians,0.13657623947614594
BFA,Boucle du Mouhoun region,5,48,654,12.744744958333333,-3.614744208333333,JNIM - Civilians,0.3058933582787652
BFA,Cascades region,1,41,234,10.181763487804877,-4.384544,Burkina Faso: Government,0.7774086378737541
BFA,Cascades region,4,1,7,10.06667,-4.8,Government of Burkina Faso - Civilians,0.023255813953488372
BFA,Cascades region,5,9,60,10.168380333333333,-4.438727777777777,JNIM - Civilians,0.19933554817275748
BFA,Centre Est region,1,133,1500,11.397640466165413,0.007790368421052632,Burkina Faso: Government,0.8214676889375685
BFA,Centre Est region,4,2,12,11.494345,-0.13877499999999998,Government of Burkina Faso - Civilians,0.0065717415115005475
BFA,Centre Est region,5,45,314,11.363262555555556,0.010095444444444447,JNIM - Civilians,0.171960569550931
BFA,Centre Nord region,1,236,1787,13.36776829661017,-1.0404626949152542,Burkina Faso: Government; Burkina Faso: Islamic State,0.6140893470790378
BFA,Centre Nord region,2,8,25,13.50757175,-1.1551195,IS - JNIM; JNIM - Koglweogo,0.00859106529209622
BFA,Centre Nord region,4,10,159,13.351963000000001,-1.2296388,Government of Burkina Faso - Civilians,0.05463917525773196
BFA,Centre Nord region,5,86,939,13.360850023255814,-1.1055501511627908,IS - Civilians; JNIM - Civilians; Koglweogo - Civilians,0.32268041237113404
BFA,Centre Ouest region,1,7,36,11.843656571428571,-2.4299072857142856,Burkina Faso: Government,0.5625
BFA,Centre Ouest region,2,1,2,11.51667,-2.56667,JNIM - Koglweogo,0.03125
BFA,Centre Ouest region,5,6,26,12.145850666666666,-2.575912666666667,JNIM - Civilians,0.40625
BFA,Centre Sud region,1,4,9,11.28347,-1.1212275,Burkina Faso: Government,1.0
BFA,Centre region,1,3,21,12.370278,-1.524722,Burkina Faso: Government,0.2625
BFA,Centre region,4,6,34,12.353991666666667,-1.556775,Government of Burkina Faso - Civilians,0.425
BFA,Centre region,5,1,25,12.370278,-1.524722,AQIM - Civilians,0.3125
BFA,Djôrô region,1,4,9,10.08650125,-3.624634,Burkina Faso: Government,1.0
BFA,Est region,1,232,2693,12.18150642672414,0.7865904137931035,Burkina Faso: Government; Burkina Faso: Islamic State,0.6647741298444828
BFA,Est region,2,3,55,12.755324333333334,0.08475833333333334,IS - JNIM; JNIM - Koglweogo,0.013576894593927425
BFA,Est region,4,30,744,12.109146866666666,0.7788394000000001,Government of Burkina Faso - Civilians,0.183658355961491
BFA,Est region,5,71,559,12.247597309859156,0.689619028169014,IS - Civilians; JNIM - Civilians; Koglweogo - Civilians,0.13799061960009873
BFA,Goulmou region,1,36,112,11.889455194444444,0.45023905555555555,Burkina Faso: Government,0.6054054054054054
BFA,Goulmou region,4,3,61,12.159316666666667,0.58321,Government of Burkina Faso - Civilians,0.32972972972972975
BFA,Goulmou region,5,5,12,11.984662199999999,0.34310039999999997,JNIM - Civilians,0.06486486486486487
BFA,Guiriko region,1,4,3,11.4637605,-4.3882045000000005,Burkina Faso: Government,0.6
BFA,Guiriko region,4,1,2,11.17715,-4.2979,Government of Burkina Faso - Civilians,0.4
BFA,Hauts Bassins region,1,33,241,11.591800848484848,-4.62708790909091,Burkina Faso: Government,0.7578616352201258
BFA,Hauts Bassins region,4,2,31,11.519297,-4.456256,Government of Burkina Faso - Civilians,0.09748427672955975
BFA,Hauts Bassins region,5,9,46,11.689200333333334,-4.401763444444445,JNIM - Civilians,0.14465408805031446
BFA,Kuilsé region,1,39,214,13.139778692307692,-0.8237994871794871,Burkina Faso: Government,0.9683257918552036
BFA,Kuilsé region,5,5,7,13.250617199999999,-1.0391362000000002,JNIM - Civilians,0.03167420814479638
BFA,Liptako region,1,22,112,14.091333818181818,-0.09350704545454545,Burkina Faso: Government; Burkina Faso: Islamic State,0.35
BFA,Liptako region,2,12,136,14.021933249999998,-0.12568616666666665,IS - JNIM,0.425
BFA,Liptako region,5,5,72,14.0742874,-0.1716976,IS - Civilians; JNIM - Civilians,0.225
BFA,Nakambé region,1,20,91,11.487580900000001,-0.061661200000000006,Burkina Faso: Government,0.9891304347826086
BFA,Nakambé region,5,1,1,11.30291,0.12178,JNIM - Civilians,0.010869565217391304
BFA,Nord region,1,182,1393,13.700232554945055,-2.3144865439560443,Burkina Faso: Government,0.6542977923907938
BFA,Nord region,2,1,15,13.94827,-2.21226,JNIM - Koglweogo,0.007045561296383279
BFA,Nord region,4,17,440,13.744888117647058,-2.3646598235294114,Government of Burkina Faso - Civilians,0.20666979802724283
BFA,Nord region,5,39,281,13.620906,-2.2682637435897437,Ansaroul Islam - Civilians; IS - Civilians; JNIM - Civilians,0.13198684828558008
BFA,Sahel region,1,367,3512,14.156839564032698,-0.6594112752043597,Burkina Faso: Government; Burkina Faso: Islamic State,0.5651754103636949
BFA,Sahel region,2,40,399,14.341743249999999,-0.6639581999999999,IS - JNIM; JNIM - Koglweogo,0.06420984872867717
BFA,Sahel region,4,62,831,14.066904016129033,-0.7913064193548387,Government of Burkina Faso - Civilians,0.13373028644995172
BFA,Sahel region,5,192,1472,14.173625104166668,-0.4896739583333333,Ansaroul Islam - Civilians; IS - Civilians; JNIM - Civilians,0.23688445445767622
BFA,Sirba region,1,29,199,12.867531931034483,0.3246499655172414,Burkina Faso: Government,0.9900497512437811
BFA,Sirba region,5,2,2,12.424629,0.023374,JNIM - Civilians,0.009950248756218905
BFA,Soum region,1,17,132,14.099350705882353,-1.4696041764705883,Burkina Faso: Government,0.9565217391304348
BFA,Soum region,2,1,6,14.4089,-1.5507,IS - JNIM,0.043478260869565216
BFA,Sourou region,1,24,147,13.121657458333333,-3.4715878750000004,Burkina Faso: Government,0.9074074074074074
BFA,Sourou region,4,1,2,13.1691,-3.8899,Government of Burkina Faso - Civilians,0.012345679012345678
BFA,Sourou region,5,5,13,13.0752814,-3.5875408,JNIM - Civilians,0.08024691358024691
BFA,Sud-Ouest region,1,11,39,10.245328727272728,-3.502629818181818,Burkina Faso: Government,0.52
BFA,Sud-Ouest region,4,2,23,10.220068000000001,-3.6852375,Government of Burkina Faso - Civilians,0.30666666666666664
BFA,Sud-Ouest region,5,3,13,10.762793666666667,-3.2156446666666665,JNIM - Civilians,0.17333333333333334
BFA,Tannounyan region,1,4,12,10.1955685,-4.74877725,Burkina Faso: Government,1.0
BFA,Tapoa region,1,15,81,12.1638966,1.7227148666666667,Burkina Faso: Government,1.0
BFA,Tapoa region,4,2,0,12.423964,1.346381,Government of Burkina Faso - Civilians,0.0
BFA,Yaadga region,1,34,176,13.639234323529411,-2.262565911764706,Burkina Faso: Government,0.88
BFA,Yaadga region,5,2,24,13.516095,-2.139855,JNIM - Civilians,0.12
BGD,Barisāl division,1,1,1,22.789362,90.172217,Bangladesh: Government,0.05
BGD,Barisāl division,2,14,19,22.52130485714286,90.556035,Opponents of Hasina - Supporters of Awami League; Supporters of Awami League - Supporters of BNP; Supporters of Awami League - Supporters of Jamaat-e-Islami,0.95
BGD,Chittagong division,1,65,154,22.658255892307693,91.96483699999999,Bangladesh: Chittagong Hill Tracts; Bangladesh: Islamic State; Myanmar (Burma): Arakan,0.18621523579201935
BGD,Chittagong division,2,78,213,22.579496551282052,91.58446757692307,BNLF - NLFT; Opponents of Hasina - Supporters of Awami League; Supporters of Awami League - Supporters of BNP,0.25755743651753327
BGD,Chittagong division,4,11,171,22.886497454545452,91.75945090909092,Government of Bangladesh - Civilians; Government of Myanmar (Burma) - Civilians,0.2067714631197098
BGD,Chittagong division,5,91,289,22.313125406593407,91.9867153956044,ARSA - Civilians; HuJI - Civilians; IS - Civilians,0.34945586457073763
BGD,Dhaka division,1,23,63,23.824671347826087,90.24982178260869,Bangladesh: Government; Bangladesh: Islamic State,0.23595505617977527
BGD,Dhaka division,2,70,112,23.8318707,90.40246197142856,Opponents of Hasina - Supporters of Awami League; Supporters of Awami League - Supporters of BNP; Supporters of Awami League - Supporters of Jamaat-e-Islami,0.41947565543071164
BGD,Dhaka division,4,12,22,23.74649725,90.40147441666666,Government of Bangladesh - Civilians,0.08239700374531835
BGD,Dhaka division,5,12,70,23.982885,90.34439891666666,HuJI - Civilians; IS - Civilians; JMB - Civilians,0.26217228464419473
BGD,Khulna division,1,122,122,23.322425713114754,89.19721023770492,Bangladesh: Government; Bangladesh: Islamic State,0.61
BGD,Khulna division,2,36,62,23.22414711111111,89.21441888888889,BCP - PBCP; Opponents of Hasina - Supporters of Awami League; Supporters of Awami League - Supporters of BNP,0.31
BGD,Khulna division,4,5,9,22.8254524,89.1687302,Government of Bangladesh - Civilians; Government of India - Civilians,0.045
BGD,Khulna division,5,7,7,23.336724571428572,89.15789385714287,HuJI - Civilians; IS - Civilians; JMB - Civilians,0.035
BGD,Mymensingh division,1,1,2,24.543652,90.678712,Bangladesh: Islamic State,0.5
BGD,Mymensingh division,2,2,2,24.81586,90.30355,Opponents of Hasina - Supporters of Awami League; Supporters of Awami League - Supporters of BNP,0.5
BGD,Rajshahi division,1,54,81,24.33325962962963,89.12909001851851,Bangladesh: Government; Bangladesh: Islamic State,0.5328947368421053
BGD,Rajshahi division,2,26,41,24.599552538461538,88.97182173076924,BCP - PBCP; Opponents of Hasina - Supporters of Awami League; Supporters of Awami League - Supporters of BNP,0.26973684210526316
BGD,Rajshahi division,4,5,15,25.061639800000002,88.90732399999999,Government of Bangladesh - Civilians; Government of India - Civilians,0.09868421052631579
BGD,Rajshahi division,5,13,15,24.61014069230769,88.95295953846154,IS - Civilians; JMB - Civilians,0.09868421052631579
BGD,Rangpur division,2,7,13,25.617179999999998,89.32284457142858,Opponents of Hasina - Supporters of Awami League; Supporters of Awami League - Supporters of BNP; Supporters of Awami League - Supporters of Jamaat-e-Islami,0.5909090909090909
BGD,Rangpur division,4,4,4,26.171518499999998,89.00721874999999,Government of Bangladesh - Civilians; Government of India - Civilians,0.18181818181818182
BGD,Rangpur division,5,5,5,25.7487476,89.3409854,IS - Civilians,0.22727272727272727
BGD,Sylhet division,1,6,21,24.762403666666668,91.838213,Bangladesh: Islamic State,0.5675675675675675
BGD,Sylhet division,2,12,12,24.81649775,91.82914491666666,Supporters of Awami League - Supporters of BNP; Supporters of Awami League - Supporters of Jamaat-e-Islami,0.32432432432432434
BGD,Sylhet division,4,1,3,24.899167,91.871944,Government of Bangladesh - Civilians,0.08108108108108109
BGD,Sylhet division,5,1,1,24.196023,91.519365,NLFT - Civilians,0.02702702702702703
BHR,Al Janūbīyah governorate,4,3,0,26.11592333333333,50.57139,Government of Bahrain - Civilians,0.0
BHR,Al Mintaqah ash Shamaliyah region,4,3,5,26.213974333333336,50.463976,Government of Bahrain - Civilians,1.0
BHR,Al Muḩarraq governorate,4,1,0,26.28,50.635,Government of Bahrain - Civilians,0.0
BHR,Al Wusţá governorate,4,10,7,26.156888600000002,50.5893059,Government of Bahrain - Civilians,1.0
BHR,Al ‘Āşimah governorate,4,13,14,26.23207230769231,50.57491538461538,Government of Bahrain - Civilians,1.0
BHR,Ash Shamālīyah governorate,4,6,5,26.214583666666666,50.47680366666666,Government of Bahrain - Civilians,1.0
BHR,Sitrah region,4,1,1,26.154722,50.620556,Government of Bahrain - Civilians,1.0
BOL,Oruro department,2,5,35,-18.8923342,-66.7026674,Laime - Qaqachaca,1.0
BOL,Pando department,2,3,2,-11.0344,-68.77493,"Bonde dos 13, PCC - Comando Vermelho; Comando Vermelho - PCC",1.0
BOL,Potosí department,2,1,5,-19.45,-65.5,Laime - Qaqachaca,1.0
BRA,Acre state,2,736,790,-9.756732773097825,-68.41303550815218,"Bonde dos 13, PCC - Comando Vermelho; Comando Vermelho - PCC",0.9518072289156626
BRA,Acre state,4,2,2,-10.06221,-67.773705,Government of Brazil - Civilians,0.0024096385542168677
BRA,Acre state,5,47,38,-9.45845489361702,-68.86688872340426,Comando Vermelho - Civilians; PCC - Civilians,0.04578313253012048
BRA,Alagoas state,2,141,166,-9.647181992907802,-36.0383354893617,Comando Vermelho - PCC,0.9822485207100592
BRA,Alagoas state,4,1,3,-9.66583,-35.73528,Government of Brazil - Civilians,0.01775147928994083
BRA,Amapá state,2,365,408,0.0233908,-51.104749336986295,Amigos Para Sempre - Família Terror Amapá; Comando Vermelho - Família Terror Amapá,1.0
BRA,Amazonas state,2,876,1264,-3.1062271347031967,-60.02895760273973,Cartel do Norte - Comando Vermelho; Comando Vermelho - FDN; Comando Vermelho - PCC,0.9693251533742331
BRA,Amazonas state,5,40,40,-3.1250412499999998,-60.090526499999996,Comando Vermelho - Civilians; PCC - Civilians,0.03067484662576687
BRA,Bahia state,2,862,1063,-11.54359854988399,-39.37891741299304,Ajeita - Bonde do Maluco; Bonde do Maluco - Comando Vermelho; Bonde do Maluco - Comando da Paz,0.8259518259518259
BRA,Bahia state,4,12,13,-12.690055833333332,-39.35024333333333,Government of Brazil - Civilians,0.010101010101010102
BRA,Bahia state,5,180,211,-12.593320499999999,-38.74774655555555,Bonde do Maluco - Civilians; Comando Vermelho - Civilians; PCC - Civilians,0.16394716394716394
BRA,Ceará state,2,1104,10306,-3.968528324275362,-38.785277271739126,Bonde do Maluco - Comando Vermelho; Comando Vermelho - GDE; Comando Vermelho - Massa,0.9957487922705314
BRA,Ceará state,4,4,4,-4.556525000000001,-39.0013225,Government of Brazil - Civilians,0.0003864734299516908
BRA,Ceará state,5,35,40,-4.035005142857143,-39.097006571428565,Comando Vermelho - Civilians; PCC - Civilians,0.003864734299516908
BRA,Distrito Federal state,4,1,1,-15.77972,-47.92972,Government of Brazil - Civilians,1.0
BRA,Espírito Santo state,2,26,30,-20.26509653846154,-40.40619692307693,Associação Família Capixaba - PCC; Comando Vermelho - Terceiro Comando Puro,1.0
BRA,Goiás state,2,1,9,-16.67861,-49.25389,Comando Vermelho - PCC,0.6428571428571429
BRA,Goiás state,4,2,3,-16.2114735,-48.7675615,Government of Brazil - Civilians,0.21428571428571427
BRA,Goiás state,5,2,2,-16.67861,-49.25389,Comando Vermelho - Civilians,0.14285714285714285
BRA,Maranhão state,2,584,695,-3.6448553133561643,-44.81937499143835,Bonde dos 40 - Comando Vermelho; Bonde dos 40 - PCC; Bonde dos 40 - PCM,0.8910256410256411
BRA,Maranhão state,4,4,4,-5.75729,-46.5068775,Government of Brazil - Civilians,0.005128205128205128
BRA,Maranhão state,5,94,81,-3.1390879787234045,-44.492756170212765,Bonde dos 40 - Civilians; Comando Vermelho - Civilians; PCC - Civilians,0.10384615384615385
BRA,Mato Grosso do Sul state,2,2,2,-22.3075,-55.2575,Comando Vermelho - PCC,0.6666666666666666
BRA,Mato Grosso do Sul state,4,1,1,-20.44278,-54.64639,Government of Brazil - Civilians,0.3333333333333333
BRA,Mato Grosso state,2,173,209,-14.21884196531792,-56.64293204624277,Bonde dos 40 - Comando Vermelho; Comando Vermelho - PCC,0.8132295719844358
BRA,Mato Grosso state,4,1,1,-16.47083,-54.63556,Government of Brazil - Civilians,0.0038910505836575876
BRA,Mato Grosso state,5,41,47,-14.01950512195122,-55.81293975609756,Comando Vermelho - Civilians; PCC - Civilians,0.1828793774319066
BRA,Minas Gerais state,2,1,1,-21.61,-45.56528,Comando Vermelho - PCC,1.0
BRA,Paraná state,4,1,1,-25.424968,-49.26441,Government of Brazil - Civilians,1.0
BRA,Paraíba state,2,224,502,-7.118252723214286,-35.20678361607143,Comando Vermelho - PCC; Nova Okaida - Estados Unidos; Nova Okaida - PCC,0.98046875
BRA,Paraíba state,4,2,3,-7.114445,-34.920559999999995,Government of Brazil - Civilians,0.005859375
BRA,Paraíba state,5,7,7,-6.884681428571429,-36.599988571428575,Comando Vermelho - Civilians; PCC - Civilians,0.013671875
BRA,Pará state,2,4,69,-5.3514574999999995,-50.4782625,Comando Classe A - Comando Vermelho; Comando Vermelho - PCC,0.7840909090909091
BRA,Pará state,4,10,19,-2.572115,-48.4345336,Government of Brazil - Civilians,0.2159090909090909
BRA,Pernambuco state,2,374,427,-8.998525748663102,-40.079362058823534,Comando Vermelho - Holanda; Comando Vermelho - PCC; Nova Okaida - PCC,0.8661257606490872
BRA,Pernambuco state,4,3,5,-8.49139,-36.787683333333334,Government of Brazil - Civilians,0.010141987829614604
BRA,Pernambuco state,5,55,61,-8.819168,-39.41724309090909,Comando Vermelho - Civilians; PCC - Civilians,0.12373225152129817
BRA,Piauí state,2,550,585,-4.996026154545455,-42.635556978181825,Bonde dos 40 - PCC; Comando Vermelho - PCC,0.936
BRA,Piauí state,5,45,40,-5.163568488888889,-42.7025528,Bonde dos 40 - Civilians; Comando Vermelho - Civilians; PCC - Civilians,0.064
BRA,Rio Grande do Norte state,2,897,1044,-5.490640499442586,-36.76913967001115,"Comando Vermelho - PCC; GDE, PCC - Sindicato do Crime; PCC - Sindicato do Crime",0.9802816901408451
BRA,Rio Grande do Norte state,4,9,17,-5.922221111111111,-35.40771444444445,Government of Brazil - Civilians,0.01596244131455399
BRA,Rio Grande do Norte state,5,4,4,-5.473125,-36.0993725,PCC - Civilians,0.003755868544600939
BRA,Rio Grande do Sul state,2,73,290,-30.015921205479454,-51.22206004109589,Anti-Bala - Bala na Cara; Anti-Bala - Os Manos,0.9931506849315068
BRA,Rio Grande do Sul state,4,2,2,-29.83556,-51.11847,Government of Brazil - Civilians,0.00684931506849315
BRA,Rio de Janeiro state,2,215,787,-22.83634334883721,-43.230469581395354,Amigos dos Amigos - Comando Vermelho; Comando Vermelho - Terceiro Comando; Comando Vermelho - Terceiro Comando Puro,0.8155440414507772
BRA,Rio de Janeiro state,4,29,97,-22.8914,-43.2105651724138,Government of Brazil - Civilians,0.10051813471502591
BRA,Rio de Janeiro state,5,56,81,-22.85285017857143,-43.17501053571429,Comando Vermelho - Civilians,0.08393782383419689
BRA,Rondônia state,2,347,371,-9.566578051873199,-63.409292048991354,Comando Vermelho - PCC,0.9636363636363636
BRA,Rondônia state,4,2,10,-10.86194,-62.39528,Government of Brazil - Civilians,0.025974025974025976
BRA,Rondônia state,5,7,4,-9.330314285714284,-63.36702428571429,Comando Vermelho - Civilians; PCC - Civilians,0.01038961038961039
BRA,Roraima state,2,485,566,2.6327636597938144,-60.66614179175258,Comando Vermelho - PCC; FDN - PCC,0.9625850340136054
BRA,Roraima state,4,4,5,2.8532907499999998,-61.30765325,Government of Brazil - Civilians,0.008503401360544218
BRA,Roraima state,5,25,17,2.5202109999999998,-61.33369072000001,Comando Vermelho - Civilians; PCC - Civilians,0.02891156462585034
BRA,Sergipe state,2,132,149,-10.825262598484848,-37.202107833333336,"Comando Vermelho - PCC; GDE, PCC - Sindicato do Crime",0.9867549668874173
BRA,Sergipe state,4,1,1,-10.91111,-37.07167,Government of Brazil - Civilians,0.006622516556291391
BRA,Sergipe state,5,1,1,-10.91111,-37.07167,Comando Vermelho - Civilians,0.006622516556291391
BRA,São Paulo state,2,11,57,-23.38015181818182,-46.59434272727273,Barriga gang - Sujeirinha gang; Comando Vermelho - PCC,0.6263736263736264
BRA,São Paulo state,4,16,27,-23.350985,-46.996057875,Government of Brazil - Civilians,0.2967032967032967
BRA,São Paulo state,5,4,7,-23.5475,-46.63611,Hezbollah - Civilians; PCC - Civilians,0.07692307692307693
BRA,Tocantins state,4,1,1,-11.624383,-46.82176,Government of Brazil - Civilians,1.0
BTN,Geylegphug (Sarpang) district,5,1,0,26.85,90.5,NDFB - Civilians,0.0
BTN,Samdrup Jongkhar district,1,1,4,26.835234,91.253637,India: Bodoland,1.0
BWA,Kgatleng district,4,1,1,-24.637418,26.405007,Government of South Africa - Civilians,1.0
CAF,Bamingui-Bangoran prefecture,1,13,20,8.919412153846153,20.505835384615384,Central African Republic: Government,0.5714285714285714
CAF,Bamingui-Bangoran prefecture,4,1,2,8.98934,20.7325,Government of Central African Republic - Civilians,0.05714285714285714
CAF,Bamingui-Bangoran prefecture,5,1,13,8.80555,19.65914,CPC - Civilians,0.37142857142857144
CAF,Bamingui-Bangoran province,1,18,56,8.524206333333332,20.655681,Central African Republic: Government; Central African Republic: Logone,0.28865979381443296
CAF,Bamingui-Bangoran province,2,6,107,8.409167,20.653056,"FPRC - MLCJ, PRNC, RPRC; FPRC - MLCJ, RPRC; FPRC - MPC",0.5515463917525774
CAF,Bamingui-Bangoran province,4,4,29,8.5756675,20.559818,Government of Central African Republic - Civilians,0.14948453608247422
CAF,Bamingui-Bangoran province,5,2,2,8.644894,20.2501675,FPRC - Civilians,0.010309278350515464
CAF,Bangui prefecture,1,2,43,4.36122,18.55496,Central African Republic: Government,0.86
CAF,Bangui prefecture,4,6,7,4.356361166666667,18.548572333333336,Government of Central African Republic - Civilians,0.14
CAF,Bangui province,1,39,506,4.366667,18.583333,Central African Republic: Government; Central African Republic: Logone,0.23275068997240111
CAF,Bangui province,2,70,333,4.366667,18.583333,Christians (CAR) - Muslims (CAR); anti-Balaka - FPRC; anti-Balaka - UPC,0.1531738730450782
CAF,Bangui province,4,53,998,4.366667,18.583333,Government of Central African Republic - Civilians; Government of Chad - Civilians,0.45906163753449863
CAF,Bangui province,5,52,337,4.366667,18.583333,FPRC - Civilians; anti-Balaka - Civilians,0.15501379944802207
CAF,Basse-Kotto prefecture,1,6,51,4.739117666666666,21.564890166666668,Central African Republic: Government,0.8225806451612904
CAF,Basse-Kotto prefecture,4,1,1,5.026665,21.208762,Government of Central African Republic - Civilians,0.016129032258064516
CAF,Basse-Kotto prefecture,5,3,10,4.933325333333333,21.505864000000003,CPC - Civilians; UPC - Civilians,0.16129032258064516
CAF,Basse-Kotto province,1,7,28,4.784755571428572,21.26617057142857,Central African Republic: Government,0.032407407407407406
CAF,Basse-Kotto province,2,39,434,4.845762897435898,21.25871517948718,Christians (CAR) - Muslims (CAR); FPRC - UPC; anti-Balaka - UPC,0.5023148148148148
CAF,Basse-Kotto province,4,2,202,4.68,21.14,Government of Central African Republic - Civilians,0.2337962962962963
CAF,Basse-Kotto province,5,36,200,4.948299138888888,21.220061944444446,"Anti-Balaka - Mokom, FPRC, MPC, RPRC - Civilians; Seleka - Civilians; UPC - Civilians",0.23148148148148148
CAF,Haut-Mbomou prefecture,1,3,9,5.504995666666667,25.780720333333335,Central African Republic: Government,0.04
CAF,Haut-Mbomou prefecture,2,18,135,5.345978111111111,25.860523722222222,AAKG - CPC,0.6
CAF,Haut-Mbomou prefecture,4,4,11,5.0665625,25.15242,Government of Russia (Soviet Union) - Civilians,0.04888888888888889
CAF,Haut-Mbomou prefecture,5,21,70,5.219889142857143,25.56282923809524,AAKG - Civilians; CPC - Civilians; UPC - Civilians,0.3111111111111111
CAF,Haut-Mbomou province,1,21,87,5.677557,25.760839,Central African Republic: Government; Uganda: Government,0.18995633187772926
CAF,Haut-Mbomou province,2,7,64,5.031439999999999,25.13614,Christians (CAR) - Muslims (CAR); anti-Balaka - Peuhl militia (Zemio); anti-Balaka - UPC,0.13973799126637554
CAF,Haut-Mbomou province,4,2,2,5.399784,26.486881,Government of Central African Republic - Civilians; Government of Uganda - Civilians,0.004366812227074236
CAF,Haut-Mbomou province,5,89,305,5.429032516853932,26.09056526966292,FPR - Civilians; LRA - Civilians; UPC - Civilians,0.665938864628821
CAF,Haute-Kotto prefecture,1,23,281,7.173416913043478,22.205359739130436,Central African Republic: Government; Uganda: Government,0.9183006535947712
CAF,Haute-Kotto prefecture,4,2,10,7.5351925,22.615526,Government of Central African Republic - Civilians; Government of Russia (Soviet Union) - Civilians,0.032679738562091505
CAF,Haute-Kotto prefecture,5,2,15,6.470601,22.24552,CPC - Civilians; UPC - Civilians,0.049019607843137254
CAF,Haute-Kotto province,1,11,62,7.199998181818182,22.586600636363638,Central African Republic: Government; Central African Republic: Logone; Uganda: Government,0.06358974358974359
CAF,Haute-Kotto province,2,45,618,6.561135422222222,22.004490355555554,"Anti-Balaka - Mokom, FPRC, MPC, RPRC - UPC; CPJP - Seleka; Christians (CAR) - Muslims (CAR)",0.6338461538461538
CAF,Haute-Kotto province,4,4,39,8.03032675,22.9747685,Government of Central African Republic - Civilians,0.04
CAF,Haute-Kotto province,5,71,256,6.903913802816902,22.39698943661972,"Anti-Balaka - Mokom, FPRC, MPC, RPRC - Civilians; FPRC - Civilians; LRA - Civilians",0.26256410256410256
CAF,Kémo prefecture,1,2,7,6.0266665,19.081666499999997,Central African Republic: Government,0.7
CAF,Kémo prefecture,4,2,2,6.21508,19.294781999999998,Government of Central African Republic - Civilians; Government of Russia (Soviet Union) - Civilians,0.2
CAF,Kémo prefecture,5,1,1,5.75,19.083333,CPC - Civilians,0.1
CAF,Kémo province,1,1,12,5.733333,19.083333,Central African Republic: Logone,0.04780876494023904
CAF,Kémo province,2,8,131,6.14286225,19.163621874999997,Christians (CAR) - Muslims (CAR); Farmers (CAR) - Herders (CAR); anti-Balaka - FPRC,0.5219123505976095
CAF,Kémo province,4,2,4,5.7257075,19.2395705,Government of Central African Republic - Civilians,0.01593625498007968
CAF,Kémo province,5,25,104,5.848682159999999,19.13900424,FPR - Civilians; FPRC - Civilians; Seleka - Civilians,0.41434262948207173
CAF,Lim-Pendé prefecture,1,38,176,7.339411789473684,15.849032999999999,Central African Republic: Government,0.7963800904977375
CAF,Lim-Pendé prefecture,2,3,9,7.2759426666666664,15.915445333333333,Farmers (CAR) - Herders (CAR),0.04072398190045249
CAF,Lim-Pendé prefecture,4,3,3,7.254363000000001,15.651672,Government of Central African Republic - Civilians,0.013574660633484163
CAF,Lim-Pendé prefecture,5,11,33,7.375053272727272,15.835648272727271,CPC - Civilians,0.1493212669683258
CAF,Lobaye prefecture,1,2,14,4.316667,17.466667,Central African Republic: Government,0.8235294117647058
CAF,Lobaye prefecture,5,1,3,4.918337,17.013708,CPC - Civilians,0.17647058823529413
CAF,Lobaye province,2,9,122,4.294624,17.502342222222225,Christians (CAR) - Muslims (CAR); anti-Balaka - FPRC,0.5446428571428571
CAF,Lobaye province,4,1,1,4.285321,17.404697,Government of Central African Republic - Civilians,0.004464285714285714
CAF,Lobaye province,5,19,101,4.438787263157894,17.39289263157895,anti-Balaka - Civilians,0.45089285714285715
CAF,Mambéré prefecture,1,9,26,4.783759111111111,15.232593555555557,Central African Republic: Government,0.8387096774193549
CAF,Mambéré prefecture,4,1,0,4.772655,16.705059,Government of Central African Republic - Civilians,0.0
CAF,Mambéré prefecture,5,2,5,4.8313975,16.7062145,CPC - Civilians,0.16129032258064516
CAF,Mambéré-Kadéi prefecture,1,10,59,4.213801500000001,15.6253103,Central African Republic: Government,0.8428571428571429
CAF,Mambéré-Kadéi prefecture,5,2,11,4.077019,15.3839235,CPC - Civilians,0.15714285714285714
CAF,Mambéré-Kadéi province,1,5,11,4.4889764,15.923164199999999,Central African Republic: Government,0.05188679245283019
CAF,Mambéré-Kadéi province,2,9,38,4.319820555555555,15.393215000000001,3R - anti-Balaka; Christians (CAR) - Muslims (CAR); anti-Balaka - FPRC,0.1792452830188679
CAF,Mambéré-Kadéi province,4,1,5,4.255473,15.787529,Government of Central African Republic - Civilians,0.02358490566037736
CAF,Mambéré-Kadéi province,5,22,158,4.738230681818181,16.16330577272727,3R - Civilians; FPRC - Civilians; anti-Balaka - Civilians,0.7452830188679245
CAF,Mbomou prefecture,1,14,127,5.3566675,22.770053071428574,Central African Republic: Government,0.7383720930232558
CAF,Mbomou prefecture,4,1,1,5.70611,22.77953,Government of Central African Republic - Civilians,0.005813953488372093
CAF,Mbomou prefecture,5,5,44,5.1983844,23.1876028,AAKG - Civilians; CPC - Civilians,0.2558139534883721
CAF,Mbomou province,1,17,91,5.043019294117648,23.113724764705882,Central African Republic: Government; Uganda: Government,0.13829787234042554
CAF,Mbomou province,2,22,274,5.175787772727272,23.029459954545455,"Anti-Balaka - Mokom, FPRC, MPC, RPRC - UPC; Christians (CAR) - Muslims (CAR); anti-Balaka - FPRC",0.41641337386018235
CAF,Mbomou province,4,1,3,4.838954,23.117389,Government of Central African Republic - Civilians,0.004559270516717325
CAF,Mbomou province,5,41,290,5.22672487804878,23.402819219512196,FPRC - Civilians; LRA - Civilians; UPC - Civilians,0.44072948328267475
CAF,Nana-Grébizi prefecture,1,6,20,7.095459833333334,19.344460666666667,Central African Republic: Government,0.5
CAF,Nana-Grébizi prefecture,4,2,2,7.041336,19.4765735,Government of Central African Republic - Civilians; Government of Russia (Soviet Union) - Civilians,0.05
CAF,Nana-Grébizi prefecture,5,2,18,6.864746,19.6197655,CPC - Civilians,0.45
CAF,Nana-Grébizi province,1,5,31,7.3278194,19.1620858,Central African Republic: Government; Central African Republic: Logone,0.05904761904761905
CAF,Nana-Grébizi province,2,18,98,6.823472888888889,19.2584315,Christians (CAR) - Muslims (CAR); FPRC - MPC; Farmers (CAR) - Herders (CAR),0.18666666666666668
CAF,Nana-Grébizi province,4,13,53,7.061828846153846,19.170022615384617,Government of Central African Republic - Civilians,0.10095238095238095
CAF,Nana-Grébizi province,5,54,343,6.872495425925926,19.318016462962962,"FPRC - Civilians; FPRC, MPC - Civilians; FPRC, MPC, Self-Defense Mujahidin (CAR) - Civilians",0.6533333333333333
CAF,Nana-Mambéré prefecture,1,49,241,5.814267244897959,15.255383693877553,Central African Republic: Government,0.8546099290780141
CAF,Nana-Mambéré prefecture,4,5,19,5.6345824,15.500732199999998,Government of Central African Republic - Civilians; Government of Russia (Soviet Union) - Civilians,0.0673758865248227
CAF,Nana-Mambéré prefecture,5,12,22,5.66375325,15.378249250000001,CPC - Civilians; anti-Balaka - Civilians,0.07801418439716312
CAF,Nana-Mambéré province,1,4,120,5.93659125,15.253617,Central African Republic: Government,0.21164021164021163
CAF,Nana-Mambéré province,2,10,180,5.8981706,15.520385300000001,3R - anti-Balaka; Christians (CAR) - Muslims (CAR); anti-Balaka - FPRC,0.31746031746031744
CAF,Nana-Mambéré province,4,4,7,5.890407,15.785335,Government of Central African Republic - Civilians; Government of Congo - Civilians,0.012345679012345678
CAF,Nana-Mambéré province,5,15,260,5.888393733333333,15.561692933333335,3R - Civilians; FDPC - Civilians; FPRC - Civilians,0.4585537918871252
CAF,Ombella-M'Poko prefecture,1,11,131,5.148442636363637,17.781467454545453,Central African Republic: Government,0.9632352941176471
CAF,Ombella-M'Poko prefecture,5,2,5,5.25,17.485,CPC - Civilians,0.03676470588235294
CAF,Ombella-M'Poko province,1,3,37,4.682714333333333,18.234105333333332,Central African Republic: Government,0.04120267260579064
CAF,Ombella-M'Poko province,2,10,112,5.0672634,17.7010211,Christians (CAR) - Muslims (CAR); anti-Balaka - FPRC,0.12472160356347439
CAF,Ombella-M'Poko province,4,6,30,4.743356666666666,18.26135383333333,Government of Central African Republic - Civilians; Government of Chad - Civilians; Government of Congo - Civilians,0.0334075723830735
CAF,Ombella-M'Poko province,5,44,719,5.046519363636364,17.94190875,3R - Civilians; FPRC - Civilians; Seleka - Civilians,0.8006681514476615
CAF,Ouaka prefecture,1,62,340,5.602894822580645,20.749719241935484,Central African Republic: Government,0.7112970711297071
CAF,Ouaka prefecture,4,12,83,5.941079333333334,20.82830075,Government of Central African Republic - Civilians; Government of Russia (Soviet Union) - Civilians,0.17364016736401675
CAF,Ouaka prefecture,5,9,55,5.854241666666667,20.988077777777775,CPC - Civilians; UPC - Civilians,0.11506276150627615
CAF,Ouaka province,1,24,171,5.770189875,20.668803375,Central African Republic: Government; Central African Republic: Logone,0.10070671378091872
CAF,Ouaka province,2,59,470,5.684420474576271,20.64898908474576,"Anti-Balaka - Mokom, FPRC, MPC, RPRC - UPC; Christians (CAR) - Muslims (CAR); FPRC - UPC",0.2767962308598351
CAF,Ouaka province,4,3,3,5.7652779999999995,20.674167,Government of Central African Republic - Civilians,0.0017667844522968198
CAF,Ouaka province,5,151,1054,5.626559284768212,20.66834407284768,"Anti-Balaka - Mokom - Civilians; Anti-Balaka - Mokom, FPRC, MPC, RPRC - Civilians; CPC - Civilians",0.6207302709069493
CAF,Ouham prefecture,1,36,235,7.271112722222223,17.36207252777778,Central African Republic: Government; Central African Republic: Logone,0.6772334293948127
CAF,Ouham prefecture,4,5,102,7.2703869999999995,17.1792282,Government of Russia (Soviet Union) - Civilians,0.29394812680115273
CAF,Ouham prefecture,5,4,10,6.99021125,17.160782,CPC - Civilians,0.02881844380403458
CAF,Ouham province,1,14,116,6.830569142857143,17.63802007142857,Central African Republic: Government; Central African Republic: Logone,0.07656765676567656
CAF,Ouham province,2,30,238,7.154700033333333,17.828853900000002,Christians (CAR) - Muslims (CAR); Farmers (CAR) - Herders (CAR); MNLC - RJ,0.1570957095709571
CAF,Ouham province,4,29,200,7.032786310344828,17.840128724137934,Government of Central African Republic - Civilians,0.132013201320132
CAF,Ouham province,5,98,961,6.953289683673469,17.877875897959182,"FPR - Civilians; FPRC - Civilians; FPRC, MPC - Civilians",0.6343234323432343
CAF,Ouham-Fafa prefecture,1,12,124,7.557260416666666,18.497762416666667,Central African Republic: Government,0.9323308270676691
CAF,Ouham-Fafa prefecture,4,2,2,7.937267,18.664923,Government of Central African Republic - Civilians,0.015037593984962405
CAF,Ouham-Fafa prefecture,5,3,7,7.3056816666666675,18.163079666666665,CPC - Civilians,0.05263157894736842
CAF,Ouham-Pendé prefecture,1,27,135,6.669600444444444,15.87200662962963,Central African Republic: Government,0.5152671755725191
CAF,Ouham-Pendé prefecture,2,4,60,6.193035,16.051669,Farmers (CAR) - Herders (CAR),0.22900763358778625
CAF,Ouham-Pendé prefecture,4,7,15,6.715446714285714,15.839068714285714,Government of Central African Republic - Civilians; Government of Russia (Soviet Union) - Civilians,0.05725190839694656
CAF,Ouham-Pendé prefecture,5,10,52,6.6844003999999995,15.939183400000001,CPC - Civilians,0.1984732824427481
CAF,Ouham-Pendé province,1,5,56,6.4282066,16.3369988,Central African Republic: Government,0.04856895056374675
CAF,Ouham-Pendé province,2,15,305,6.824496333333333,15.905479266666667,3R - anti-Balaka; MNLC - RJ; anti-Balaka - FPRC,0.2645273200346921
CAF,Ouham-Pendé province,4,24,140,7.213503,16.248990791666667,Government of Central African Republic - Civilians,0.12142237640936687
CAF,Ouham-Pendé province,5,83,652,6.950171481927711,16.06097843373494,3R - Civilians; FPR - Civilians; FPRC - Civilians,0.5654813529921943
CAF,Sangha-Mbaéré province,1,2,3,3.6347815,16.4193455,Central African Republic: Government,0.17647058823529413
CAF,Sangha-Mbaéré province,2,2,10,3.429147,16.119646000000003,Christians (CAR) - Muslims (CAR),0.5882352941176471
CAF,Sangha-Mbaéré province,5,4,4,3.36566325,16.024805,anti-Balaka - Civilians,0.23529411764705882
CAF,Vakaga prefecture,1,18,252,9.736867944444445,22.084712166666666,Central African Republic: Government,0.9333333333333333
CAF,Vakaga prefecture,2,1,2,10.46271,23.289,Farmers (CAR) - Herders (CAR),0.007407407407407408
CAF,Vakaga prefecture,4,5,9,9.966638399999999,22.0157532,Government of Central African Republic - Civilians; Government of Russia (Soviet Union) - Civilians,0.03333333333333333
CAF,Vakaga prefecture,5,3,7,10.084402333333333,22.479142,CPC - Civilians,0.025925925925925925
CAF,Vakaga province,1,17,106,10.033198764705883,22.72428494117647,Central African Republic: Government; Central African Republic: Logone,0.20948616600790515
CAF,Vakaga province,2,12,252,10.235583333333333,22.9116715,FPRC - MLCJ,0.4980237154150198
CAF,Vakaga province,4,3,11,9.78947,22.414641666666668,Government of Central African Republic - Civilians,0.021739130434782608
CAF,Vakaga province,5,12,137,9.530782833333333,22.485194833333335,FPRC - Civilians; Janjaweed  - Civilians; LRA - Civilians,0.2707509881422925
CAN,Quebec province,2,35,93,47.46533682857143,-72.865121,Hells Angels - Rock Machine,1.0
CHN,Beijing province,4,1,2600,39.928889,116.388333,Government of China - Civilians,1.0
CHN,Chongqing province,4,1,2,29.562778,106.552778,Government of China - Civilians,1.0
CHN,Guangdong province,2,1,2,24.8,113.583333,Han Chinese - Uighur,0.15384615384615385
CHN,Guangdong province,4,2,11,22.949326499999998,114.298749,Government of China - Civilians,0.8461538461538461
CHN,Hubei province,4,1,1,30.65,113.1,Government of China - Civilians,1.0
CHN,Qinghai province,4,1,1,34.085949,99.551807,Government of China - Civilians,1.0
CHN,Sichuan province,4,7,24,31.968236571428573,100.62073071428571,Government of China - Civilians,1.0
CHN,Tibet province,4,3,25,29.81536833333333,91.182315,Government of China - Civilians,1.0
CHN,Xinjiang province,1,14,64,39.89341057142857,79.56109014285714,China: East Turkestan,0.25396825396825395
CHN,Xinjiang province,2,2,185,41.6278435,81.79009049999999,Han Chinese - Uighur,0.7341269841269841
CHN,Xinjiang province,4,1,3,43.881111,81.245833,Government of China - Civilians,0.011904761904761904
CHN,Yunnan province,1,3,7,24.53854,99.71278733333334,Myanmar (Burma): Kachin; Myanmar (Burma): Kokang,1.0
CIV,Bas-Sassandra district,4,3,11,5.0572783333333335,-6.542434,Government of Ivory Coast - Civilians,0.06918238993710692
CIV,Bas-Sassandra district,5,5,148,5.0026626,-6.3794596,FRGO - Civilians,0.9308176100628931
CIV,Bas-Sassandra region,1,4,39,5.09166675,-7.41249975,Ivory Coast: Government,1.0
CIV,Comoé district,5,1,16,5.2118,-3.73884,AQIM - Civilians,1.0
CIV,Dix-Huit Montagnes district,1,2,25,7.0214095,-8.1774085,Ivory Coast: Government,1.0
CIV,Dix-Huit Montagnes region,1,18,177,7.268240888888889,-7.878981333333333,Ivory Coast: Government,0.4348894348894349
CIV,Dix-Huit Montagnes region,2,8,89,7.047361125,-7.479513875,Burkinabé - Guéré; FRCI - MILOCI,0.21867321867321868
CIV,Dix-Huit Montagnes region,4,5,98,7.1119997999999995,-7.7272222,Government of Ivory Coast - Civilians,0.24078624078624078
CIV,Dix-Huit Montagnes region,5,3,43,7.138175666666666,-7.529019666666667,MPIGO - Civilians,0.10565110565110565
CIV,Fromager district,2,1,1,6.464774,-5.954267,Supporters of Laurent Gbagbo - Supporters of Alassane Outtara,1.0
CIV,Fromager district,4,1,0,6.131934,-5.950601,Government of Ivory Coast - Civilians,0.0
CIV,Fromager region,2,5,38,6.3533968000000005,-5.888644,Bete - Senufo,0.8837209302325582
CIV,Fromager region,4,1,5,6.133333,-5.933333,Government of Ivory Coast - Civilians,0.11627906976744186
CIV,Haut-Sassandra district,4,3,3,7.043888666666667,-6.459907333333334,Government of Ivory Coast - Civilians,1.0
CIV,Haut-Sassandra region,1,12,108,7.1452545,-6.554166583333333,Ivory Coast: Government,0.3737024221453287
CIV,Haut-Sassandra region,4,4,181,6.9929165,-6.6516665,Government of Ivory Coast - Civilians,0.6262975778546713
CIV,Lacs district,1,1,4,7.157379,-5.225655,Ivory Coast: Government,0.8
CIV,Lacs district,4,1,1,6.820548,-5.276741,Government of Ivory Coast - Civilians,0.2
CIV,Lagunes district,1,8,52,5.37027775,-4.0252435,Ivory Coast: Government,0.10721649484536082
CIV,Lagunes district,2,1,2,5.341111,-4.028056,Supporters of Laurent Gbagbo - Supporters of Alassane Outtara,0.004123711340206186
CIV,Lagunes district,4,60,222,5.3676821,-4.067307716666667,Government of Ivory Coast - Civilians,0.4577319587628866
CIV,Lagunes district,5,35,209,5.354974171428571,-4.049539200000001,AJPSN - Civilians; FRCI - Civilians,0.4309278350515464
CIV,Lagunes region,1,2,270,5.341111,-4.028056,Ivory Coast: Government,0.5601659751037344
CIV,Lagunes region,2,2,31,5.341111,-4.028056,Supporters of Laurent Gbagbo - Supporters of Alassane Outtara,0.06431535269709543
CIV,Lagunes region,4,39,179,5.339495487179486,-4.025585102564103,Government of Ivory Coast - Civilians,0.37136929460580914
CIV,Lagunes region,5,2,2,5.3579415,-4.057374,AJPSN - Civilians,0.004149377593360996
CIV,Marahoue region,1,1,20,7.489444,-5.879167,Ivory Coast: Government,1.0
CIV,Montagnes district,4,3,16,6.784025333333333,-7.374665,Government of Ivory Coast - Civilians,1.0
CIV,Moyen-Cavally district,1,4,23,6.67230375,-7.62575525,Ivory Coast: Government,0.03469079939668175
CIV,Moyen-Cavally district,2,5,83,6.3819808,-7.3310512,Burkinabé - Guéré; Guéré - Malinké,0.12518853695324283
CIV,Moyen-Cavally district,4,23,180,6.577708391304348,-7.808483869565218,Government of Ivory Coast - Civilians,0.27149321266968324
CIV,Moyen-Cavally district,5,26,377,6.633506115384615,-7.7312035,FRCI - Civilians; FRGO - Civilians,0.5686274509803921
CIV,Moyen-Cavally region,1,2,8,6.738056,-7.343056,Ivory Coast: Government,0.02476780185758514
CIV,Moyen-Cavally region,2,22,222,6.7333405,-7.385442454545455,Burkinabé - Guéré; Dioula - Guéré; Guéré - Senufo,0.6873065015479877
CIV,Moyen-Cavally region,4,3,16,6.788056,-7.391203999999999,Government of Ivory Coast - Civilians,0.04953560371517028
CIV,Moyen-Cavally region,5,5,77,6.6117706,-7.7651692,FRCI - Civilians; MPCI - Civilians; MPIGO - Civilians,0.23839009287925697
CIV,N'zi-Comoé region,1,1,5,7.456944,-4.3425,Ivory Coast: Government,1.0
CIV,Ouest region,2,2,48,6.416665,-7.549998499999999,Burkinabé - Guéré; LPC - NPFL,0.7164179104477612
CIV,Ouest region,5,3,19,6.808889000000001,-8.345185333333333,NPFL - Civilians,0.2835820895522388
CIV,Savanes region,1,3,5,9.45,-5.633333,Ivory Coast: Government,0.03571428571428571
CIV,Savanes region,2,2,134,9.45,-5.633333,FRCI - FN - IC,0.9571428571428572
CIV,Savanes region,5,1,1,9.45,-5.633333,MPCI - Civilians,0.007142857142857143
CIV,Sud region,4,2,1,5.7240275,-3.9450000000000003,Government of Ivory Coast - Civilians,1.0
CIV,Sud-Bandama district,4,2,5,5.839722,-5.36,Government of Ivory Coast - Civilians,0.8333333333333334
CIV,Sud-Bandama district,5,1,1,5.116,-5.58394,FRGO - Civilians,0.16666666666666666
CIV,Sud-Ouest region,1,1,8,4.3625,-7.524167,Liberia: Government,0.4444444444444444
CIV,Sud-Ouest region,5,3,10,4.661111333333333,-7.361111,LPC - Civilians; NPFL - Civilians,0.5555555555555556
CIV,Vallée du Bandama region,1,8,232,7.63607625,-5.0992365,Ivory Coast: Government,0.6843657817109144
CIV,Vallée du Bandama region,4,1,1,7.683333,-5.033056,Government of Ivory Coast - Civilians,0.0029498525073746312
CIV,Vallée du Bandama region,5,4,106,7.833333,-5.0206947500000005,FRCI - Civilians; MPCI - Civilians,0.31268436578171094
CIV,Zanzan district,2,1,33,9.26927,-2.9951,"Fulani - Koulango , Lobi, Malinké",1.0
CMR,Adamaoua region,1,1,2,7.86085,13.595039,Cameroon: Government,0.25
CMR,Adamaoua region,4,1,1,7.32765,13.58472,Government of Cameroon - Civilians,0.125
CMR,Adamaoua region,5,1,5,7.96667,12.23333,JAS - Civilians,0.625
CMR,Amadaoua province,2,1,50,6.516667,14.3,"Banya - Foulbe, Hausa",1.0
CMR,Centre province,4,1,0,3.866667,11.516667,Government of Cameroon - Civilians,0.0
CMR,Centre region,4,3,3,3.866684,11.516664999999998,Government of Cameroon - Civilians,1.0
CMR,Far North province,2,8,106,11.849071875,14.543882,Choa Arab - Kotoko,0.6583850931677019
CMR,Far North province,4,1,55,12.729794,14.352621,Government of Cameroon - Civilians,0.3416149068322981
CMR,Far North region,1,378,2884,11.443941833333334,14.14855698941799,Cameroon: Government; Cameroon: Islamic State; Nigeria: Government,0.6130952380952381
CMR,Far North region,2,54,152,11.194323055555556,14.015565555555556,Choa Arab - Kotoko; Choa Arab - Musgum; Comités locaux de vigilance - JAS,0.03231292517006803
CMR,Far North region,4,7,52,10.878044142857144,14.130826142857144,Government of Cameroon - Civilians,0.011054421768707483
CMR,Far North region,5,534,1616,11.2632902752809,14.108628074906369,IS - Civilians; JAS - Civilians,0.3435374149659864
CMR,Littoral province,4,5,2,4.0469,9.7084,Government of Cameroon - Civilians,1.0
CMR,Littoral region,1,2,8,4.274411000000001,9.4444795,Cameroon: Ambazonia,0.6666666666666666
CMR,Littoral region,4,4,3,4.3233014999999995,9.754961999999999,Government of Cameroon - Civilians,0.25
CMR,Littoral region,5,1,1,4.269939,9.439415,Ambazonia insurgents - Civilians,0.08333333333333333
CMR,North region,4,1,4,7.769729,15.36164,Government of Cameroon - Civilians,1.0
CMR,North-West province,2,2,51,5.952655,10.158245,Bafanji - Balikumbat,0.8947368421052632
CMR,North-West province,4,4,6,6.1263275,10.43745675,Government of Cameroon - Civilians,0.10526315789473684
CMR,North-West region,1,578,2037,6.1250577802768165,10.345475358131488,Cameroon: Ambazonia,0.7913752913752914
CMR,North-West region,4,137,304,6.1547672262773725,10.374031131386863,Government of Cameroon - Civilians,0.11810411810411811
CMR,North-West region,5,131,233,6.094109213740458,10.307548282442749,Ambazonia insurgents - Civilians,0.09052059052059053
CMR,South-West province,1,6,57,4.583333,8.6,Cameroon - Nigeria,1.0
CMR,South-West province,4,3,0,4.290566666666667,9.025599999999999,Government of Cameroon - Civilians,0.0
CMR,South-West region,1,300,979,4.857267216666667,9.33859971,Cameroon: Ambazonia,0.7140773158278628
CMR,South-West region,4,66,167,4.744971545454545,9.290882424242424,Government of Cameroon - Civilians,0.12180889861415026
CMR,South-West region,5,74,225,4.843650608108108,9.385391648648648,Ambazonia insurgents - Civilians,0.16411378555798686
CMR,West region,1,9,32,5.7552522222222215,10.532786,Cameroon: Ambazonia,0.5423728813559322
CMR,West region,4,1,16,5.562221,10.0718,Government of Cameroon - Civilians,0.2711864406779661
CMR,West region,5,2,11,5.7473525,10.242631,Ambazonia insurgents - Civilians,0.1864406779661017
COD,Bandundu province,2,2,8,-2.166667,16.233333,Banunu - Batende,0.7272727272727273
COD,Bandundu province,4,4,3,-3.02916675,17.18333325,Government of DR Congo (Zaire) - Civilians,0.2727272727272727
COD,Bandundu region,1,1,321,-5.033333,18.816667,DR Congo (Zaire): Government,0.9938080495356038
COD,Bandundu region,4,1,2,-4.866667,16.983333,Government of DR Congo (Zaire) - Civilians,0.006191950464396285
COD,Bas Congo province,1,28,1451,-5.312474678571428,13.591420964285714,Angola: Cabinda; DR Congo (Zaire): Government; DR Congo (Zaire): Kongo Kingdom,0.9986235375086029
COD,Bas Congo province,4,2,2,-5.391667,13.399999999999999,Government of DR Congo (Zaire) - Civilians,0.0013764624913971094
COD,Bas Congo region,1,1,8,-5.333333,14.333333,DR Congo (Zaire): Kongo Kingdom,1.0
COD,Bas Zaïre region,1,1,1,-5.916667,12.45,Angola: Government,0.2
COD,Bas Zaïre region,4,3,4,-5.538789,14.250977666666666,Government of DR Congo (Zaire) - Civilians,0.8
COD,Bas-Uélé province,1,6,10,4.144322,26.0001555,Uganda: Government,0.5263157894736842
COD,Bas-Uélé province,5,7,9,4.2322555714285715,25.713147857142854,CPC - Civilians; LRA - Civilians,0.47368421052631576
COD,Haut Congo region,4,1,200,2.166667,26.333333,Government of DR Congo (Zaire) - Civilians,1.0
COD,Haut-Katanga province,1,17,118,-10.150394176470588,27.343665647058824,DR Congo (Zaire): Katanga,0.7065868263473054
COD,Haut-Katanga province,2,4,42,-8.466667,28.9,Luba - Batwa,0.25149700598802394
COD,Haut-Katanga province,4,3,3,-11.817201333333335,27.577037333333333,Government of DR Congo (Zaire) - Civilians,0.017964071856287425
COD,Haut-Katanga province,5,2,4,-8.5583335,28.1166665,Kata Katanga - Civilians,0.023952095808383235
COD,Haut-Lomami province,5,5,9,-8.214472599999999,26.751187199999997,Elements (Luba militia) - Civilians; Kata Katanga - Civilians; Mayi Mayi - Makabe - Civilians,1.0
COD,Haut-Uélé province,1,11,35,3.982102818181818,28.530406272727273,South Sudan: Government; Uganda: Government,0.5223880597014925
COD,Haut-Uélé province,5,12,32,4.066836166666667,27.81662858333333,LRA - Civilians,0.47761194029850745
COD,Haut-Zaïre region,1,13,1107,1.0148226923076924,26.685895923076924,DR Congo (Zaire): Government; Uganda: Government,0.41569658280135185
COD,Haut-Zaïre region,2,1,100,0.050061,25.337344,AFDL - ALiR,0.03755163349605708
COD,Haut-Zaïre region,4,15,1449,0.5842922666666667,26.290807466666667,Government of DR Congo (Zaire) - Civilians; Government of Rwanda - Civilians,0.5441231693578671
COD,Haut-Zaïre region,5,3,7,1.4794030000000002,26.340646333333336,AFDL - Civilians; ALiR - Civilians; SPLM/A - Civilians,0.0026286143447239955
COD,Ituri province,1,218,1028,1.229569990825688,29.760399692660553,DR Congo (Zaire): Government; DR Congo (Zaire): Islamic State; Uganda: Government,0.04246705498409551
COD,Ituri province,2,291,6964,1.8121579450171819,30.414580896907214,Alur - Lendu; FAPC - FNI; FDBC - Zaire self-defense group,0.2876853802619077
COD,Ituri province,4,106,1065,1.5772881886792451,30.019661622641507,Government of DR Congo (Zaire) - Civilians; Government of South Sudan - Civilians; Government of Uganda - Civilians,0.043995538480604786
COD,Ituri province,5,1703,15150,1.5861867204932472,30.10085126834997,ADF - Civilians; ALC - Civilians; CODECO-BTD - Civilians,0.625852026273392
COD,Kasaï Occidental province,1,6,330,-4.844444333333334,22.016666666666666,DR Congo (Zaire): Government,0.7913669064748201
COD,Kasaï Occidental province,4,13,87,-5.269056,22.393135384615388,Government of DR Congo (Zaire) - Civilians; Government of Rwanda - Civilians,0.20863309352517986
COD,Kasaï Occidental region,4,3,15,-6.094444333333333,22.561111333333333,Government of DR Congo (Zaire) - Civilians,1.0
COD,Kasaï Oriental province,1,21,646,-5.594415095238095,23.709409047619047,DR Congo (Zaire): Government,0.8250319284802043
COD,Kasaï Oriental province,2,10,64,-6.3539837,23.9416618,"Bena Kapuya (Bena Lulua, Luba), Bena Mwembya (Bena Lubilanji, Luba) - Bena Nshimba (Bena Lubilanji, Luba)",0.08173690932311622
COD,Kasaï Oriental province,4,51,65,-5.953018392156864,23.24407011764706,Government of DR Congo (Zaire) - Civilians; Government of Rwanda - Civilians,0.08301404853128991
COD,Kasaï Oriental province,5,2,8,-4.7877600000000005,24.616667,Mayi Mayi - Civilians; RCD - Civilians,0.010217113665389528
COD,Kasaï Oriental region,4,3,14,-5.6000000000000005,23.733333333333334,Government of DR Congo (Zaire) - Civilians,1.0
COD,Kasaï province,1,49,1654,-6.359994653061225,21.10174269387755,DR Congo (Zaire): Government,0.6051957555799488
COD,Kasaï province,2,2,58,-6.4166685,20.8,"Chokwe, Pende - Luba, Lulua",0.021222100256128796
COD,Kasaï province,4,12,147,-6.752489166666667,20.8734845,Government of DR Congo (Zaire) - Civilians,0.05378704720087816
COD,Kasaï province,5,56,874,-6.4255998214285714,21.01892092857143,Bana Mura - Civilians; Kamuina Nsapu - Civilians,0.31979509696304426
COD,Kasaï-Central province,1,102,1680,-6.42028581372549,22.481092,DR Congo (Zaire): Government,0.7342657342657343
COD,Kasaï-Central province,2,3,43,-5.681638333333333,23.605674000000004,"Basonge - Bena Nkoma (Bakwa Luntu, Luba)",0.018793706293706292
COD,Kasaï-Central province,4,22,442,-6.072939090909091,22.455585136363638,Government of DR Congo (Zaire) - Civilians,0.19318181818181818
COD,Kasaï-Central province,5,31,123,-6.635992387096774,22.31948722580645,Kamuina Nsapu - Civilians,0.053758741258741256
COD,Katanga province,1,68,2634,-7.879823294117648,28.120198279411767,DR Congo (Zaire): Government; DR Congo (Zaire): Katanga,0.5800484474785289
COD,Katanga province,2,8,126,-6.022721375,28.09014625,"ALiR, CNDD-FDD , Mayi Mayi - RCD; Luba - Batwa; Mayi Mayi - RCD",0.027747192248403437
COD,Katanga province,4,44,1106,-7.104232,27.939107659090908,Government of DR Congo (Zaire) - Civilians; Government of Rwanda - Civilians; Government of Zimbabwe (Rhodesia) - Civilians,0.2435586875137635
COD,Katanga province,5,45,675,-7.181276555555556,27.264546999999997,ALiR - Civilians; Elements (Luba militia) - Civilians; FDLR-FOCA - Civilians,0.14864567275930413
COD,Katanga region,4,1,200,-5.197472,29.147728,Government of DR Congo (Zaire) - Civilians,1.0
COD,Kinshasa city province,1,7,143,-4.343491857142857,15.323492,DR Congo (Zaire): Government,0.7988826815642458
COD,Kinshasa city province,4,26,36,-4.333429269230769,15.317286307692306,Government of DR Congo (Zaire) - Civilians,0.2011173184357542
COD,Kinshasa city region,1,6,261,-4.329722,15.315,Congo: Government; DR Congo (Zaire): Government,0.5945330296127562
COD,Kinshasa city region,4,30,178,-4.333564600000001,15.315805533333332,Government of DR Congo (Zaire) - Civilians,0.4054669703872437
COD,Kinshasa province,1,8,97,-4.329722,15.315,DR Congo (Zaire): Kongo Kingdom,0.36742424242424243
COD,Kinshasa province,4,18,51,-4.329722,15.315000000000001,Government of DR Congo (Zaire) - Civilians,0.19318181818181818
COD,Kinshasa province,5,8,116,-4.361960375,16.099147125,Mobondo - Civilians,0.4393939393939394
COD,Kongo Central province,1,24,59,-5.326578166666667,13.17549725,Angola: Cabinda; DR Congo (Zaire): Kongo Kingdom,0.5566037735849056
COD,Kongo Central province,4,11,24,-5.578887818181818,13.402066818181817,Government of Angola - Civilians; Government of DR Congo (Zaire) - Civilians,0.22641509433962265
COD,Kongo Central province,5,4,23,-5.25492225,15.7587035,Mobondo - Civilians,0.2169811320754717
COD,Kwango province,5,3,26,-4.863753333333333,16.654005333333334,Mobondo - Civilians,1.0
COD,Kwilu province,2,7,59,-3.858646428571429,17.55276914285714,Teke - Yaka,0.6276595744680851
COD,Kwilu province,4,3,5,-5.2332323333333335,18.837089000000002,Government of DR Congo (Zaire) - Civilians,0.05319148936170213
COD,Kwilu province,5,4,30,-4.02466,17.63907675,Mobondo - Civilians,0.3191489361702128
COD,Lomami province,1,3,43,-7.002184,23.45,DR Congo (Zaire): Government,0.86
COD,Lomami province,4,1,2,-7.003276,23.45,Government of DR Congo (Zaire) - Civilians,0.04
COD,Lomami province,5,2,5,-6.691511500000001,24.0478715,Kamuina Nsapu - Civilians,0.1
COD,Lualaba province,1,3,40,-9.938889,24.820000000000004,DR Congo (Zaire): Government; DR Congo (Zaire): Katanga,1.0
COD,Lualaba province,4,2,0,-10.716667,25.466667,Government of DR Congo (Zaire) - Civilians,0.0
COD,Mai-Ndombe province,2,28,1116,-3.1658865714285715,16.668309642857142,Banunu - Batende; Teke - Yaka,0.8698363211223694
COD,Mai-Ndombe province,4,1,0,-3.58621,16.52243,Government of DR Congo (Zaire) - Civilians,0.0
COD,Mai-Ndombe province,5,19,167,-3.812028684210526,16.68652094736842,Mobondo - Civilians,0.13016367887763056
COD,Maniema province,1,17,188,-3.6297296470588236,27.156118,DR Congo (Zaire): Government; Rwanda: Government,0.19915254237288135
COD,Maniema province,2,7,117,-2.6714284285714287,26.14999985714286,Mayi Mayi - RCD,0.1239406779661017
COD,Maniema province,4,9,199,-2.953077222222222,26.581630333333333,Government of DR Congo (Zaire) - Civilians; Government of Rwanda - Civilians,0.2108050847457627
COD,Maniema province,5,27,440,-3.442251444444445,26.84292151851852,CNPSC - Civilians; FDLR-FOCA - Civilians; Mayi Mayi - Civilians,0.4661016949152542
COD,Maniema region,1,6,2681,-1.1392128333333333,26.632002666666665,DR Congo (Zaire): Government,0.8631680618158403
COD,Maniema region,2,1,14,-2.95,25.933333,AFDL - ALiR,0.004507405022537025
COD,Maniema region,4,4,396,-1.773021,26.46135575,Government of Rwanda - Civilians,0.12749517063747584
COD,Maniema region,5,2,15,-1.65,26.6,AFDL - Civilians; ALiR - Civilians,0.004829362524146813
COD,Nord Kivu province,1,1506,14882,-0.5500195869853918,29.265588174634793,DR Congo (Zaire): Government; DR Congo (Zaire): Islamic State; Rwanda: Government,0.46426454531274375
COD,Nord Kivu province,2,518,3317,-1.07217677992278,28.95098141119691,"AFC - VDP; ALiR, Mayi Mayi - RCD; APCLS - APCLS-R, NDC-R",0.10347839650600531
COD,Nord Kivu province,4,641,2313,-0.711257297971919,29.205191129485183,Government of DR Congo (Zaire) - Civilians; Government of Rwanda - Civilians; Government of Uganda - Civilians,0.07215722976134768
COD,Nord Kivu province,5,1860,11543,-0.24726970967741935,29.27068387473118,"ADF - Civilians; ADF, Mayi Mayi Mayangose - Civilians; ADF, Vuba militia - Civilians",0.3600998284199033
COD,Nord Kivu region,1,16,788,-0.3507225625,29.32913075,DR Congo (Zaire): Government; Rwanda: Government; Uganda: Government,0.03368097110617199
COD,Nord Kivu region,2,30,3922,-1.0161870333333334,28.934112366666668,"AFDL - ALiR; AFDL - Mayi Mayi; Banyarwanda - Hunde, Nyanga",0.16763549324670884
COD,Nord Kivu region,4,79,13946,-1.2326472151898735,29.093341987341773,Government of DR Congo (Zaire) - Civilians; Government of Rwanda - Civilians,0.5960848008206531
COD,Nord Kivu region,5,40,4740,-1.409770975,29.113762674999997,"ADF - Civilians; AFDL - Civilians; AFDL, Mayi Mayi - Civilians",0.20259873482646606
COD,Orientale province,1,86,576,3.69278088372093,27.901184093023254,DR Congo (Zaire): Government; Rwanda: Government; Uganda: Government,0.11214953271028037
COD,Orientale province,2,23,1411,1.899589347826087,28.131156347826085,Bangadi militia - LRA; FAPC - FNI; Hema - Lendu,0.2747274143302181
COD,Orientale province,4,50,466,1.8348552,28.71260906,Government of DR Congo (Zaire) - Civilians; Government of Rwanda - Civilians; Government of Uganda - Civilians,0.09073208722741433
COD,Orientale province,5,276,2683,3.427185115942029,28.374012510869562,ADF - Civilians; FAPC - Civilians; FNI - Civilians,0.5223909657320872
COD,Sankuru province,1,1,1,-4.966667,23.45,DR Congo (Zaire): Government,1.0
COD,Shaba region,1,4,26,-11.4,27.708333500000002,DR Congo (Zaire): Government,0.11926605504587157
COD,Shaba region,4,10,191,-10.071472400000001,27.0366668,Government of DR Congo (Zaire) - Civilians; Government of Rwanda - Civilians,0.8761467889908257
COD,Shaba region,5,1,1,-9.0,26.0,AFDL - Civilians,0.0045871559633027525
COD,Sud Kivu province,1,412,4180,-3.3124863058252427,28.762051716019418,Burundi: Government; DR Congo (Zaire): Government; Rwanda: Government,0.33881818918699846
COD,Sud Kivu province,2,243,2161,-3.207551913580247,28.773807761316874,"AFC - VDP; AFP-Gutabara - CNPSC; AFP-Gutabara - CNPSC, FABB",0.17516414039069467
COD,Sud Kivu province,4,206,2194,-2.7931027281553398,28.754342029126214,"Government of Burundi - Civilians; Government of Burundi, Government of Rwanda - Civilians; Government of DR Congo (Zaire) - Civilians",0.17783902083164466
COD,Sud Kivu province,5,347,3802,-2.804087982708934,28.69601779827089,"AFC - Civilians; AFP-Gutabara, Ngumino - Civilians; AFP-Gutabara, Ngumino, Twiganeho - Civilians",0.3081786495906622
COD,Sud Kivu region,1,13,823,-3.0634286923076925,28.691293769230768,DR Congo (Zaire): Government; Rwanda: Government,0.04071838511775183
COD,Sud Kivu region,2,1,8,-1.7075,29.018056,AFDL - Mayi Mayi,0.00039580447259054025
COD,Sud Kivu region,4,72,11767,-2.9893523333333336,28.873717652777778,"Government of Burundi, Government of Rwanda - Civilians; Government of DR Congo (Zaire) - Civilians; Government of Rwanda - Civilians",0.582178903621611
COD,Sud Kivu region,5,54,7614,-3.152891962962963,28.79114337037037,AFDL - Civilians; ALiR - Civilians; CNDD - Civilians,0.3767069067880467
COD,Tanganyika province,1,24,87,-5.807407333333334,28.257957125,DR Congo (Zaire): Government; DR Congo (Zaire): Katanga,0.07638279192273925
COD,Tanganyika province,2,41,997,-6.098112804878049,28.12633819512195,"Bahemba - Bambuti; Bambuti, Batwa - Batabwa; Luba - Batwa",0.8753292361720808
COD,Tanganyika province,4,1,1,-5.933333,29.2,Government of DR Congo (Zaire) - Civilians,0.000877963125548727
COD,Tanganyika province,5,19,54,-5.982089789473684,28.307763789473686,CNPSC - Civilians; Elements (Luba militia) - Civilians; Kata Katanga - Civilians,0.04741000877963126
COD,Tshopo province,1,2,2,1.0233365,27.2025685,DR Congo (Zaire): Islamic State,0.0032258064516129032
COD,Tshopo province,2,22,546,0.3740659545454546,25.036629818181822,Lengola - Mbole,0.8806451612903226
COD,Tshopo province,4,5,4,0.8921652,24.589862599999996,Government of DR Congo (Zaire) - Civilians,0.0064516129032258064
COD,Tshopo province,5,2,68,0.08034849999999999,27.5470985,IS - Civilians; UPLD - Civilians,0.10967741935483871
COD,Tshuapa province,2,6,68,-1.5588666666666666,20.18563333333333,Iyeke (Batwa) - Nkundo,1.0
COD,Équateur province,1,40,2528,1.8075448,19.9484892,DR Congo (Zaire): Government,0.7660606060606061
COD,Équateur province,4,34,521,1.953683205882353,19.95366576470588,Government of DR Congo (Zaire) - Civilians,0.15787878787878787
COD,Équateur province,5,2,251,2.0751285,18.2242265,MLIA  - Civilians,0.07606060606060606
COD,Équateur region,4,18,2830,-0.014539444444444435,19.768053055555555,Government of DR Congo (Zaire) - Civilians; Government of Rwanda - Civilians,0.9975326048642933
COD,Équateur region,5,1,7,4.083333,22.45,AFDL - Civilians,0.0024673951357067326
COG,Bouenza region,1,9,158,-4.054876888888889,13.725061555555556,Congo: Government,0.30326295585412666
COG,Bouenza region,4,9,352,-4.132839777777778,13.494475222222222,Government of Angola - Civilians; Government of Congo - Civilians,0.6756238003838771
COG,Bouenza region,5,2,11,-4.0870845,13.5372205,Ntsiloulous - Civilians,0.02111324376199616
COG,Brazzaville region,1,50,4610,-4.2692391,15.262416680000001,Congo: Government,0.8942774005819593
COG,Brazzaville region,4,37,448,-4.259167,15.284722,Government of Angola - Civilians; Government of Congo - Civilians,0.08690591658583899
COG,Brazzaville region,5,14,97,-4.2700995,15.272440285714286,Cobras - Civilians; Ntsiloulous - Civilians,0.018816682832201746
COG,Cuvette region,5,2,4,-0.486944,15.908056,Cobras - Civilians,1.0
COG,Kouilou region,1,10,85,-4.7620024999999995,11.9044281,Angola: Cabinda; Congo: Government,0.5555555555555556
COG,Kouilou region,4,7,65,-4.794722,11.846110999999999,Government of Congo - Civilians,0.42483660130718953
COG,Kouilou region,5,1,3,-4.794722,11.846111,Cobras - Civilians,0.0196078431372549
COG,Lekoumou region,1,2,20,-3.6837515,13.492081500000001,Congo: Government,0.625
COG,Lekoumou region,4,1,12,-3.74667,13.34389,Government of Congo - Civilians,0.375
COG,Niari region,1,8,79,-3.95600225,12.528901625,Congo: Government,0.5683453237410072
COG,Niari region,4,7,60,-4.199722,12.673889,Government of Angola - Civilians; Government of Congo - Civilians,0.4316546762589928
COG,Plateaux region,1,1,2,-2.544722,14.753333,Congo: Government,1.0
COG,Plateaux region,5,1,0,-1.880556,15.705833,Ntsiloulous - Civilians,0.0
COG,Pointe-Noire region,1,2,1,-4.783333,11.9,Angola: Cabinda,1.0
COG,Pointe-Noire region,4,1,0,-4.783333,11.9,Government of Angola - Civilians,0.0
COG,Pool region,1,50,738,-4.16505394,14.66075346,Angola: Cabinda; Congo: Government,0.6833333333333333
COG,Pool region,4,6,291,-4.3704168333333335,14.831666499999999,Government of Congo - Civilians,0.26944444444444443
COG,Pool region,5,13,51,-4.275064153846154,14.768674923076922,Ntsiloulous - Civilians,0.04722222222222222
COL,Amazonas department,1,6,14,-0.8916378333333334,-72.29729666666667,Colombia: Government,0.7
COL,Amazonas department,4,1,1,-1.321692,-69.57865,Government of Colombia - Civilians,0.05
COL,Amazonas department,5,2,5,0.4412689999999997,-71.6574045,FARC - Civilians; FARC-EMC - Civilians,0.25
COL,Antioquia department,1,1032,3714,6.66214618992248,-75.42185710562015,Colombia: Government,0.4221893827441173
COL,Antioquia department,2,153,1075,6.8380817647058825,-75.46782518300654,"AUC - ELN; AUC - ELN, FARC; AUC - FARC",0.12220075025576901
COL,Antioquia department,4,145,248,6.742639027586207,-75.43155495172414,Government of Colombia - Civilians,0.028191428896214617
COL,Antioquia department,5,1516,3760,6.652642219656992,-75.4831542262533,AUC - Civilians; EGC - Civilians; ELN - Civilians,0.42741843810389907
COL,Arauca department,1,277,1104,6.705527303249098,-71.47985997472925,Colombia: Government,0.5951482479784367
COL,Arauca department,2,28,136,6.5315962857142855,-71.43691182142858,AUC - FARC; FARC-EMC - ELN,0.07331536388140161
COL,Arauca department,4,47,65,6.7127369148936165,-71.62965321276596,Government of Colombia - Civilians; Government of Venezuela - Civilians,0.03504043126684636
COL,Arauca department,5,336,550,6.705270130952381,-71.52521081845238,AUC - Civilians; Bloque Central Bolívar - Civilians; Dignidad por Arauca - Civilians,0.29649595687331537
COL,Atlántico department,1,6,18,10.883533333333332,-74.77717133333333,Colombia: Government,0.03278688524590164
COL,Atlántico department,2,133,198,10.932456255639098,-74.79045905263158,EGC - Autodefensas Conquistadoras de la Sierra Nevada; Los Costenos - Los Pepes,0.36065573770491804
COL,Atlántico department,4,23,35,10.88668447826087,-74.82191843478262,Government of Colombia - Civilians,0.06375227686703097
COL,Atlántico department,5,210,298,10.895252266666668,-74.82518196666666,AUC - Civilians; EGC - Civilians; FARC - Civilians,0.5428051001821493
COL,Bogotá department,1,1,1,4.649178,-74.062827,Colombia: Government,0.008547008547008548
COL,Bogotá department,2,1,3,4.649178,-74.062827,Cali Cartel - Medellín Cartel,0.02564102564102564
COL,Bogotá department,4,1,0,4.649178,-74.062827,Government of Colombia - Civilians,0.0
COL,Bogotá department,5,6,113,4.649178,-74.062827,Medellín Cartel - Civilians,0.9658119658119658
COL,Bogotá district,1,64,260,4.56920459375,-74.08674190625,Colombia: Government,0.49808429118773945
COL,Bogotá district,2,4,8,4.649178,-74.062827,AUC - FARC,0.01532567049808429
COL,Bogotá district,4,51,69,4.586755843137254,-74.08059425490195,Government of Colombia - Civilians,0.13218390804597702
COL,Bogotá district,5,72,185,4.625701444444444,-74.08274601388888,AUC - Civilians; EGC - Civilians; ELN - Civilians,0.3544061302681992
COL,Bolívar department,1,240,727,8.888534295833333,-74.600011825,Colombia: Government,0.31363244176013805
COL,Bolívar department,2,74,544,8.239294527027027,-74.29268924324325,"AUC - ELN; AUC - ELN, FARC; AUC - FARC",0.23468507333908542
COL,Bolívar department,4,49,53,9.193049938775511,-74.91988863265307,Government of Colombia - Civilians,0.02286453839516825
COL,Bolívar department,5,566,994,9.255973021201413,-74.70872189222615,AUC - Civilians; Bloque Central Bolívar - Civilians; EGC - Civilians,0.4288179465056083
COL,Boyacá department,1,116,481,5.860712198275862,-72.73068447413793,Colombia: Government,0.8250428816466552
COL,Boyacá department,4,24,33,5.688324583333333,-72.81351895833333,Government of Colombia - Civilians,0.05660377358490566
COL,Boyacá department,5,31,69,5.8218980645161285,-73.14575751612902,AUC - Civilians; ELN - Civilians; FARC - Civilians,0.1183533447684391
COL,Caldas department,1,116,267,5.415499896551724,-75.3501982586207,Colombia: Government,0.3037542662116041
COL,Caldas department,2,11,31,5.590705818181818,-75.05513618181818,AUC - FARC,0.03526734926052332
COL,Caldas department,4,17,25,5.163536705882353,-75.48049835294118,Government of Colombia - Civilians,0.02844141069397042
COL,Caldas department,5,359,556,5.313691181058496,-75.43441253760446,AUC - Civilians; Bloque Central Bolívar - Civilians; ELN - Civilians,0.6325369738339022
COL,Caquetá department,1,391,1384,1.5430032813299235,-75.06373804859335,Colombia: Government,0.7917620137299771
COL,Caquetá department,2,8,63,1.15463975,-75.25407825,AUC - FARC; FARC-EMC - EMBF,0.036041189931350116
COL,Caquetá department,4,33,49,1.4235674242424243,-74.93758751515152,Government of Colombia - Civilians,0.02803203661327231
COL,Caquetá department,5,117,252,1.5521622478632477,-75.18108273504274,AUC - Civilians; Bloque Central Bolívar - Civilians; Comandos de la Frontera - Civilians,0.14416475972540047
COL,Casanare department,1,91,374,5.565592912087912,-72.11338481318681,Colombia: Government,0.7435387673956262
COL,Casanare department,2,2,34,5.350276,-72.0943055,ACC - FARC; AUC - FARC,0.06759443339960239
COL,Casanare department,4,27,45,5.376626407407407,-72.34453829629629,Government of Colombia - Civilians,0.08946322067594434
COL,Casanare department,5,27,50,5.308836111111111,-72.24882788888888,AUC - Civilians; EGC - Civilians; ELN - Civilians,0.09940357852882704
COL,Cauca department,1,477,1493,2.5637092033542976,-76.6424788721174,Colombia: Government,0.5521449704142012
COL,Cauca department,2,49,123,2.6344088163265305,-76.69577810204082,"AUC - ELN, FARC; AUC - FARC; FARC-EMC - ELN",0.045488165680473376
COL,Cauca department,4,76,144,2.707473697368421,-76.51031680263158,Government of Colombia - Civilians,0.05325443786982249
COL,Cauca department,5,545,944,2.672455673394495,-76.62518809541284,AUC - Civilians; EGC - Civilians; ELN - Civilians,0.34911242603550297
COL,Cesar department,1,195,496,9.548153287179487,-73.44125591794872,Colombia: Government,0.4154103852596315
COL,Cesar department,2,17,37,9.230969823529412,-73.59519664705883,AUC - ELN; AUC - FARC; EGC - Autodefensas Conquistadoras de la Sierra Nevada,0.03098827470686767
COL,Cesar department,4,25,44,9.6671016,-73.47626548,Government of Colombia - Civilians,0.03685092127303183
COL,Cesar department,5,260,617,9.522839846153847,-73.53010491538461,AUC - Civilians; Autodefensas Conquistadoras de la Sierra Nevada - Civilians; EGC - Civilians,0.516750418760469
COL,Chocó department,1,114,462,6.026553307017544,-76.71489499122808,Colombia: Government,0.3458083832335329
COL,Chocó department,2,40,533,5.9143091,-76.96953505,AUC - ELN; AUC - FARC; EGC - ELN,0.39895209580838326
COL,Chocó department,4,22,36,5.816998636363636,-76.26334436363636,Government of Colombia - Civilians,0.02694610778443114
COL,Chocó department,5,174,305,6.350495459770115,-76.82664881609196,AUC - Civilians; EGC - Civilians; ELN - Civilians,0.2282934131736527
COL,Cundinamarca department,1,195,803,4.785874241025641,-74.18000931794872,Colombia: Government,0.7633079847908745
COL,Cundinamarca department,2,2,1,4.462565,-73.85879,ACC - FARC; AUC - FARC,0.0009505703422053232
COL,Cundinamarca department,4,24,52,4.712187958333334,-74.35490116666666,Government of Colombia - Civilians,0.049429657794676805
COL,Cundinamarca department,5,101,196,4.672289821782178,-74.3163755049505,AUC - Civilians; EGC - Civilians; FARC - Civilians,0.18631178707224336
COL,Córdoba department,1,41,269,8.02331912195122,-75.87745990243903,Colombia: Government,0.29888888888888887
COL,Córdoba department,2,10,185,7.9119355,-75.86638839999999,AUC - FARC,0.20555555555555555
COL,Córdoba department,4,22,40,8.515118136363636,-75.85115322727273,Government of Colombia - Civilians,0.044444444444444446
COL,Córdoba department,5,209,406,8.486751086124402,-75.86106564114831,AUC - Civilians; EGC - Civilians; ELN - Civilians,0.45111111111111113
COL,Guainía department,1,15,78,3.001582866666667,-69.1176554,Colombia: Government,0.9176470588235294
COL,Guainía department,4,1,1,4.02,-68.15,Government of Colombia - Civilians,0.011764705882352941
COL,Guainía department,5,1,6,2.5,-69.0,FARC - Civilians,0.07058823529411765
COL,Guaviare department,1,77,487,2.0154949870129872,-72.40138545454546,Colombia: Government,0.6554508748317631
COL,Guaviare department,2,6,65,2.1958718333333334,-72.61436666666667,AUC - FARC; FARC-EMC - EMBF,0.08748317631224764
COL,Guaviare department,4,7,10,1.7952535714285713,-72.92433414285713,Government of Colombia - Civilians,0.013458950201884253
COL,Guaviare department,5,90,181,2.1691883888888888,-72.34024557777778,AUC - Civilians; EGC - Civilians; EMBF - Civilians,0.24360699865410498
COL,Huila department,1,289,792,2.5034804498269896,-75.55982547750864,Colombia: Government,0.616822429906542
COL,Huila department,4,48,77,2.3583628125,-75.71706560416666,Government of Colombia - Civilians,0.05996884735202492
COL,Huila department,5,289,415,2.391302982698962,-75.61284686851211,AUC - Civilians; ELN - Civilians; EMBF - Civilians,0.32320872274143303
COL,La Guajira department,1,64,169,11.0665453125,-72.888056984375,Colombia: Government,0.2717041800643087
COL,La Guajira department,2,38,92,11.27523602631579,-72.9930312631579,"AUC - ELN, FARC; AUC - FARC; EGC - Autodefensas Conquistadoras de la Sierra Nevada",0.14790996784565916
COL,La Guajira department,4,27,55,10.960076888888889,-72.93670888888889,Government of Colombia - Civilians,0.08842443729903537
COL,La Guajira department,5,110,306,11.152019227272728,-72.82153094545454,AUC - Civilians; Autodefensas Conquistadoras de la Sierra Nevada - Civilians; EGC - Civilians,0.4919614147909968
COL,Magdalena department,1,150,304,10.64499834,-74.09508022666667,Colombia: Government,0.2198120028922632
COL,Magdalena department,2,20,221,10.6838262,-74.14262215,AUC - ELN; AUC - FARC; EGC - Autodefensas Conquistadoras de la Sierra Nevada,0.15979754157628345
COL,Magdalena department,4,21,25,10.662107238095237,-74.09884838095238,Government of Colombia - Civilians,0.018076644974692697
COL,Magdalena department,5,455,833,10.700415720879121,-74.2189450021978,AUC - Civilians; Autodefensas Conquistadoras de la Sierra Nevada - Civilians; EGC - Civilians,0.6023138105567607
COL,Meta department,1,312,1770,3.234964932692308,-73.55564560576923,Colombia: Government,0.6943899568458219
COL,Meta department,2,10,66,3.3586789,-73.1427405,AUC - FARC,0.025892506865437426
COL,Meta department,4,76,124,3.192398881578947,-73.67308698684211,Government of Colombia - Civilians,0.04864652805021577
COL,Meta department,5,290,589,3.335036755172414,-73.61939383448275,AUC - Civilians; EGC - Civilians; FARC - Civilians,0.23107100823852492
COL,Nariño department,1,229,769,1.4557134017467248,-77.81597995633189,Colombia: Government,0.589272030651341
COL,Nariño department,2,8,76,1.544756,-78.00829075,AUC - ELN; AUC - FARC; FARC-EMC - ELN,0.05823754789272031
COL,Nariño department,4,39,76,1.3018441538461538,-77.83827994871795,Government of Colombia - Civilians,0.05823754789272031
COL,Nariño department,5,187,384,1.5821236096256686,-78.04060899465242,AUC - Civilians; Bloque Central Bolívar - Civilians; Comandos de la Frontera - Civilians,0.2942528735632184
COL,Norte de Santander department,1,471,1269,8.208251993630574,-72.90520014012738,Colombia: Government,0.4606170598911071
COL,Norte de Santander department,2,95,263,8.477759694736841,-72.88113604210527,"AUC - ELN; AUC - ELN, FARC; AUC - FARC",0.0954627949183303
COL,Norte de Santander department,4,41,53,8.317797951219513,-72.99603480487805,Government of Colombia - Civilians; Government of Venezuela - Civilians,0.019237749546279492
COL,Norte de Santander department,5,618,1170,8.209273045307443,-72.7134634644013,AUC - Civilians; EGC - Civilians; ELN - Civilians,0.4246823956442831
COL,Putumayo department,1,152,671,0.5687487894736842,-76.42387817763158,Colombia: Government,0.5437601296596435
COL,Putumayo department,2,8,88,0.54126825,-76.686725375,AUC - FARC,0.0713128038897893
COL,Putumayo department,4,22,35,0.6521167727272728,-76.427701,Government of Colombia - Civilians,0.028363047001620744
COL,Putumayo department,5,152,440,0.5169463421052631,-76.40223067763158,AUC - Civilians; Bloque Central Bolívar - Civilians; Comandos de la Frontera - Civilians,0.3565640194489465
COL,Quindío department,1,25,67,4.38559444,-75.65500472,Colombia: Government,0.5677966101694916
COL,Quindío department,4,22,28,4.51308690909091,-75.67349436363637,Government of Colombia - Civilians,0.23728813559322035
COL,Quindío department,5,10,23,4.4460876,-75.6791527,AUC - Civilians; FARC - Civilians; Las Águilas Negras - Civilians,0.19491525423728814
COL,Risaralda department,1,81,206,5.245241617283951,-75.87372022222223,Colombia: Government,0.37117117117117115
COL,Risaralda department,2,2,2,5.09328,-75.90883500000001,AUC - FARC,0.0036036036036036037
COL,Risaralda department,4,10,19,4.8987287,-75.76576589999999,Government of Colombia - Civilians,0.03423423423423423
COL,Risaralda department,5,238,328,4.946626226890756,-75.72779551260504,AUC - Civilians; Bloque Central Bolívar - Civilians; EGC - Civilians,0.590990990990991
COL,San Andrés y Providencia department,4,2,2,12.56083,-81.708625,Government of Colombia - Civilians,1.0
COL,Santander department,1,251,775,6.924901521912351,-73.37454760159363,Colombia: Government,0.5022683084899546
COL,Santander department,2,16,81,6.7622265625,-73.514700375,"AUC - ELN; AUC - ELN, FARC; AUC - FARC",0.0524951393389501
COL,Santander department,4,31,53,7.1276189677419355,-73.33664325806451,Government of Colombia - Civilians,0.034348671419313026
COL,Santander department,5,463,634,7.029575842332614,-73.65954564578834,AUC - Civilians; Bloque Central Bolívar - Civilians; EGC - Civilians,0.41088788075178223
COL,Sucre department,1,112,357,9.338881196428572,-75.19971899107144,Colombia: Government,0.4316807738814994
COL,Sucre department,2,9,57,9.322090222222222,-75.14455855555555,AUC - FARC,0.06892382103990327
COL,Sucre department,4,18,30,9.396565,-75.26249916666667,Government of Colombia - Civilians,0.036275695284159616
COL,Sucre department,5,156,383,9.397384891025641,-75.28542098076923,AUC - Civilians; EGC - Civilians; ELN - Civilians,0.46311970979443773
COL,Tolima department,1,270,917,4.079474148148148,-75.29958423333333,Colombia: Government,0.573125
COL,Tolima department,2,9,69,4.155094444444444,-75.27472144444444,AUC - ELN; AUC - FARC,0.043125
COL,Tolima department,4,30,51,4.1284336999999995,-75.35944909999999,Government of Colombia - Civilians,0.031875
COL,Tolima department,5,318,563,4.215356506289308,-75.17324908805031,AUC - Civilians; Bloque Central Bolívar - Civilians; EGC - Civilians,0.351875
COL,Valle del Cauca department,1,223,735,3.730788865470852,-76.43681436771301,Colombia: Government,0.3518429870751556
COL,Valle del Cauca department,2,26,277,3.6994404615384613,-76.48781507692307,"AUC - ELN, FARC; AUC - FARC; Cali Cartel - Medellín Cartel",0.13259932982288175
COL,Valle del Cauca department,4,67,173,3.703222074626866,-76.43763095522388,Government of Colombia - Civilians,0.08281474389660125
COL,Valle del Cauca department,5,398,904,3.7862803366834172,-76.47127434673368,AUC - Civilians; Bloque Central Bolívar - Civilians; EGC - Civilians,0.43274293920536144
COL,Vaupés department,1,10,167,1.006641,-70.43033299999999,Colombia: Government,0.9488636363636364
COL,Vaupés department,5,5,9,1.1533079999999998,-70.489678,FARC - Civilians; FARC-EMC - Civilians,0.05113636363636364
COL,Vichada department,1,23,200,4.935646652173913,-69.53965947826087,Colombia: Government,0.9090909090909091
COL,Vichada department,2,1,0,5.83767,-68.03675,FARC-EMC - ELN,0.0
COL,Vichada department,4,1,1,3.627386,-70.324645,Government of Colombia - Civilians,0.004545454545454545
COL,Vichada department,5,3,19,4.646260000000001,-70.30618866666667,AUC - Civilians,0.08636363636363636
COM,Anjouan province,1,2,56,-12.25,44.416667,Comoros: Anjouan,0.5833333333333334
COM,Anjouan province,2,3,40,-12.162777999999998,44.396389,MPA/Republic of Anjouan - MPA - SOC,0.4166666666666667
COM,Grande Comore province,1,2,29,-11.704167,43.240278,Comoros: Government,1.0
CRI,Limón province,2,140,154,10.034295521428572,-83.20828583571429,Forces of Tony Peña - Los Hondureños,1.0
CRI,San José province,2,58,58,9.885766879310344,-84.09423086206897,Forces of Churro - Los Gemelos,1.0
CYP,Nicosia district,4,1,1,35.066667,33.1,Government of Turkey - Civilians,1.0
DEU,Berlin state,1,1,4,52.516667,13.4,Iran: Kurdistan,0.25
DEU,Berlin state,5,1,12,52.516667,13.4,IS - Civilians,0.75
DEU,Niedersachsen state,1,1,1,52.37052,9.73322,United Kingdom: Northern Ireland,1.0
DEU,Nordrhein-Westfalen state,1,2,3,51.320475,6.828425,United Kingdom: Northern Ireland,0.5
DEU,Nordrhein-Westfalen state,5,1,3,51.17343,7.0845,IS - Civilians,0.5
DJI,Ali Sabieh region,1,1,4,11.133333,42.885833,Djibouti: Government,1.0
DJI,Ali Sabieh region,4,1,0,11.155833,42.7125,Government of Djibouti - Civilians,0.0
DJI,Dikhil region,1,5,29,11.5002224,42.1882222,Djibouti: Government,1.0
DJI,Dikhil region,4,2,0,11.395139,42.1958335,Government of Djibouti - Civilians,0.0
DJI,Djibouti region,1,2,66,11.461111,43.252778,Somalia: Government,0.4520547945205479
DJI,Djibouti region,2,3,20,11.505740666666668,43.21787066666667,Afar - Somali; Forces of Abdurahman Ahmed Ali 'Tur' - Republic of Somaliland,0.136986301369863
DJI,Djibouti region,4,4,59,11.595,43.148056,Government of Djibouti - Civilians,0.4041095890410959
DJI,Djibouti region,5,1,1,11.595,43.148056,Al-Shabaab - Civilians,0.00684931506849315
DJI,Obock region,1,9,84,12.144197777777778,43.14561633333333,Djibouti - Eritrea; Djibouti: Government,1.0
DJI,Obock region,4,2,0,12.25,43.08333,Government of Djibouti - Civilians,0.0
DJI,Tadjoura region,1,18,152,11.938456944444445,42.65493861111111,Djibouti: Government,0.9934640522875817
DJI,Tadjoura region,4,2,1,11.923472,42.580278,Government of Djibouti - Civilians,0.006535947712418301
DZA,Adrar province,1,13,57,23.979166,0.3111392307692308,Algeria: Government; Algeria: Islamic State,0.6785714285714286
DZA,Adrar province,2,5,27,21.325,0.946,Arab Brabich  - Idnan (Tuareg),0.32142857142857145
DZA,Ain Defla province,1,139,1167,36.20293677697841,2.078821007194245,Algeria: Government; Algeria: Islamic State,0.8800904977375565
DZA,Ain Defla province,2,1,8,36.166667,2.166667,AIS - GIA,0.006033182503770739
DZA,Ain Defla province,5,21,151,36.26018509523809,2.167686285714286,AQIM - Civilians; GIA - Civilians,0.1138763197586727
DZA,Ain Témouchent province,1,8,28,35.303611125,-1.087638625,Algeria: Government,1.0
DZA,Algiers province,1,411,1662,36.74172112652068,3.040447299270073,Algeria: Government,0.8183161004431314
DZA,Algiers province,2,1,2,36.79239,3.052174,AIS - GIA,0.0009847365829640572
DZA,Algiers province,5,20,367,36.74535625,3.02349365,AQIM - Civilians; GIA - Civilians,0.18069916297390448
DZA,Annaba province,1,33,100,36.89387378787879,7.655002121212121,Algeria: Government,1.0
DZA,Batna province,1,93,595,35.491798225806455,6.016774731182796,Algeria: Government,0.9770114942528736
DZA,Batna province,5,4,14,35.4236205,6.080139,AQIM - Civilians,0.022988505747126436
DZA,Bechar province,1,2,14,30.8716695,-2.193972,Algeria: Government,1.0
DZA,Bechar province,5,1,0,32.018679,-1.607316,GIA - Civilians,0.0
DZA,Bejaia province,1,54,145,36.66682903703703,4.957449185185185,Algeria: Government,1.0
DZA,Biskra province,1,16,74,34.7164428125,5.7384685,Algeria: Government,1.0
DZA,Blida province,1,243,1465,36.542137292181074,2.9685558888888885,Algeria: Government,0.7867883995703545
DZA,Blida province,2,1,250,36.583333,3.0,AIS - GIA,0.13426423200859292
DZA,Blida province,5,15,147,36.54016226666667,2.9631598,AQIM - Civilians; GIA - Civilians,0.07894736842105263
DZA,Bordj Bou Arreridj province,1,21,201,36.10604828571429,4.607227476190476,Algeria: Government,0.995049504950495
DZA,Bordj Bou Arreridj province,5,1,1,36.274619,4.85668,AQIM - Civilians,0.0049504950495049506
DZA,Bouira province,1,223,797,36.356928403587446,3.747937488789238,Algeria: Government; Algeria: Islamic State,0.9544910179640719
DZA,Bouira province,5,7,38,36.391015714285714,3.773099857142857,AQIM - Civilians; GIA - Civilians,0.045508982035928146
DZA,Boumerdes province,1,540,1756,36.75488955555556,3.6693786407407405,Algeria: Government; Algeria: Islamic State,0.9837535014005602
DZA,Boumerdes province,5,33,29,36.775464,3.6875439393939398,AQIM - Civilians; GIA - Civilians,0.016246498599439777
DZA,Chlef province,1,98,406,36.25528404081633,1.3192216020408163,Algeria: Government,0.6835016835016835
DZA,Chlef province,2,2,27,36.2022435,1.231548,AIS - GIA,0.045454545454545456
DZA,Chlef province,5,19,161,36.187505,1.244993894736842,GIA - Civilians,0.27104377104377103
DZA,Constantine province,1,65,195,36.3436654,6.5242040615384616,Algeria: Government; Algeria: Islamic State,1.0
DZA,Djelfa province,1,32,152,34.516535000000005,3.45976225,Algeria: Government,0.8941176470588236
DZA,Djelfa province,5,7,18,34.80649842857143,3.257525285714286,AQIM - Civilians; GIA - Civilians,0.10588235294117647
DZA,El Bayadh province,1,9,46,33.126947333333334,0.9303194444444445,Algeria: Government,0.6571428571428571
DZA,El Bayadh province,5,1,24,32.5,1.166667,GIA - Civilians,0.34285714285714286
DZA,El Oued province,1,13,84,33.29170476923077,7.033117076923077,Algeria: Government,0.9882352941176471
DZA,El Oued province,5,1,1,33.333333,6.883333,AQIM - Civilians,0.011764705882352941
DZA,El Tarf province,1,8,19,36.734927625,8.175089625,Algeria: Government,0.475
DZA,El Tarf province,5,1,21,36.75,8.166667,AQIM - Civilians,0.525
DZA,Ghardaia province,1,11,78,32.28800136363637,3.6647183636363634,Algeria: Government,1.0
DZA,Guelma province,1,8,27,36.43012325,7.4540615,Algeria: Government,1.0
DZA,Illizi province,1,7,39,26.704028714285716,9.055944285714286,Algeria: Government,0.6
DZA,Illizi province,5,3,26,27.926944000000002,9.114722,Signed-in-Blood Battalion - Civilians,0.4
DZA,Jijel province,1,154,483,36.75130131818182,5.9289986883116885,Algeria: Government,0.8548672566371681
DZA,Jijel province,2,4,56,36.787499999999994,5.82500025,AIS - GIA,0.09911504424778761
DZA,Jijel province,5,10,26,36.749888799999994,5.8265001,AQIM - Civilians; GIA - Civilians,0.04601769911504425
DZA,Khenchela province,1,22,87,35.130458227272726,7.064003318181818,Algeria: Government,0.9354838709677419
DZA,Khenchela province,5,2,6,35.167916500000004,7.188333,AQIM - Civilians; GIA - Civilians,0.06451612903225806
DZA,Laghouat province,1,18,55,33.772784111111115,2.612833833333333,Algeria: Government,0.6179775280898876
DZA,Laghouat province,5,6,34,33.677777666666664,2.8631271666666667,GIA - Civilians,0.38202247191011235
DZA,M'Sila province,1,41,177,35.37398302439024,4.255034024390244,Algeria: Government,0.9414893617021277
DZA,M'Sila province,5,4,11,34.8002575,4.086126,AQIM - Civilians; GIA - Civilians,0.05851063829787234
DZA,Mascara province,1,60,425,35.43666963333333,0.11384140000000001,Algeria: Government,0.9953161592505855
DZA,Mascara province,5,2,2,35.43186849999999,0.28529750000000004,AQIM - Civilians; GIA - Civilians,0.00468384074941452
DZA,Medea province,1,106,603,36.12276023584906,2.8755060188679242,Algeria: Government,0.7247596153846154
DZA,Medea province,5,37,229,36.20058791891892,2.9075525675675675,AQIM - Civilians; GIA - Civilians,0.27524038461538464
DZA,Mila province,1,9,25,36.44053088888889,6.231813777777778,Algeria: Government,0.8928571428571429
DZA,Mila province,5,1,3,36.450278,6.264444,GIA - Civilians,0.10714285714285714
DZA,Mostaganem province,1,15,84,35.96316386666667,0.2006784,Algeria: Government,1.0
DZA,Naama province,1,3,5,32.506888,-0.7562396666666666,Algeria: Government,1.0
DZA,Oran province,1,43,190,35.6847841627907,-0.5788231395348837,Algeria: Government,0.9947643979057592
DZA,Oran province,5,1,1,35.691111,-0.641667,GIA - Civilians,0.005235602094240838
DZA,Ouargla province,1,7,19,31.46139185714286,5.906345714285714,Algeria: Government,1.0
DZA,Oum El Bouaghi province,1,23,126,35.877748956521735,7.0061356086956526,Algeria: Government,0.9473684210526315
DZA,Oum El Bouaghi province,5,1,7,35.971083,6.873737,GIA - Civilians,0.05263157894736842
DZA,Relizane province,1,87,701,35.769322206896554,0.8832568045977013,Algeria: Government,0.9498644986449865
DZA,Relizane province,5,10,37,35.839085,1.0362543,AQIM - Civilians; GIA - Civilians,0.05013550135501355
DZA,Saida province,1,45,286,34.733014955555554,0.2399283111111111,Algeria: Government,0.9285714285714286
DZA,Saida province,5,6,22,34.666667,0.333333,AQIM - Civilians; GIA - Civilians,0.07142857142857142
DZA,Setif province,1,36,174,36.18605627777778,5.461609694444444,Algeria: Government,1.0
DZA,Sidi bel Abbès province,1,85,470,34.92477242352941,-0.5404501647058824,Algeria: Government,0.9161793372319688
DZA,Sidi bel Abbès province,2,1,31,34.833333,-0.5,GIA - El Ahd Battalion - GIA - El Khadra Battalion,0.06042884990253411
DZA,Sidi bel Abbès province,5,6,12,34.8850935,-0.460256,AQIM - Civilians; GIA - Civilians,0.023391812865497075
DZA,Skikda province,1,101,363,36.83453236633663,6.745787871287129,Algeria: Government; Algeria: Islamic State,0.952755905511811
DZA,Skikda province,5,11,18,36.81911945454545,6.7038232727272735,AQIM - Civilians; GIA - Civilians,0.047244094488188976
DZA,Souk Ahras province,1,4,18,36.12007525,7.84675025,Algeria: Government,1.0
DZA,Tamanrasset province,1,17,93,22.99707294117647,3.9004693529411765,Algeria: Government; Algeria: Islamic State,1.0
DZA,Tiaret province,1,45,304,35.121143688888885,1.4317600888888888,Algeria: Government,0.7619047619047619
DZA,Tiaret province,5,14,95,35.26883457142857,1.4106472857142858,GIA - Civilians,0.23809523809523808
DZA,Tindouf province,1,1,10,27.416667,-5.833333,Algeria: Government,1.0
DZA,Tipaza province,1,100,455,36.59471724,2.36565017,Algeria: Government; Algeria: Islamic State,0.8198198198198198
DZA,Tipaza province,5,19,100,36.58888842105264,2.471691578947368,AQIM - Civilians; GIA - Civilians,0.18018018018018017
DZA,Tissemsilt province,1,33,125,35.74029303030303,1.7876815151515153,Algeria: Government,0.8865248226950354
DZA,Tissemsilt province,5,5,16,35.5842256,1.6982171999999998,AQIM - Civilians; GIA - Civilians,0.11347517730496454
DZA,Tizi Ouzou province,1,345,1209,36.71730315652174,4.152346991304348,Algeria: Government; Algeria: Islamic State,0.9813311688311688
DZA,Tizi Ouzou province,5,13,23,36.67153384615385,4.03832,AQIM - Civilians; GIA - Civilians,0.018668831168831168
DZA,Tlemcen province,1,76,564,34.74697577631579,-1.405348052631579,Algeria: Government,0.8558421851289834
DZA,Tlemcen province,2,3,88,34.65329166666667,-1.5054393333333334,AIS - GIA; GIA - El Ahd Battalion - GIA - El Khadra Battalion; GIA - El Forkane - GIA - El Khadra Battalion,0.13353566009104703
DZA,Tlemcen province,5,3,7,34.65678833333333,-1.3882556666666666,AQIM - Civilians; GIA - Civilians,0.010622154779969651
DZA,Tébessa province,1,74,345,35.1026187972973,7.932682486486486,Algeria: Government,0.9078947368421053
DZA,Tébessa province,5,14,35,35.066853357142854,7.916338857142857,AQIM - Civilians; GIA - Civilians,0.09210526315789473
ECU,Azuay province,2,8,82,-2.9613975,-79.27935625,"Los Choneros - Los Chone Killers , Los Lobos , Los Pipos, Los Tiguerones; Los Lobos  - Los Saobox; Los Lobos  - R7",1.0
ECU,Cotopaxi province,2,4,39,-0.9366475,-78.7682925,"Los Choneros - Los Chone Killers , Los Lobos , Los Pipos, Los Tiguerones; Los Choneros - Los Lobos",1.0
ECU,El Oro province,2,35,121,-3.3200273714285715,-79.94301388571428,Los Choneros - Los Lobos; Los Lobos  - Los Lobos Box; Los Lobos  - Los Saobox,1.0
ECU,Esmeraldas province,2,13,33,0.9591999999999999,-79.65397,Los Lobos  - Los Tiguerones,1.0
ECU,Guayas province,2,265,738,-2.21945340754717,-79.90930250943397,"Fatales, Los Aguilas - Los Lobos , Los Tiguerones; Los Aguilas - Los Lobos; Los Aguilas - Los Lobos , Los Tiguerones",1.0
ECU,Los Ríos province,2,33,14,-1.6005081818181817,-79.51824515151515,Los Choneros - Los Lobos,1.0
ECU,Manabí province,2,563,570,-0.9688894156305506,-80.52243844582593,Los Choneros - Los Lobos; Los Lobos  - R7,0.9930313588850174
ECU,Manabí province,5,1,4,-1.070442,-80.550705,Jalisco Cartel New Generation - Civilians,0.006968641114982578
ECU,Morona-Santiago  province,1,4,11,-3.472226,-78.214818,Ecuador - Peru,1.0
ECU,Pastaza province,2,1,26,-1.66667,-76.83333,Huaorani - Tagaeri,1.0
ECU,Pichincha province,2,6,18,-0.22985,-78.52495,Los Choneros - Los Lobos; Los Lobos  - R7,1.0
ECU,Santa Elena province,2,38,53,-2.2230981842105266,-80.87774602631579,Los Choneros - Los Lagartos,1.0
ECU,Santo Domingo de los Tsáchilas province,2,5,68,-0.24439000000000002,-79.13899,Los Choneros - Los Lobos; Los Lobos  - R7,1.0
ECU,Sucumbíos province,1,3,52,0.4758880000000001,-77.43516100000001,Colombia: Government,0.896551724137931
ECU,Sucumbíos province,4,1,3,0.64631,-77.513945,Government of Colombia - Civilians,0.05172413793103448
ECU,Sucumbíos province,5,1,3,0.25028,-76.81917,AUC - Civilians,0.05172413793103448
EGY,Al Buḩayrah governorate,1,3,9,30.54595,30.19833,Egypt: Government,0.9
EGY,Al Buḩayrah governorate,2,1,1,31.034084,30.468233,Opponents of Morsi - Supporters of Morsi,0.1
EGY,Al Minya governorate,1,90,233,28.118774166666668,30.750775522222224,Egypt: Government; Egypt: Islamic State,0.6418732782369146
EGY,Al Minya governorate,2,9,14,27.998770111111114,30.65418633333333,Copts (Egypt) - Muslims (Egypt); Opponents of Morsi - Supporters of Morsi,0.03856749311294766
EGY,Al Minya governorate,4,1,2,28.1,30.0,Government of Egypt - Civilians,0.005509641873278237
EGY,Al Minya governorate,5,57,114,27.97144596491228,30.77080959649123,IS - Civilians; al-Gama'a al-Islamiyya - Civilians,0.3140495867768595
EGY,Al Wādī al Jadīd governorate,1,2,35,25.590062,29.8262115,Egypt: Government,1.0
EGY,Alexandria governorate,1,5,9,31.1532134,29.8749274,Egypt: Government,0.10588235294117647
EGY,Alexandria governorate,2,18,55,31.215645000000002,29.955266,Copts (Egypt) - Muslims (Egypt); Opponents of Morsi - Supporters of Morsi,0.6470588235294118
EGY,Alexandria governorate,4,1,3,31.215645,29.955266,Government of Egypt - Civilians,0.03529411764705882
EGY,Alexandria governorate,5,1,18,31.215645,29.955266,IS - Civilians,0.21176470588235294
EGY,Ash Sharqīyah governorate,1,2,6,30.7477735,31.922065000000003,Egypt: Islamic State,0.5454545454545454
EGY,Ash Sharqīyah governorate,2,2,5,30.643838,31.6509985,Opponents of Morsi - Supporters of Morsi,0.45454545454545453
EGY,Assiut governorate,1,5,22,27.198584999999998,31.119243,Egypt: Government; Egypt: Islamic State,0.7857142857142857
EGY,Assiut governorate,2,3,6,27.187303999999997,31.155788666666666,Opponents of Morsi - Supporters of Morsi,0.21428571428571427
EGY,Assiut governorate,1,87,210,27.346123149425285,31.031741988505747,Egypt: Government,0.8433734939759037
EGY,Assiut governorate,4,3,4,27.142859666666666,31.239122,Government of Egypt - Civilians,0.01606425702811245
EGY,Assiut governorate,5,35,35,27.57075717142857,30.906160685714283,al-Gama'a al-Islamiyya - Civilians,0.14056224899598393
EGY,Aswan governorate,1,6,22,24.234027833333332,32.893518666666665,Egypt: Government,0.43137254901960786
EGY,Aswan governorate,2,4,28,23.890625,32.89916675,Bani Hilal - Nubian Dabudiya,0.5490196078431373
EGY,Aswan governorate,4,1,1,24.35459,32.916372,Government of Egypt - Civilians,0.0196078431372549
EGY,Beni Suef governorate,1,7,12,29.053968285714287,31.049206142857145,Egypt: Government,0.75
EGY,Beni Suef governorate,2,3,4,29.016272666666666,30.931898666666665,Opponents of Morsi - Supporters of Morsi,0.25
EGY,Cairo governorate,1,50,163,30.02397326,31.239905739999998,Egypt: Government; Egypt: Islamic State,0.41687979539641945
EGY,Cairo governorate,2,16,83,30.05,31.25,Copts (Egypt) - Muslims (Egypt); Opponents of Morsi - Supporters of Morsi,0.21227621483375958
EGY,Cairo governorate,4,11,98,30.05406527272727,31.284547818181817,Government of Egypt - Civilians,0.2506393861892583
EGY,Cairo governorate,5,3,47,30.05,31.25,IS - Civilians; al-Gama'a al-Islamiyya - Civilians,0.12020460358056266
EGY,Central Sinai governorate,1,19,257,29.900000000000002,33.7,Egypt: Islamic State,0.9625468164794008
EGY,Central Sinai governorate,5,2,10,29.9,33.7,IS - Civilians,0.03745318352059925
EGY,Dakahlia governorate,1,1,1,31.242271,31.58997,Egypt: Government,0.0625
EGY,Dakahlia governorate,2,4,13,30.99456975,31.421973,Copts (Egypt) - Muslims (Egypt); Opponents of Morsi - Supporters of Morsi,0.8125
EGY,Dakahlia governorate,4,1,2,31.036373,31.380691,Government of Egypt - Civilians,0.125
EGY,Damietta governorate,1,1,1,31.377108,31.799496,Egypt: Government,0.08333333333333333
EGY,Damietta governorate,2,3,3,31.41222666666667,31.787413,Opponents of Morsi - Supporters of Morsi,0.25
EGY,Damietta governorate,4,1,8,31.416477,31.813316,Government of Egypt - Civilians,0.6666666666666666
EGY,El Minya governorate,2,2,2,28.056144,30.672295,Copts (Egypt) - Muslims (Egypt),1.0
EGY,Fayoum governorate,1,7,25,29.288875142857144,30.727950857142854,Egypt: Government,0.8928571428571429
EGY,Fayoum governorate,2,2,3,29.309949,30.841804,Opponents of Morsi - Supporters of Morsi,0.10714285714285714
EGY,Gharbia governorate,1,2,3,30.8455555,30.999028,Egypt: Government,0.09375
EGY,Gharbia governorate,5,1,29,30.791111,30.998056,IS - Civilians,0.90625
EGY,Giza governorate,1,10,54,29.947081500000003,31.0496081,Egypt: Government; Egypt: Islamic State,0.9473684210526315
EGY,Giza governorate,2,2,3,29.707789499999997,31.2317155,Copts (Egypt) - Muslims (Egypt); Opponents of Morsi - Supporters of Morsi,0.05263157894736842
EGY,Ismailia governorate,1,5,35,30.7058096,32.2900712,Egypt: Government; Egypt: Islamic State,0.7777777777777778
EGY,Ismailia governorate,2,2,5,30.574254,32.031131,Opponents of Morsi - Supporters of Morsi,0.1111111111111111
EGY,Ismailia governorate,4,1,5,30.604272,32.272252,Government of Egypt - Civilians,0.1111111111111111
EGY,Kafr ash Shaykh governorate,4,1,1,31.554444,31.090278,Government of Egypt - Civilians,1.0
EGY,Luxor governorate,2,1,1,25.583492,32.49585,Copts (Egypt) - Muslims (Egypt),0.5
EGY,Luxor governorate,4,1,1,25.680833,32.630833,Government of Egypt - Civilians,0.5
EGY,Maţrūḩ governorate,4,1,1,31.61166,25.92539,Government of Egypt - Civilians,1.0
EGY,North Sinai governorate,1,524,3171,31.046767541984735,33.82474311832061,Egypt: Government; Egypt: Islamic State; Israel: Palestine,0.8393329804129169
EGY,North Sinai governorate,4,1,2,31.287806,34.238071,Government of Egypt - Civilians,0.0005293806246691371
EGY,North Sinai governorate,5,45,605,30.984661199999998,33.63457464444445,IS - Civilians,0.16013763896241398
EGY,Port Said governorate,2,4,78,31.256541,32.284115,Opponents of Morsi - Supporters of Morsi; Supporters of al-Ahly football team  - Supporters of al-Masry football team,0.9629629629629629
EGY,Port Said governorate,4,1,3,31.256541,32.284115,Government of Egypt - Civilians,0.037037037037037035
EGY,Qalyubia governorate,1,6,27,30.256466,31.3025765,Egypt: Government,0.7297297297297297
EGY,Qalyubia governorate,2,4,10,30.166076,31.260308000000002,Copts (Egypt) - Muslims (Egypt); Opponents of Morsi - Supporters of Morsi,0.2702702702702703
EGY,Qena governorate,1,14,45,26.023955214285714,32.45034757142857,Egypt: Government; Egypt: Islamic State,0.42857142857142855
EGY,Qena governorate,2,1,0,25.847377,32.834237,Copts (Egypt) - Muslims (Egypt),0.0
EGY,Qena governorate,5,5,60,25.9489434,32.4022266,al-Gama'a al-Islamiyya - Civilians,0.5714285714285714
EGY,Red Sea governorate,1,3,5,26.992222,31.415278,Egypt: Government,0.22727272727272727
EGY,Red Sea governorate,4,1,1,27.25738,33.81291,Government of Egypt - Civilians,0.045454545454545456
EGY,Red Sea governorate,5,4,16,27.120822750000002,32.6216065,IS - Civilians; al-Gama'a al-Islamiyya - Civilians,0.7272727272727273
EGY,Sohag governorate,1,15,30,26.605356133333334,31.671167066666666,Egypt: Government,0.8823529411764706
EGY,Sohag governorate,2,1,3,26.235684,32.00347,Copts (Egypt) - Muslims (Egypt),0.08823529411764706
EGY,Sohag governorate,5,2,1,26.5310855,31.7416665,al-Gama'a al-Islamiyya - Civilians,0.029411764705882353
EGY,South Sinai governorate,1,7,12,28.716624857142858,33.66249628571428,Egypt: Government; Egypt: Islamic State,0.08955223880597014
EGY,South Sinai governorate,5,3,122,28.79685166666667,34.613704,Tawhid wal Jihad - Civilians,0.9104477611940298
EGY,Suez governorate,1,1,2,29.966667,32.55,Egypt: Government,0.09090909090909091
EGY,Suez governorate,2,5,6,29.973714,32.526267,Opponents of Morsi - Supporters of Morsi,0.2727272727272727
EGY,Suez governorate,4,3,14,29.973714,32.526267,Government of Egypt - Civilians,0.6363636363636364
ERI,Anseba region,1,4,18,16.132361,37.9881945,Eritrea: Government,1.0
ERI,Anseba region,4,1,0,15.777778,38.458056,Government of Eritrea - Civilians,0.0
ERI,Debub region,1,7,3059,14.6241,39.13990185714285,Eritrea - Ethiopia,1.0
ERI,Gash-Barka region,1,24,16002,14.955833583333332,37.49225679166667,Eritrea - Ethiopia; Eritrea: Government; Ethiopia: Government,1.0
ERI,Gash-Setit province,1,1,2,15.113889,37.592778,Eritrea: Government,1.0
ERI,Maekel region,1,1,4,15.333333,38.933333,Eritrea - Ethiopia,1.0
ERI,Maekel region,4,3,0,15.333333000000001,38.927777666666664,Government of Eritrea - Civilians,0.0
ERI,Northern Red Sea region,1,2,2,15.344583,39.5955555,Eritrea - Ethiopia,1.0
ERI,Southern Red Sea region,4,1,0,14.7,40.9,Government of Eritrea - Civilians,0.0
ESP,Andalucía autonomous community,1,8,12,37.28305275,-4.742999375,Spain: Basque,1.0
ESP,Aragón autonomous community,1,2,3,42.208290000000005,-0.6096705,Spain: Basque,1.0
ESP,Cantabria autonomous community,1,2,4,43.45429,-3.631005,Spain: Basque,1.0
ESP,Castilla y León autonomous community,1,2,2,41.784425,-5.6171,Spain: Basque,1.0
ESP,Cataluña autonomous community,1,13,29,41.56453161538461,2.2478166923076923,Spain: Basque,0.6170212765957447
ESP,Cataluña autonomous community,2,1,2,41.07663,1.14163,DZ Mafia - Yoda,0.0425531914893617
ESP,Cataluña autonomous community,5,3,16,41.288903999999995,1.8025633333333335,IS - Civilians,0.3404255319148936
ESP,Community of Madrid,1,26,51,40.4213023076923,-3.719149423076923,Spain: Basque,0.21074380165289255
ESP,Community of Madrid,5,1,191,40.412752,-3.707721,GICM - Civilians,0.7892561983471075
ESP,Islas Baleares autonomous community,1,1,2,39.5247,2.53922,Spain: Basque,1.0
ESP,Navarra autonomous community,1,8,11,42.8919875,-1.6377703750000001,Spain: Basque,1.0
ESP,País Vasco autonomous community,1,76,88,43.25868093421053,-2.455930302631579,Spain: Basque,1.0
ESP,Region of Murcia,1,1,1,37.987041,-1.130042,Spain: Basque,1.0
ESP,Valenciana autonomous community,1,4,6,38.885466,-0.43412300000000004,Spain: Basque,1.0
ETH,Addis Ababa Chartered city,1,13,19,9.02497,38.74689,Egypt: Government; Ethiopia: Amhara; Ethiopia: Government/Amhara,0.21839080459770116
ETH,Addis Ababa Chartered city,2,6,45,9.02497,38.74689,"Amhara - Oromo; Amhara, Guraghe - Oromo; Oromo - Dorze, Gamo, Guraghe, Silt'e, Wolayta",0.5172413793103449
ETH,Addis Ababa Chartered city,4,17,23,9.02497,38.74689,Government of Ethiopia - Civilians,0.26436781609195403
ETH,Afar state,1,89,742,12.96154648314607,40.07149380898877,Ethiopia: Afar; Ethiopia: Government,0.5921787709497207
ETH,Afar state,2,14,189,10.519169785714286,40.83477271428571,Afar - Issa (Dir); Afar - Kereyou; Afar - Oromo,0.15083798882681565
ETH,Afar state,4,4,288,12.827204250000001,40.8210515,"Government of Eritrea - Civilians; Government of Eritrea, Government of Ethiopia - Civilians; Government of Ethiopia - Civilians",0.2298483639265762
ETH,Afar state,5,6,34,12.956859166666668,39.98042816666666,TPLF - Civilians,0.02713487629688747
ETH,Amhara state,1,1135,11386,11.316406162114538,38.31574042202644,Ethiopia: Amhara; Ethiopia: Government; Ethiopia: Government/Amhara,0.8365907421013961
ETH,Amhara state,2,24,457,11.675939666666666,38.053285124999995,AFNF - AFPO; Afar - Oromo; Amhara - Gumuz,0.033578251285819254
ETH,Amhara state,4,117,1040,11.204112333333335,38.51156825641026,Government of Ethiopia - Civilians,0.07641440117560618
ETH,Amhara state,5,94,727,11.375918340425534,38.7346090212766,Fano - Civilians; OLA - Civilians; TPLF - Civilians,0.05341660543717854
ETH,Bale province,1,4,0,6.79583575,39.8374975,Ethiopia: Oromiya,0.0
ETH,Begemder province,1,19,7771,12.28983947368421,37.846304315789475,Ethiopia: Government,1.0
ETH,Benishangul-Gumuz state,1,13,42,10.623546846153847,35.90488823076923,Ethiopia: Government/Amhara; Ethiopia: Oromiya,0.051407588739290085
ETH,Benishangul-Gumuz state,2,22,636,10.394048863636364,35.941205545454544,"Agaw, Amhara - Gumuz; Agaw, Amhara, Shinasha - Gumuz; Amhara - Gumuz",0.7784577723378213
ETH,Benishangul-Gumuz state,4,16,45,10.5560826875,35.563171312499996,Government of Ethiopia - Civilians,0.05507955936352509
ETH,Benishangul-Gumuz state,5,11,94,10.250145,36.12011390909091,Fano - Civilians; OLA - Civilians,0.11505507955936352
ETH,Central Ethiopia regional state,2,3,44,7.730769666666666,38.31412266666667,Guraghe - Mareqo,1.0
ETH,Dire Dawa Chartered City state,1,8,45,9.5898025,41.88459625,Ethiopia: Oromiya,0.5769230769230769
ETH,Dire Dawa Chartered City state,2,5,22,9.59306,41.86611,Amhara - Oromo; Oromo - Somali,0.28205128205128205
ETH,Dire Dawa Chartered City state,4,5,11,9.59306,41.86611,Government of Ethiopia - Civilians,0.14102564102564102
ETH,Dire Dawa Chartered city,1,1,2,9.61889,41.78417,Ethiopia: Oromiya,1.0
ETH,Eritrea province,1,50,42576,15.231128120000001,39.09964864,Ethiopia: Eritrea; Ethiopia: Government,0.9822359617957828
ETH,Eritrea province,4,17,770,15.257626529411763,38.93533564705882,Government of Ethiopia - Civilians,0.01776403820421723
ETH,Gambella state,1,11,54,8.022326,34.580282818181814,Ethiopia: Government; Ethiopia: Oromiya; Sudan: Government,0.02666666666666667
ETH,Gambella state,2,64,1165,8.023583953125,34.33383428125,Anuak - Dinka; Anuak - Highlanders; Anuak - Nuer,0.5753086419753086
ETH,Gambella state,4,45,806,7.7019521555555555,34.41022508888889,Government of Ethiopia - Civilians,0.3980246913580247
ETH,Gamu-Gofa province,2,6,377,5.181659333333333,36.45708666666667,Arbore - Borana; Ari - Mursi; Dassanetch - Turkana,1.0
ETH,Gojjam province,1,2,716,10.883333,37.758333,Ethiopia: Government,0.9144316730523627
ETH,Gojjam province,4,3,67,11.111111,37.866666333333335,Government of Ethiopia - Civilians,0.08556832694763729
ETH,Hararghe province,1,24,815,8.911740833333333,42.19634229166667,Ethiopia: Government; Ethiopia: Hararghe; Ethiopia: Ogaden,0.8367556468172485
ETH,Hararghe province,2,3,133,9.455893999999999,42.442054,Amhara - Oromo; Oromo - Somali; Rer Liban subclan of Habr Awal (Issaq) - Rer Samatar subclan of Habr Awal (Issaq),0.13655030800821355
ETH,Hararghe province,4,1,26,9.569333,42.288842,Government of Ethiopia - Civilians,0.026694045174537988
ETH,Harari state,1,8,0,9.30944,42.12583,Ethiopia: Ogaden; Ethiopia: Oromiya,0.0
ETH,Harari state,2,1,1,9.30944,42.12583,"Amhara, Guraghe - Oromo",0.125
ETH,Harari state,4,4,7,9.3016625,42.1396885,Government of Ethiopia - Civilians,0.875
ETH,Illubabor province,5,1,120,7.75,34.5,SPLM/A - Civilians,1.0
ETH,Kaffa province,2,8,155,6.44615175,36.065491625,Dizi   - Suri,1.0
ETH,Oromiya state,1,1604,3083,8.154673667705735,38.45613837593516,Ethiopia: Government/Amhara; Ethiopia: Ogaden; Ethiopia: Oromiya,0.3272823779193206
ETH,Oromiya state,2,162,3377,6.6495510617283955,38.94450797530864,Afar - Kereyou; Afar - Oromo; Ajuran - Garre,0.3584925690021231
ETH,Oromiya state,4,1033,1939,8.612654665053242,37.61841029622459,Government of Ethiopia - Civilians,0.20583864118895967
ETH,Oromiya state,5,184,1021,9.293375907608695,37.59940747826087,Fano - Civilians; OLA - Civilians; OLA - Fekade Abdisa faction - Civilians,0.1083864118895966
ETH,SNNP state,1,5,30,6.1752686,38.1841972,Ethiopia: Oromiya,0.02664298401420959
ETH,SNNP state,2,70,814,5.8161574571428565,36.21099051428571,Ale - Konso; Ari - Mursi; Burji - Guji,0.7229129662522202
ETH,SNNP state,4,27,276,6.608748444444444,37.209898851851854,Government of Ethiopia - Civilians; Government of Kenya - Civilians,0.24511545293072823
ETH,SNNP state,5,3,6,5.738053333333333,37.84482,OLA - Civilians,0.0053285968028419185
ETH,Shewa province,1,25,8774,9.68130408,39.08111552,Ethiopia: Government,0.9753223654957759
ETH,Shewa province,4,3,222,9.19998,39.29792666666666,Government of Ethiopia - Civilians,0.0246776345042241
ETH,Sidamo province,2,7,436,4.762260857142857,38.71904757142857,"Borana - Degodia; Borana - Gabra; Borana - Gabra, Garre",1.0
ETH,Somali state,1,704,1593,7.358302015625,43.71127391903409,Ethiopia: Ogaden; Ethiopia: Oromiya; Somalia: Government,0.5084583466326205
ETH,Somali state,2,23,1180,6.622529130434783,42.70208404347826,Afar - Somali; Al-Shabaab - ONLF; Bi'idyahan subclan of Majerteen clan (Darod) - Ismail subclan of Makahil clan (Darod),0.3766358123204596
ETH,Somali state,4,54,276,7.699855148148147,43.702087222222225,Government of Eritrea - Civilians; Government of Ethiopia - Civilians,0.08809447813597192
ETH,Somali state,5,5,84,7.647412,43.9109634,ONLF - Civilians,0.02681136291094797
ETH,South Ethiopia regional state,2,10,21,5.3178052,36.988937,Amaro - Guji; Dassanetch - Turkana,1.0
ETH,Tigray province,1,22,11565,13.640446590909091,39.06264536363636,Ethiopia: Eritrea; Ethiopia: Government,1.0
ETH,Tigray state,1,414,32398,13.751892553140097,38.849034437198064,Eritrea - Ethiopia; Ethiopia: Government; Ethiopia: Government/Amhara,0.8130395502911062
ETH,Tigray state,4,332,7087,13.929276792168675,38.767773478915664,"Government of Eritrea - Civilians; Government of Eritrea, Government of Ethiopia - Civilians; Government of Ethiopia - Civilians",0.17785083316603092
ETH,Tigray state,5,17,363,13.487064647058824,38.34154164705882,Fano - Civilians; TPLF - Civilians,0.009109616542862879
ETH,Welega province,1,23,933,9.49427447826087,35.3736722173913,Ethiopia: Government; Ethiopia: Oromiya,0.9904458598726115
ETH,Welega province,4,3,9,9.427775333333335,36.138888666666666,Government of Ethiopia - Civilians,0.009554140127388535
ETH,Wollo province,1,32,13221,11.39324528125,39.55268303125,Ethiopia: Government,0.9986403806934059
ETH,Wollo province,4,2,18,11.1333315,39.6333315,Government of Ethiopia - Civilians,0.0013596193065941536
FRA,Alsace-Champagne-Ardenne-Lorraine region,1,1,1,48.573299,7.752258,Iraq: Government,0.16666666666666666
FRA,Alsace-Champagne-Ardenne-Lorraine region,5,1,5,48.573299,7.752258,IS - Civilians,0.8333333333333334
FRA,Aquitaine region,1,1,2,43.642165,-1.428158,Spain: Basque,1.0
FRA,Midi-Pyrénées region,5,1,4,43.599516,1.433188,al-Qaida  - Civilians,1.0
FRA,Normandie region,5,1,1,49.377941,1.104673,IS - Civilians,1.0
FRA,Occitanie region,1,1,2,43.21064,2.44165,Iraq: Government,0.4
FRA,Occitanie region,5,2,3,43.212075,2.396635,IS - Civilians,0.6
FRA,Provence-Alpes-Côte d’Azur region,2,44,50,43.294211,5.377564,DZ Mafia - Yoda,0.36764705882352944
FRA,Provence-Alpes-Côte d’Azur region,5,1,86,43.713644,7.25952,IS - Civilians,0.6323529411764706
FRA,Île-de-France region,1,6,6,48.851244,2.280746,Iraq: Government; Israel: Palestine; Sri Lanka (Ceylon): Eelam,0.0410958904109589
FRA,Île-de-France region,5,4,140,48.866667,2.333333,GIA - Civilians; IS - Civilians,0.958904109589041
GBR,England,1,8,19,51.86040375,-0.25694125,Iraq: Government; United Kingdom: Northern Ireland,0.2602739726027397
GBR,England,5,2,54,51.50853,-0.12574,IS - Civilians; al-Qaida  - Civilians,0.7397260273972602
GBR,Northern Ireland,1,102,160,54.49817887254901,-6.570372176470588,United Kingdom: Northern Ireland,0.6153846153846154
GBR,Northern Ireland,5,86,100,54.60414313953488,-5.983787093023255,UDA - Civilians,0.38461538461538464
GEO,Abkhazia region,1,131,2057,42.99570526717557,41.16258490076336,Georgia: Abkhazia,0.9269941415051826
GEO,Abkhazia region,2,8,64,42.762520875,41.504436625,"Forest Brothers, White Legion - Republic of Abkhazia; Republic of Abkhazia - White Legion",0.028841820639927896
GEO,Abkhazia region,5,5,98,42.928967,41.239964400000005,Republic of Abkhazia - Civilians,0.04416403785488959
GEO,Guria region,1,12,91,41.99598225,41.92354641666667,Georgia: Abkhazia; Georgia: Government,1.0
GEO,Imereti region,1,7,67,42.20689671428572,42.388488714285714,Georgia: Government,1.0
GEO,Kakheti region,1,1,0,42.167163,45.136394,Russia (Soviet Union): Chechnya,0.0
GEO,Kvemo Kartli region,1,2,0,41.329804,44.2073,Georgia: South Ossetia,0.0
GEO,Racha-Lochkhumi-Kvemo Svaneti region,1,1,0,42.649722,42.759722,Georgia: Abkhazia,0.0
GEO,Samegrelo-Zemo Svaneti rerion,1,26,123,42.27297896153846,41.87889919230769,Georgia: Abkhazia; Georgia: Government,1.0
GEO,Samegrelo-Zemo Svaneti rerion,5,2,0,42.230011000000005,41.788184,Republic of Abkhazia - Civilians,0.0
GEO,Shida Kartli region,1,10,33,42.2178968,43.9733064,Georgia: South Ossetia,0.9705882352941176
GEO,Shida Kartli region,4,1,1,42.11458,44.24299,Government of Russia (Soviet Union) - Civilians,0.029411764705882353
GEO,South Ossetia,1,23,131,42.255480999999996,43.97776352173913,Georgia: Government; Georgia: South Ossetia,1.0
GEO,Tbilisi region,1,9,61,41.716667,44.783333,Georgia: Government,1.0
GHA,Ashanti region,2,2,0,6.7986555,-1.6411280000000001,Kusasi - Mamprusi,0.0
GHA,North East region,2,4,14,10.337811250000001,-0.80306425,Kusasi - Mamprusi,1.0
GHA,Northern region,2,23,2290,9.029076565217391,-0.3328986086956522,"Abudu  - Andani; Dagomba, Gonja, Nanumba - Konkomba; Gonja - Konkomba, Nawuri",1.0
GHA,Savannah region,2,3,31,9.087516666666668,-2.367043333333333,Birifor  - Gonja,1.0
GHA,Upper East region,2,47,258,11.029304765957448,-0.2713305319148936,Kusasi - Mamprusi,1.0
GIN,Bok region,4,1,1,10.65,-14.616667,Government of Guinea - Civilians,1.0
GIN,Conakry region,4,20,201,9.515375299999999,-13.70494425,Government of Guinea - Civilians,1.0
GIN,Faranah region,1,2,34,9.183333,-10.1,Guinea: Government,0.7555555555555555
GIN,Faranah region,4,3,5,9.466666333333334,-10.311110999999999,Government of Guinea - Civilians,0.1111111111111111
GIN,Faranah region,5,3,6,9.272223333333335,-10.544446666666666,AFRC - Civilians; RUF - Civilians,0.13333333333333333
GIN,Kankan region,4,3,6,11.072222333333334,-9.211111333333333,Government of Guinea - Civilians,1.0
GIN,Kindia region,1,6,10,9.4777775,-12.769444499999999,Guinea: Government,0.30303030303030304
GIN,Kindia region,4,2,10,10.491666500000001,-12.916666500000002,Government of Guinea - Civilians,0.30303030303030304
GIN,Kindia region,5,2,13,9.400001499999998,-12.9166665,RUF - Civilians,0.3939393939393939
GIN,Labé region,4,2,4,11.316667,-12.283333,Government of Guinea - Civilians,1.0
GIN,Mamou region,1,1,4,9.966667,-12.083333,Guinea: Government,0.6666666666666666
GIN,Mamou region,4,2,2,10.537500000000001,-12.1666665,Government of Guinea - Civilians,0.3333333333333333
GIN,Nzerekore region,1,15,599,8.524892133333333,-9.640182000000001,Guinea: Government,0.7038777908343126
GIN,Nzerekore region,2,9,204,8.063483666666666,-9.158568333333333,"Konianke - Kpelle; Kpelle - Konianke, Malinké; Kpelle - Malinké",0.23971797884841364
GIN,Nzerekore region,4,4,8,8.08256,-9.142148,Government of Guinea - Civilians,0.009400705052878966
GIN,Nzerekore region,5,5,40,8.554168,-9.990388,RUF - Civilians; ULIMO - K - Civilians,0.04700352526439483
GMB,Banjul region,4,1,1,13.453056,-16.5775,Government of Gambia - Civilians,1.0
GMB,West Coast division,4,2,2,13.2289025,-16.324779,Government of Gambia - Civilians; Government of Senegal - Civilians,1.0
GMB,Western division,4,1,8,13.385217,-16.752873,Government of Gambia - Civilians,1.0
GNB,Bafata region,1,1,0,12.166667,-14.666667,Guinea-Bissau: Government,0.0
GNB,Biombo region,1,1,10,11.883333,-15.65,Guinea-Bissau: Government,1.0
GNB,Cacheu region,1,2,102,12.403611,-15.999028,Guinea-Bissau: Government; Senegal: Casamance,1.0
GNB,Gabu region,1,1,0,12.433333,-14.2,Guinea-Bissau: Government,0.0
GNB,Oio region,1,3,101,12.326481333333334,-15.189722333333334,Guinea-Bissau: Government; Senegal: Casamance,1.0
GNB,Sector Autonomo de Bissau region,1,12,475,11.851388916666666,-15.587499666666666,Guinea-Bissau: Government,1.0
GTM,Alta Verapaz department,1,12,14,15.864378916666666,-89.969667,Guatemala: Government,0.42424242424242425
GTM,Alta Verapaz department,4,5,19,15.614847600000001,-90.03257140000001,Government of Guatemala - Civilians,0.5757575757575758
GTM,Baja Verapaz department,4,6,9,15.110537666666666,-90.34751316666666,Government of Guatemala - Civilians,1.0
GTM,Chimaltenango departmant,1,4,3,14.6407955,-90.96323975,Guatemala: Government,0.25
GTM,Chimaltenango departmant,4,4,7,14.623888,-90.93020824999999,Government of Guatemala - Civilians,0.5833333333333334
GTM,Chimaltenango departmant,5,1,2,14.607778,-90.803056,MS-13 - Civilians,0.16666666666666666
GTM,Chiquimula department,4,1,1,14.706695,-89.225027,Government of Guatemala - Civilians,0.5
GTM,Chiquimula department,5,1,1,14.66667,-89.41667,M18 - Civilians,0.5
GTM,El Petén department,1,13,15,16.720242307692306,-90.17004015384616,Guatemala: Government,0.3
GTM,El Petén department,4,5,8,16.568244,-89.969712,Government of Guatemala - Civilians,0.16
GTM,El Petén department,5,2,27,16.8083315,-90.0583335,Los Zetas - Civilians,0.54
GTM,Escuintla department,1,15,16,14.252975066666666,-90.94494933333334,Guatemala: Government,0.22857142857142856
GTM,Escuintla department,2,3,41,14.295445999999998,-90.97752466666667,M18 - MS-13,0.5857142857142857
GTM,Escuintla department,4,2,12,14.319165,-90.900835,Government of Guatemala - Civilians,0.17142857142857143
GTM,Escuintla department,5,1,1,14.4,-90.7,M18 - Civilians,0.014285714285714285
GTM,Guatemala department,1,6,9,14.613333000000003,-90.535278,Guatemala: Government,0.034220532319391636
GTM,Guatemala department,2,26,105,14.676441692307693,-90.48874950000001,M18 - MS-13,0.39923954372623577
GTM,Guatemala department,4,40,63,14.600289800000002,-90.5391383,Government of Guatemala - Civilians,0.23954372623574144
GTM,Guatemala department,5,46,86,14.604673869565218,-90.55438686956522,M18 - Civilians; MS-13 - Civilians,0.3269961977186312
GTM,Huehuetenango department,1,11,29,15.756105454545455,-91.66775327272727,Guatemala: Government,0.3411764705882353
GTM,Huehuetenango department,2,6,27,15.758298166666668,-91.76818583333333,Gulf Cartel - Sinaloa Cartel; Jalisco Cartel New Generation - Sinaloa Cartel; M18 - MS-13,0.3176470588235294
GTM,Huehuetenango department,4,15,29,15.513084066666666,-91.68590246666668,Government of Guatemala - Civilians,0.3411764705882353
GTM,Izabal department,1,2,4,15.525,-88.9,Guatemala: Government,0.5
GTM,Izabal department,4,3,4,15.559756666666667,-89.19934666666666,Government of Guatemala - Civilians,0.5
GTM,Petén department,1,10,12,16.5700006,-90.1766687,Guatemala: Government,0.5
GTM,Petén department,4,8,12,16.559739125,-89.814889625,Government of Guatemala - Civilians,0.5
GTM,Quetzaltenango department,1,10,12,14.80225,-91.63881169999999,Guatemala: Government,0.6
GTM,Quetzaltenango department,2,3,6,14.733334333333334,-91.688888,M18 - MS-13,0.3
GTM,Quetzaltenango department,4,2,2,14.825001499999999,-91.58333350000001,Government of Guatemala - Civilians,0.1
GTM,Quiché department,1,105,147,15.790877285714286,-90.94642131428571,Guatemala: Government,0.6837209302325581
GTM,Quiché department,4,40,68,15.457358925,-90.987179425,Government of Guatemala - Civilians,0.31627906976744186
GTM,Retalhuleu department,1,4,4,14.6358775,-91.6429725,Guatemala: Government,0.4
GTM,Retalhuleu department,4,2,6,14.433335,-91.7499985,Government of Guatemala - Civilians,0.6
GTM,Sacatepéquez department,1,3,5,14.521666666666667,-90.74766666666666,Guatemala: Government,0.7142857142857143
GTM,Sacatepéquez department,2,1,1,14.533333,-90.716667,M18 - MS-13,0.14285714285714285
GTM,Sacatepéquez department,5,1,1,14.58333,-90.75,M18 - Civilians,0.14285714285714285
GTM,San Marcos department,1,32,66,14.94443709375,-91.90339375,Guatemala: Government,0.7252747252747253
GTM,San Marcos department,2,1,1,15.36692,-92.102557,Jalisco Cartel New Generation - Sinaloa Cartel,0.01098901098901099
GTM,San Marcos department,4,19,24,14.916112578947368,-91.94883357894737,Government of Guatemala - Civilians,0.26373626373626374
GTM,Santa Rosa department,1,8,14,14.132597375,-90.36693975,Guatemala: Government,0.6363636363636364
GTM,Santa Rosa department,4,5,5,14.195794000000001,-90.439022,Government of Guatemala - Civilians,0.22727272727272727
GTM,Santa Rosa department,5,2,3,14.3152445,-90.38277500000001,M18 - Civilians; MS-13 - Civilians,0.13636363636363635
GTM,Sololá department,1,11,14,14.643481000000001,-91.2034850909091,Guatemala: Government,0.30434782608695654
GTM,Sololá department,4,16,32,14.6651954375,-91.2035058125,Government of Guatemala - Civilians,0.6956521739130435
GTM,Suchitepéquez department,1,2,2,14.390419999999999,-91.37522999999999,Guatemala: Government,0.4
GTM,Suchitepéquez department,4,2,2,14.283335000000001,-91.393335,Government of Guatemala - Civilians,0.4
GTM,Suchitepéquez department,5,1,1,14.534959,-91.501534,M18 - Civilians,0.2
GTM,Totonicapán department,1,5,5,15.059945199999998,-91.295944,Guatemala: Government,0.5555555555555556
GTM,Totonicapán department,4,3,4,15.056482666666668,-91.32555400000001,Government of Guatemala - Civilians,0.4444444444444444
GTM,Zacapa department,2,1,11,14.98333,-89.71667,Gulf Cartel - Sinaloa Cartel,1.0
GUY,Cuyuni-Mazaruni region,5,1,9,6.404321,-58.625825,Buxton gang - Civilians,1.0
GUY,Demerara-Mahaica region,5,1,12,6.792893,-58.044561,Buxton gang - Civilians,1.0
GUY,Upper Demerara-Berbice,5,1,8,4.8,-58.24,Buxton gang - Civilians,1.0
HND,Atlántida department,2,7,41,15.735549571428573,-87.05633271428572,M18 - MS-13,0.9318181818181818
HND,Atlántida department,5,4,3,15.75667925,-86.81047975000001,M18 - Civilians; MS-13 - Civilians,0.06818181818181818
HND,Choluteca department,5,1,2,15.586575,-86.126006,M18 - Civilians,1.0
HND,Copán department,2,1,7,14.8,-88.78333,M18 - MS-13,1.0
HND,Cortés department,2,59,218,15.529034559322033,-87.98538508474576,M18 - MS-13,0.7009646302250804
HND,Cortés department,5,24,93,15.53488575,-88.00338083333334,M18 - Civilians; MS-13 - Civilians,0.2990353697749196
HND,El Paraíso department,2,1,5,14.11667,-86.86667,M18 - MS-13,0.8333333333333334
HND,El Paraíso department,5,1,1,13.866777,-86.550125,M18 - Civilians,0.16666666666666666
HND,Francisco Morazán department,2,12,85,14.120671333333334,-87.26469783333334,Gulf Cartel - Sinaloa Cartel; M18 - MS-13,0.6640625
HND,Francisco Morazán department,5,24,43,14.102822708333333,-87.20740558333334,M18 - Civilians; MS-13 - Civilians,0.3359375
HND,Islas de la Bahía department,5,1,4,16.322287,-86.537488,MS-13 - Civilians,1.0
HND,Lempira department,2,1,1,14.588068,-88.586539,M18 - MS-13,1.0
HND,Santa Bárbara department,2,1,1,15.06809,-88.22311,M18 - MS-13,1.0
HND,Yoro department,2,1,0,15.4,-87.8,M18 - MS-13,0.0
HND,Yoro department,5,2,2,15.3622625,-87.6994625,M18 - Civilians; MS-13 - Civilians,1.0
HRV,Brod-Posavina county,1,33,167,45.22108927272727,17.409524878787877,Bosnia-Herzegovina: Serb; Croatia: Serb,0.755656108597285
HRV,Brod-Posavina county,4,4,54,45.267378,17.25405825,Government of Croatia - Civilians,0.24434389140271492
HRV,Dubrovnik-Neretva county,1,7,12,42.650556,18.091389,Croatia: Serb,1.0
HRV,Grad Zagreb,1,4,12,45.8,16.0,Croatia: Serb,1.0
HRV,Karlovac county,1,7,29,45.38135928571428,15.567342142857143,Bosnia-Herzegovina: Bihaca Krajina; Croatia: Serb,0.9666666666666667
HRV,Karlovac county,4,1,1,45.323611,15.698611,Government of Croatia - Civilians,0.03333333333333333
HRV,Lika-Senj county,1,12,65,44.584609666666665,15.396327583333333,Croatia: Serb,0.7831325301204819
HRV,Lika-Senj county,4,1,18,44.456389,15.509722,Government of Croatia - Civilians,0.21686746987951808
HRV,Osijek-Baranja county,1,10,20,45.537580199999994,18.676338199999996,Croatia: Serb,1.0
HRV,Pozega-Slavonia county,1,1,4,45.436389,17.188889,Croatia: Serb,0.06896551724137931
HRV,Pozega-Slavonia county,4,1,54,45.436389,17.188889,Government of Croatia - Civilians,0.9310344827586207
HRV,Sibenik county,1,8,13,44.878958125000004,16.720208375,Croatia: Serb,1.0
HRV,Sibenik-Knin county,1,2,26,43.8625,16.155556,Croatia: Serb,0.6842105263157895
HRV,Sibenik-Knin county,4,1,12,43.960278,15.876667,Government of Croatia - Civilians,0.3157894736842105
HRV,Sisak-Moslavina county,1,7,14,45.39888985714286,16.584365285714288,Croatia: Serb,0.9333333333333333
HRV,Sisak-Moslavina county,4,2,1,45.337638999999996,16.540416999999998,Government of Croatia - Civilians,0.06666666666666667
HRV,Split-Dalmatia county,1,3,4,43.55546366666667,16.578424333333334,Croatia: Serb,0.2857142857142857
HRV,Split-Dalmatia county,4,1,10,43.513889,16.455833,Government of Croatia - Civilians,0.7142857142857143
HRV,Vukovar-Syrmia county,1,8,11,45.1893055,18.755694375,Croatia: Serb,1.0
HRV,Zadar-Knin county,1,28,203,44.05343242857143,15.68618042857143,Croatia: Serb,0.9311926605504587
HRV,Zadar-Knin county,4,2,15,44.0944445,15.723333499999999,Government of Croatia - Civilians,0.06880733944954129
HRV,Zadarska county,1,4,14,44.098402500000006,15.334861,Croatia: Serb,1.0
HTI,Centre department,1,10,84,18.8867327,-72.0693766,Haiti: Government,0.7368421052631579
HTI,Centre department,4,1,1,18.83455,-72.1048,Government of Haiti - Civilians,0.008771929824561403
HTI,Centre department,5,6,29,18.90127,-72.07975116666667,400 Mawozo  - Civilians; Viv Ansanm - Civilians,0.2543859649122807
HTI,L'Artibonite department,1,11,46,19.295461363636363,-72.64818481818182,Haiti: Government,0.07153965785381027
HTI,L'Artibonite department,4,7,70,19.17391057142857,-72.63784,Government of Haiti - Civilians,0.1088646967340591
HTI,L'Artibonite department,5,45,527,19.259766177777777,-72.58264460000001,Force Résistance Chandelle - Civilians; Gran Grif - Civilians; Kokorat sans ras - Civilians,0.8195956454121306
HTI,Nord department,1,1,10,19.76,-72.2,Haiti: Government,1.0
HTI,Nord-Ouest department,4,1,1,19.934889,-72.830869,Government of Haiti - Civilians,0.5
HTI,Nord-Ouest department,5,1,1,19.783333,-72.8,Kokorat sans ras - Civilians,0.5
HTI,Ouest department,1,133,1601,18.53394127819549,-72.33065771428572,Haiti: Government,0.34489444205084013
HTI,Ouest department,2,25,462,18.57330788,-72.31460376,400 Mawozo  - Kraze Baryè; G9 - G-Pep; Supporters of Jean-Bertrand Aristide - Supporters of Roger Lafontant,0.0995260663507109
HTI,Ouest department,4,41,345,18.543229292682927,-72.3356737317073,Government of Haiti - Civilians,0.07432141318397242
HTI,Ouest department,5,271,2234,18.556903158671584,-72.33520669741696,"400 Mawozo  - Civilians; 5 Segond, Taliban - Civilians; Delmas 19 gang , Delmas 6 gang, Delmas 95 gang, Forces of Micanor Altes, Nan Barozi gang, Nan Belekou gang, Nan Boston gang, Nan Chabón, Nan Ti Bwa gang, Pilate Base gang, Simon Pele gang - Civilians",0.48125807841447654
HTI,Sud department,1,1,1,18.194827,-73.749849,Haiti: Government,1.0
IDN,Aceh province,1,991,3392,4.904576083753784,96.59222523612512,Indonesia: Aceh,0.8313725490196079
IDN,Aceh province,4,113,417,4.943585601769912,96.69978669026548,Government of Indonesia - Civilians,0.10220588235294117
IDN,Aceh province,5,94,271,4.812411191489361,96.5820764680851,GAM - Civilians,0.06642156862745098
IDN,Bali province,5,2,222,-8.733333,115.166667,Jemaah Islamiya - Civilians,1.0
IDN,Bangka-Belitung province,4,1,1,-1.871504,105.602586,Government of Indonesia - Civilians,1.0
IDN,Irian Jaya province,1,9,8,-4.849611111111112,139.7599901111111,Indonesia: West Papua,0.10256410256410256
IDN,Irian Jaya province,4,7,65,-1.6880214285714286,135.1549332857143,Government of Indonesia - Civilians,0.8333333333333334
IDN,Irian Jaya province,5,2,5,-5.0,140.0,OPM - Civilians,0.0641025641025641
IDN,Jakarta Raya province,4,5,10,-6.2,106.81666700000001,Government of Indonesia - Civilians,0.29411764705882354
IDN,Jakarta Raya province,5,2,24,-6.2,106.816667,Jemaah Islamiya - Civilians,0.7058823529411765
IDN,Jawa Barat province,4,2,2,-6.4613985,107.0517145,Government of Indonesia - Civilians,1.0
IDN,Jawa Tengah province,4,1,1,-7.28991,110.465758,Government of Indonesia - Civilians,1.0
IDN,Jawa Timur province,2,2,4,-7.0589435,113.263263,Dayak - Madurese,1.0
IDN,Kalimantan Barat province,2,19,533,0.7709866842105263,109.4368377894737,"Dayak - Madurese; Dayak, Malay (Indonesia) - Madurese",0.99812734082397
IDN,Kalimantan Barat province,4,1,1,-0.0263,109.3425,Government of Indonesia - Civilians,0.0018726591760299626
IDN,Kalimantan Tengah province,2,21,492,-2.615879571428571,113.10527814285714,Dayak - Madurese,0.9959514170040485
IDN,Kalimantan Tengah province,4,2,2,-2.4673100000000003,112.9381535,Government of Indonesia - Civilians,0.004048582995951417
IDN,Lampung province,4,1,1,-5.45,105.266667,Government of Indonesia - Civilians,1.0
IDN,Maluku Utara province,2,15,662,0.8430511333333333,127.59710226666668,Christians (Indonesia) - Muslims (Indonesia),0.9376770538243626
IDN,Maluku Utara province,5,2,44,1.8473555,127.7983695,Laskar Jihad - Civilians,0.06232294617563739
IDN,Maluku province,2,90,1027,-3.768798,128.5254674111111,Christians (Indonesia) - Muslims (Indonesia),0.932788374205268
IDN,Maluku province,4,4,8,-3.68934475,128.18301774999998,Government of Indonesia - Civilians,0.007266121707538601
IDN,Maluku province,5,2,66,-3.7060025000000003,128.18097949999998,Laskar Jihad - Civilians,0.05994550408719346
IDN,Nusa Tenggara Barat province,2,1,5,-8.565,116.351,Christians (Indonesia) - Muslims (Indonesia),1.0
IDN,Nusa Tenggara Timur province,4,9,37,-9.378542444444443,124.20958844444444,Government of Indonesia - Civilians,1.0
IDN,Papua Barat Daya province,1,4,4,-1.3299695,132.4707785,Indonesia: West Papua,0.8
IDN,Papua Barat Daya province,4,1,1,-0.878733,131.258056,Government of Indonesia - Civilians,0.2
IDN,Papua Barat province,1,7,14,-1.4677514285714286,132.4541617142857,Indonesia: West Papua,0.7368421052631579
IDN,Papua Barat province,4,2,4,-1.4875335,133.8101665,Government of Indonesia - Civilians,0.21052631578947367
IDN,Papua Barat province,5,1,1,-2.75985,132.38052,OPM - Civilians,0.05263157894736842
IDN,Papua Pegunungan province,1,51,93,-4.497451823529412,139.23023184313726,Indonesia: West Papua,0.6503496503496503
IDN,Papua Pegunungan province,4,7,12,-4.675999142857143,139.57217371428573,Government of Indonesia - Civilians,0.08391608391608392
IDN,Papua Pegunungan province,5,16,38,-4.624531125,139.356138125,OPM - Civilians,0.26573426573426573
IDN,Papua Selatan province,4,2,2,-6.0080305,138.754293,Government of Indonesia - Civilians,0.6666666666666666
IDN,Papua Selatan province,5,1,1,-5.264825,138.975766,OPM - Civilians,0.3333333333333333
IDN,Papua Tengah province,1,57,109,-3.7458715614035087,137.14094829824563,Indonesia: West Papua,0.8074074074074075
IDN,Papua Tengah province,4,7,7,-3.6249401428571426,136.78331942857145,Government of Indonesia - Civilians,0.05185185185185185
IDN,Papua Tengah province,5,16,19,-3.8952576875,137.2956608125,OPM - Civilians,0.14074074074074075
IDN,Papua province,1,106,224,-3.9304760283018867,137.95609518867926,Indonesia: West Papua,0.7724137931034483
IDN,Papua province,4,16,26,-3.767089375,138.2653510625,Government of Indonesia - Civilians,0.0896551724137931
IDN,Papua province,5,30,40,-4.090383,138.15826593333335,OPM - Civilians,0.13793103448275862
IDN,Sulawesi Selatan province,2,2,4,-2.9869779999999997,119.268189,Christians (Indonesia) - Muslims (Indonesia),0.4444444444444444
IDN,Sulawesi Selatan province,4,2,1,-5.133331500000001,119.44166849999999,Government of Indonesia - Civilians,0.1111111111111111
IDN,Sulawesi Selatan province,5,1,4,-3.010845,120.202223,Jemaah Islamiya - Civilians,0.4444444444444444
IDN,Sulawesi Tengah province,2,11,52,-1.320255,120.76671818181818,Christians (Indonesia) - Muslims (Indonesia),0.9811320754716981
IDN,Sulawesi Tengah province,4,1,1,-0.038969,120.064345,Government of Indonesia - Civilians,0.018867924528301886
IDN,Sumatera Utara province,1,4,5,3.2004475,98.73186100000001,Indonesia: Aceh,0.625
IDN,Sumatera Utara province,4,4,3,3.41636,98.62724399999999,Government of Indonesia - Civilians,0.375
IDN,Timor Timur province,1,62,282,-8.70331435483871,125.96440472580646,Indonesia: East Timor,0.20419985517740769
IDN,Timor Timur province,4,237,1099,-8.83371046413502,125.56762353586498,Government of Indonesia - Civilians,0.7958001448225923
IDN,Yogyakarta province,4,2,2,-7.8013895,110.364442,Government of Indonesia - Civilians,1.0
IND,Andhra Pradesh state,1,375,1520,17.465360088,79.902223616,India: Government,0.7297167546807489
IND,Andhra Pradesh state,2,17,233,17.10108152941176,78.69043552941176,Hindus (India) - Muslims (India),0.11185789726356217
IND,Andhra Pradesh state,4,2,2,17.7130975,79.945338,Government of India - Civilians,0.0009601536245799327
IND,Andhra Pradesh state,5,157,328,17.653810554140126,80.59934912738854,CPI-Maoist - Civilians; HuJI - Civilians; Indian Mujahideen - Civilians,0.15746519443110898
IND,Arunachal Pradesh state,1,44,86,27.172357363636365,95.54930095454546,India: Assam; India: Bodoland; India: Manipur,0.593103448275862
IND,Arunachal Pradesh state,2,4,42,26.94103875,95.44563925,NSCN-IM - NSCN-K; NSCN-IM - NSCN-U,0.2896551724137931
IND,Arunachal Pradesh state,5,5,17,27.036706,95.5603254,NSCN-IM - Civilians,0.11724137931034483
IND,Assam state,1,993,2204,26.62300099899295,92.48413904028197,India: Assam; India: Bodoland; India: Garoland,0.45247382467665775
IND,Assam state,2,99,645,26.2910401010101,91.91031042424243,Assamese - Bihari; Assamese - Bodo; Bangladeshi Immigrants - Bodo,0.1324163416136317
IND,Assam state,4,6,8,26.395413833333333,93.03848783333332,Government of India - Civilians,0.001642373229316362
IND,Assam state,5,490,2014,26.55487184897959,92.6173026755102,ABSU - Civilians; BLTF - Civilians; DHD - BW - Civilians,0.4134674604803942
IND,Bihar state,1,177,569,24.955452853107346,85.23864712429378,India: Government,0.22615262321144675
IND,Bihar state,2,21,1361,25.34162376190476,85.70282847619048,CPI-ML-VM - PWG; Hindus (India) - Muslims (India),0.5409379968203497
IND,Bihar state,4,2,3,25.75,85.75,Government of India - Civilians,0.0011923688394276629
IND,Bihar state,5,192,583,25.051797885416665,85.27636805208333,CPI-Maoist - Civilians; Indian Mujahideen - Civilians; MCC - Civilians,0.23171701112877582
IND,Chandigarh Union territory,1,1,1,30.73629,76.7884,India: Punjab/Khalistan,0.03571428571428571
IND,Chandigarh Union territory,5,2,27,30.732035,76.78309,Kashmir insurgents - Civilians; Sikh insurgents - Civilians,0.9642857142857143
IND,Chhattisgarh state,1,1147,3258,19.072889392327813,81.22438098343505,India: Government,0.8190045248868778
IND,Chhattisgarh state,4,4,28,18.688703,81.06478375,Government of India - Civilians,0.007038712921065862
IND,Chhattisgarh state,5,499,692,19.193494771543087,81.19019147895791,CPI-Maoist - Civilians,0.1739567621920563
IND,Delhi union territory,2,3,109,28.65195,77.23149,Hindus (India) - Muslims (India),0.9646017699115044
IND,Delhi union territory,4,2,2,28.65195,77.23149,Government of India - Civilians,0.017699115044247787
IND,Delhi union territory,5,7,2,28.65195,77.23149,Sikh insurgents - Civilians,0.017699115044247787
IND,Gujarat state,1,2,1,23.0462155,72.6246105,India: Kashmir,0.0008532423208191126
IND,Gujarat state,2,46,629,22.810372,72.55691508695652,Hindus (India) - Muslims (India),0.5366894197952219
IND,Gujarat state,4,8,59,23.003690875,72.563360375,Government of India - Civilians,0.050341296928327645
IND,Gujarat state,5,29,483,23.028193655172416,72.97670448275862,Indian Mujahideen - Civilians; Kashmir insurgents - Civilians; Lashkar-e-Taiba - Civilians,0.4121160409556314
IND,Haryana state,1,2,6,29.816039500000002,76.55956499999999,India: Punjab/Khalistan,0.03614457831325301
IND,Haryana state,2,3,6,28.564189666666667,76.80861933333334,Hindus (India) - Muslims (India),0.03614457831325301
IND,Haryana state,4,1,1,29.360371,75.854673,Government of India - Civilians,0.006024096385542169
IND,Haryana state,5,9,153,29.494863333333335,76.32919166666666,Lashkar-e-Taiba - Civilians; Sikh insurgents - Civilians; VHP - Civilians,0.9216867469879518
IND,Himachal Pradesh state,1,1,3,31.91667,77.25,India: Kashmir,0.075
IND,Himachal Pradesh state,5,5,37,32.4431096,76.2946752,Kashmir insurgents - Civilians; Sikh insurgents - Civilians,0.925
IND,Jammu and Kashmir state,1,7817,21943,33.84754653217347,74.76525622080082,China - India; India - Pakistan; India: Kashmir,0.8457180297541047
IND,Jammu and Kashmir state,2,6,95,33.85183416666667,74.77237650000001,Hindus (India) - Muslims (India); Hizbul-Mujahideen - JKLF,0.0036614507053110306
IND,Jammu and Kashmir state,4,77,142,33.98205980519481,74.93915784415584,Government of India - Civilians; Government of Pakistan - Civilians,0.005472905264780698
IND,Jammu and Kashmir state,5,1841,3766,33.802936125475284,75.10894733514394,IS - Civilians; Kashmir insurgents - Civilians; Sikh insurgents - Civilians,0.14514761427580358
IND,Jharkhand state,1,349,971,23.460573541547276,85.26802709169054,India: Government,0.6212412028150992
IND,Jharkhand state,2,1,1,23.75,85.5,Hindus (India) - Muslims (India),0.0006397952655150352
IND,Jharkhand state,4,5,7,23.349683199999998,85.1990218,Government of India - Civilians,0.004478566858605247
IND,Jharkhand state,5,358,584,23.290964446927376,85.23407928491619,CPI-Maoist - Civilians; MCC - Civilians; PLFI - Civilians,0.37364043506078054
IND,Karnataka state,1,11,27,13.261892818181819,75.62128009090908,India: Government,0.25471698113207547
IND,Karnataka state,2,23,74,13.555026826086957,76.05469369565218,Hindus (India) - Muslims (India),0.6981132075471698
IND,Karnataka state,5,5,5,13.657413199999999,75.7325996,CPI-Maoist - Civilians; Lashkar-e-Taiba - Civilians,0.04716981132075472
IND,Kerala state,1,5,9,11.4667806,76.15257779999999,India: Government,0.4090909090909091
IND,Kerala state,2,3,13,10.704466333333334,76.26792766666667,Hindus (India) - Muslims (India),0.5909090909090909
IND,Madhya Pradesh state,1,29,151,21.664710448275862,80.26101213793103,India: Government,0.4114441416893733
IND,Madhya Pradesh state,2,7,202,22.985761571428572,76.836443,Hindus (India) - Muslims (India),0.5504087193460491
IND,Madhya Pradesh state,4,2,2,22.743925,77.71896849999999,Government of India - Civilians,0.005449591280653951
IND,Madhya Pradesh state,5,12,12,21.837580333333335,80.40578516666666,CPI-Maoist - Civilians,0.0326975476839237
IND,Maharashtra state,1,159,575,19.825284062893083,79.8347372327044,India: Government; India: Kashmir; India: Punjab/Khalistan,0.46445880452342486
IND,Maharashtra state,2,9,49,19.008165333333334,74.68953044444444,Hindus (India) - Muslims (India),0.0395799676898223
IND,Maharashtra state,4,4,10,19.7076605,73.32815625,Government of India - Civilians,0.008077544426494346
IND,Maharashtra state,5,164,604,19.78306412195122,79.63298127439025,CPI-Maoist - Civilians; Indian Mujahideen - Civilians; Kashmir insurgents - Civilians,0.4878836833602585
IND,Manipur state,1,519,1260,24.749285973025046,93.87234403082851,India: Assam; India: Bodoland; India: Islamic State,0.5161818926669398
IND,Manipur state,2,101,891,24.797417277227726,93.76987829702969,Kuki - Meitei; Kuki - Naga; Kuki - Paite,0.3650143383859074
IND,Manipur state,4,1,2,24.790381,93.94411,Government of India - Civilians,0.0008193363375665711
IND,Manipur state,5,31,288,24.880794193548386,93.90689216129032,HPC - Civilians; KRA - Civilians; NSCN-IM - Civilians,0.11798443260958623
IND,Meghalaya state,1,98,157,25.549933836734695,90.73092957142858,India: Assam; India: Bodoland; India: Garoland,0.98125
IND,Meghalaya state,4,1,0,25.5,91.333333,Government of India - Civilians,0.0
IND,Meghalaya state,5,3,3,25.534143999999998,91.02873433333333,NDFB - Civilians; NLFT - Civilians; ULFA - Civilians,0.01875
IND,Mizoram state,1,3,20,23.129124333333333,93.10155733333333,India: Assam; India: Manipur; Myanmar (Burma): Government,1.0
IND,Nagaland state,1,54,223,26.112765314814812,94.41912812962963,India: Nagaland; India: Western South East Asia; Myanmar (Burma): Nagaland,0.3149717514124294
IND,Nagaland state,2,201,394,25.97729754726368,94.25081803482587,NSCN-IM - NSCN-K; NSCN-IM - NSCN-U; NSCN-K - NSCN-K-K,0.556497175141243
IND,Nagaland state,4,2,11,26.118270000000003,94.12002,Government of India - Civilians,0.015536723163841809
IND,Nagaland state,5,15,80,25.8825508,94.10021780000001,NDFB - Civilians; NSCN-IM - Civilians,0.11299435028248588
IND,National Capital territory,1,12,39,28.626576,77.21642266666667,India: Government; India: Kashmir; India: Punjab/Khalistan,0.17889908256880735
IND,National Capital territory,2,41,53,28.614817317073168,77.20944024390243,Hindus (India) - Muslims (India),0.24311926605504589
IND,National Capital territory,4,1,1,28.613889,77.208889,Government of India - Civilians,0.0045871559633027525
IND,National Capital territory,5,7,125,28.62476357142857,77.21534642857144,Indian Mujahideen - Civilians; Kashmir insurgents - Civilians; Lashkar-e-Taiba - Civilians,0.573394495412844
IND,Odisha state,1,122,236,19.59012469672131,83.06199220491804,India: Government,0.592964824120603
IND,Odisha state,5,150,162,19.06446356,82.6618321,CPI-Maoist - Civilians; PLFI - Civilians,0.40703517587939697
IND,Orissa state,1,81,285,19.634754037037034,83.43335130864197,India: Government,0.6277533039647577
IND,Orissa state,2,4,28,21.030503,86.51715,Hindus (India) - Muslims (India),0.06167400881057269
IND,Orissa state,5,117,141,19.524011222222224,83.24189830769231,CPI-Maoist - Civilians; PWG - Civilians; VHP - Civilians,0.31057268722466963
IND,Punjab state,1,213,6215,31.170519741784037,75.28786609389671,India - Pakistan; India: Kashmir; India: Punjab/Khalistan,0.8531228551818806
IND,Punjab state,4,2,2,31.017615,74.64377999999999,Government of India - Civilians,0.0002745367192862045
IND,Punjab state,5,180,1068,31.10206797777778,75.35678745,Kashmir insurgents - Civilians; Sikh insurgents - Civilians,0.14660260809883321
IND,Rajasthan state,1,7,9,28.475275,73.65048771428572,India - Pakistan; India: Kashmir,0.09473684210526316
IND,Rajasthan state,2,5,9,26.1689292,74.4031026,Hindus (India) - Muslims (India),0.09473684210526316
IND,Rajasthan state,4,1,0,29.5,74.0,Government of India - Civilians,0.0
IND,Rajasthan state,5,2,77,27.046053999999998,76.5674815,Indian Mujahideen - Civilians; Kashmir insurgents - Civilians,0.8105263157894737
IND,Tamil Nadu state,1,1,1,10.216061,77.477142,India: Government,0.01282051282051282
IND,Tamil Nadu state,2,3,18,12.356106000000002,79.60581466666667,Hindus (India) - Muslims (India),0.23076923076923078
IND,Tamil Nadu state,5,2,59,10.989678,77.641955,Al-Umma - Civilians; MCC - Civilians,0.7564102564102564
IND,Telangana state,1,18,40,18.194654999999997,80.32627872222223,India: Government,0.7692307692307693
IND,Telangana state,5,11,12,17.997642363636363,80.26700318181817,CPI-Maoist - Civilians,0.23076923076923078
IND,Tripura state,1,196,603,23.859231428571427,91.67404161224489,India: Tripura,0.43194842406876793
IND,Tripura state,2,21,88,23.85812438095238,91.5669608095238,Tripura Non-Tribal Communities - Tripura Tribal Communities,0.06303724928366762
IND,Tripura state,4,4,7,23.51856275,91.6595655,Government of India - Civilians,0.00501432664756447
IND,Tripura state,5,192,698,23.864523963541668,91.67160547916667,ATTF - Civilians; NLFT - Civilians,0.5
IND,Union Territory of Chandigarh,1,1,2,30.73629,76.7884,India: Punjab/Khalistan,0.18181818181818182
IND,Union Territory of Chandigarh,5,10,9,30.736290000000004,76.7884,Sikh insurgents - Civilians,0.8181818181818182
IND,Uttar Pradesh state,1,13,33,26.74120484615385,81.06755692307692,India: Government; India: Kashmir; India: Punjab/Khalistan,0.05339805825242718
IND,Uttar Pradesh state,2,55,368,27.83472418181818,79.48441236363637,Hindus (India) - Muslims (India),0.5954692556634305
IND,Uttar Pradesh state,4,8,9,27.418636125,80.687948,Government of India - Civilians,0.014563106796116505
IND,Uttar Pradesh state,5,26,208,27.027170807692308,81.19921588461537,CPI-Maoist - Civilians; Indian Mujahideen - Civilians; Kashmir insurgents - Civilians,0.3365695792880259
IND,Uttarakhand state,1,1,2,29.2,79.41667,India: Punjab/Khalistan,0.6666666666666666
IND,Uttarakhand state,4,1,1,29.22254,79.5286,Government of India - Civilians,0.3333333333333333
IND,West Bengal state,1,62,160,22.917810677419354,87.08142251612902,India: Assam; India: Government,0.25196850393700787
IND,West Bengal state,2,3,6,24.538,88.04199999999999,Hindus (India) - Muslims (India),0.009448818897637795
IND,West Bengal state,4,6,5,24.016559833333332,88.43672583333334,Government of Bangladesh - Civilians; Government of India - Civilians,0.007874015748031496
IND,West Bengal state,5,250,464,22.634046996000002,87.047599712,CPI-Maoist - Civilians; PCPA - Civilians; PWG - Civilians,0.7307086614173228
IRN,Alborz province,1,1,1,35.816667,50.966667,Iran - Israel,0.02564102564102564
IRN,Alborz province,4,16,38,35.7983171875,50.9889425,Government of Iran - Civilians,0.9743589743589743
IRN,Ardebil province,1,3,4,37.694722,48.524722,Turkey: Kurdistan,0.8
IRN,Ardebil province,4,2,1,38.247395499999996,48.29419,Government of Iran - Civilians,0.2
IRN,Bakhtaran province,1,3,22,34.576354,46.446858666666664,Iran: Government; Iran: Kurdistan,1.0
IRN,Bushehr province,4,2,3,28.943635,50.837385,Government of Iran - Civilians,1.0
IRN,East Azarbaijan province,1,4,43,38.077514,46.28309725,Iran - Israel; Iran: Government,0.9347826086956522
IRN,East Azarbaijan province,4,3,3,37.87933733333333,46.15964833333334,Government of Iran - Civilians,0.06521739130434782
IRN,Esfahan province,1,2,10,32.633866499999996,51.508399999999995,Iran - Israel; Iran: Government,0.24390243902439024
IRN,Esfahan province,4,15,31,32.641435533333336,51.575685066666665,Government of Iran - Civilians,0.7560975609756098
IRN,Fars province,1,4,34,29.9366665,52.55892075,Iran: Government; Iran: Islamic State,0.6415094339622641
IRN,Fars province,4,14,19,29.619657857142858,52.60026857142857,Government of Iran - Civilians,0.3584905660377358
IRN,Gilan province,4,9,13,37.47693,49.408791111111114,Government of Iran - Civilians,1.0
IRN,Golestan province,4,1,1,36.8393,54.4444,Government of Iran - Civilians,1.0
IRN,Hamadan province,1,2,13,35.087175,48.44849,Iran - Israel,0.7647058823529411
IRN,Hamadan province,4,4,4,34.798964999999995,48.514570000000006,Government of Iran - Civilians,0.23529411764705882
IRN,Hormozgan province,1,1,4,27.44194,57.19198,Iran: Islamic State,0.5714285714285714
IRN,Hormozgan province,4,2,3,27.18745,56.278800000000004,Government of Iran - Civilians,0.42857142857142855
IRN,Ilam province,1,19,80,33.27963647368421,46.539905789473686,Iran: Government,0.963855421686747
IRN,Ilam province,4,3,3,33.63806666666667,46.42263333333333,Government of Iran - Civilians,0.03614457831325301
IRN,Kerman province,1,3,3,29.89334033333333,57.50121133333334,Iran: Government; Iran: Islamic State,0.030303030303030304
IRN,Kerman province,4,4,2,29.2654725,56.71857,Government of Iran - Civilians,0.020202020202020204
IRN,Kerman province,5,1,94,30.28321,57.07879,IS - Civilians,0.9494949494949495
IRN,Kermanshah province,1,29,227,34.56923327586207,46.553812344827584,Iran - Israel; Iran: Government; Iran: Islamic State,0.8315018315018315
IRN,Kermanshah province,4,20,46,34.49764365,46.76400355,Government of Iran - Civilians,0.1684981684981685
IRN,Khuzestan province,1,12,23,30.93049883333333,48.433289083333335,Iran: Government,0.2072072072072072
IRN,Khuzestan province,4,33,88,31.035470999999998,48.7950036969697,Government of Iran - Civilians,0.7927927927927928
IRN,Kohgiluyeh and Buyer Ahmad province,4,1,1,30.67,51.6,Government of Iran - Civilians,1.0
IRN,Kordestan province,1,57,163,35.548654473684216,46.35398175438597,Iran - Israel; Iran: Government; Iran: Islamic State,0.7688679245283019
IRN,Kordestan province,4,29,49,35.59119320689655,46.61258320689655,Government of Iran - Civilians,0.23113207547169812
IRN,Lorestan province,1,3,21,33.478778,48.352383333333336,Iran - Israel,0.84
IRN,Lorestan province,4,5,4,33.457884,48.743210999999995,Government of Iran - Civilians,0.16
IRN,Markazi province,1,1,2,35.36667,50.33333,Iran - Israel,0.5
IRN,Markazi province,4,3,2,34.40183566666666,49.917135,Government of Iran - Civilians,0.5
IRN,Mazandaran province,1,1,3,36.563333,53.06,Iran: Government,0.1875
IRN,Mazandaran province,4,10,13,36.586627,52.208045000000006,Government of Iran - Civilians,0.8125
IRN,Qazvin province,4,4,3,36.217885,49.99845,Government of Iran - Civilians,1.0
IRN,Qom province,1,1,3,34.6401,50.8764,Iran - Israel,1.0
IRN,Razavi Khorasan province,1,1,0,36.298,59.6057,Iran: Government,0.0
IRN,Razavi Khorasan province,4,3,24,35.95152866666667,60.09009233333333,Government of Iran - Civilians,1.0
IRN,Sistan and Baluchestan province,1,118,611,27.988141440677968,61.302036033898304,Iran: Government; Pakistan: Balochistan,0.8741058655221745
IRN,Sistan and Baluchestan province,4,25,63,28.9710122,60.97015596,Government of Iran - Civilians,0.09012875536480687
IRN,Sistan and Baluchestan province,5,1,25,29.496389,60.862778,Jondullah - Civilians,0.0357653791130186
IRN,Tehran province,1,24,396,35.68812808333333,51.439443833333335,Iran - Israel; Iran: Government; Iran: Islamic State,0.72
IRN,Tehran province,4,57,154,35.66703456140351,51.335496842105265,Government of Afghanistan - Civilians; Government of Iran - Civilians,0.28
IRN,West Azarbaijan province,1,106,438,37.22652363207547,45.14602952830188,Iran - Israel; Iran: Government; Iran: Islamic State,0.8884381338742393
IRN,West Azarbaijan province,4,33,55,37.04997978787879,45.35969009090909,Government of Iran - Civilians,0.11156186612576065
IRN,Yazd province,4,1,0,31.8948,54.357,Government of Iran - Civilians,0.0
IRN,Zanjan province,1,1,2,36.67642,48.49628,Iran - Israel,0.4
IRN,Zanjan province,4,4,3,36.67609,48.493335,Government of Iran - Civilians,0.6
IRQ,Al Anbār province,1,1171,15905,33.476961706233986,42.75024479760888,"Australia, United Kingdom, United States - Iraq; Iraq - Kuwait; Iraq: Government",0.9369661266568483
IRQ,Al Anbār province,2,1,6,33.0,41.75,1920 Revolution Brigades - IS,0.00035346097201767305
IRQ,Al Anbār province,4,6,160,33.333903166666666,43.379563499999996,Government of Iraq - Civilians,0.00942562592047128
IRQ,Al Anbār province,5,63,904,33.54811568253969,42.82964028571429,Ansar al-Islam - Civilians; IS - Civilians,0.05325478645066274
IRQ,Al Başrah province,1,97,788,30.529482154639176,47.740510752577315,"Australia, United Kingdom, United States - Iraq; Iran: Government; Iraq - Kuwait",0.4544405997693195
IRQ,Al Başrah province,4,18,844,30.533016,47.797466,Government of Iraq - Civilians,0.4867358708189158
IRQ,Al Başrah province,5,8,102,30.514305625,47.787366125,Ansar al-Islam - Civilians; IS - Civilians; al-Mahdi Army - Civilians,0.058823529411764705
IRQ,Al Muthanná province,1,11,56,31.02536690909091,45.13295509090909,"Australia, United Kingdom, United States - Iraq; Iraq - Kuwait; Iraq: Government",1.0
IRQ,Al Qādisīyah province,1,12,72,31.95875658333333,44.931727583333334,Iraq - Kuwait; Iraq: Government,0.7058823529411765
IRQ,Al Qādisīyah province,4,2,0,31.992886,44.925521,Government of Iraq - Civilians,0.0
IRQ,Al Qādisīyah province,5,3,30,31.911924,44.83368066666667,IS - Civilians,0.29411764705882354
IRQ,An Najaf province,1,54,1241,31.990690925925925,44.35449537037037,"Australia, United Kingdom, United States - Iraq; Iraq - Kuwait; Iraq: Government",0.7330183106910809
IRQ,An Najaf province,4,6,331,31.989205,44.32909800000001,Government of Iraq - Civilians,0.19551092734790312
IRQ,An Najaf province,5,5,121,32.0165146,44.3736384,IS - Civilians; Jamaat Jund al-Sahaba - Civilians,0.07147076196101594
IRQ,Arbīl province,1,301,2235,36.47861331229236,44.28944525581395,Iran - Israel; Iran: Government; Iran: Kurdistan,0.5788655788655789
IRQ,Arbīl province,2,32,944,36.35165709375,44.23255621875,Ansar al-Islam - PUK; IMK - PUK; KDP - PKK,0.2444962444962445
IRQ,Arbīl province,4,12,671,36.42795816666666,44.195391,Government of Iraq - Civilians; Government of Turkey - Civilians,0.1737891737891738
IRQ,Arbīl province,5,7,11,36.12468285714286,44.170913285714285,IS - Civilians; PKK - Civilians,0.002849002849002849
IRQ,As Sulaymānīyah province,1,52,1192,35.594351403846154,45.29268442307693,Iran: Government; Iran: Kurdistan; Iraq: Government,0.7459324155193993
IRQ,As Sulaymānīyah province,2,29,355,35.5797645862069,45.579103241379315,Ansar al-Islam - PUK; IMK - PUK; KDP - PUK,0.22215269086357947
IRQ,As Sulaymānīyah province,4,3,47,35.475801,45.633556999999996,Government of Iraq - Civilians,0.029411764705882353
IRQ,As Sulaymānīyah province,5,1,4,35.35278,45.86682,Ansar al-Islam - Civilians,0.0025031289111389237
IRQ,At-Ta'mim province,1,31,654,35.46561338709677,44.35681016129032,"Australia, United Kingdom, United States - Iraq; Iraq - Kuwait; Iraq: Government",0.8526727509778357
IRQ,At-Ta'mim province,2,3,6,35.395370666666665,44.317037,Ansar al-Islam - PUK; KDP - PUK,0.007822685788787484
IRQ,At-Ta'mim province,4,5,107,35.473364,44.4399422,Government of Iraq - Civilians,0.1395045632333768
IRQ,Baghdād province,1,975,8863,33.35268943487179,44.38310390564103,"Australia, United Kingdom, United States - Iraq; Iran - Israel; Iran: Government",0.5781097123475312
IRQ,Baghdād province,2,7,73,33.335789,44.370314428571426,1920 Revolution Brigades - IS; Ansar al-Islam - PUK; IS - RJF,0.004761594155632379
IRQ,Baghdād province,4,44,258,33.33419190909091,44.39742709090909,Government of Iran - Civilians; Government of Iraq - Civilians,0.016828647837714435
IRQ,Baghdād province,5,470,6137,33.34137938510638,44.39559793617021,AAH - Civilians; Ansar al-Islam - Civilians; IS - Civilians,0.40030004565912203
IRQ,Bābil province,1,71,1108,32.705089211267605,44.33504936619718,"Australia, United Kingdom, United States - Iraq; Iraq - Kuwait; Iraq: Government",0.564729867482161
IRQ,Bābil province,2,1,12,32.724604,44.440458,IS - RJF,0.0061162079510703364
IRQ,Bābil province,4,4,25,32.732266249999995,44.45435325,Government of Iraq - Civilians,0.0127420998980632
IRQ,Bābil province,5,34,817,32.640170088235294,44.39972208823529,IS - Civilians,0.4164118246687054
IRQ,Dahūk province,1,635,2118,37.128003970078744,43.38579468818898,Iraq: Government; Turkey: Kurdistan,0.8925410872313527
IRQ,Dahūk province,2,20,233,37.121795299999995,43.28892265,KDP - PKK; PKK - PUK,0.09818794774546986
IRQ,Dahūk province,4,9,16,37.128585666666666,43.50762011111111,Government of Iraq - Civilians; Government of Turkey - Civilians,0.0067425200168563
IRQ,Dahūk province,5,3,6,37.060210000000005,43.242191999999996,PKK - Civilians,0.0025284450063211127
IRQ,Dhī Qār province,1,37,342,31.04046572972973,46.25535302702703,"Australia, United Kingdom, United States - Iraq; Iran: Government; Iraq - Kuwait",0.7066115702479339
IRQ,Dhī Qār province,4,7,80,31.049708285714285,46.22051028571428,Government of Iran - Civilians; Government of Iraq - Civilians,0.1652892561983471
IRQ,Dhī Qār province,5,2,62,31.091984,46.0640485,IS - Civilians,0.128099173553719
IRQ,Diyālá province,1,561,3893,33.990236126559715,44.88055763636364,"Australia, United Kingdom, United States - Iraq; Iran: Government; Iraq - Kuwait",0.7412414318354913
IRQ,Diyālá province,2,4,48,33.97905625,45.043882249999996,1920 Revolution Brigades - IS; Ansar al-Islam - PUK; IS - RJF,0.00913937547600914
IRQ,Diyālá province,4,8,107,34.01822925,44.99719375,Government of Iraq - Civilians,0.020373191165270373
IRQ,Diyālá province,5,140,1204,33.907272757142856,44.84967446428571,Ansar al-Islam - Civilians; IS - Civilians; al-Mahdi Army - Civilians,0.22924600152322924
IRQ,Halabja province,1,2,2,35.267399,45.917367999999996,Iraq: Government; Turkey: Kurdistan,0.4
IRQ,Halabja province,4,1,3,35.35278,45.86682,Government of Iraq - Civilians,0.6
IRQ,Karbalā’ province,1,35,539,32.59187048571429,43.98709508571429,"Australia, United Kingdom, United States - Iraq; Iraq: Government",0.5477642276422764
IRQ,Karbalā’ province,4,10,146,32.5928536,44.0352764,Government of Iraq - Civilians,0.1483739837398374
IRQ,Karbalā’ province,5,19,299,32.59274926315789,44.00684257894737,Ansar al-Islam - Civilians; IS - Civilians,0.30386178861788615
IRQ,Kirkūk province,1,417,4669,35.344525009592324,44.147597052757796,Iraq: Government; Turkey: Kurdistan,0.9436135812449474
IRQ,Kirkūk province,2,4,44,35.3607145,43.92452125,Ansar al-Islam - PUK; IS - JRTN,0.00889248181083266
IRQ,Kirkūk province,4,3,3,35.421030333333334,44.179552666666666,Government of Iraq - Civilians,0.0006063055780113178
IRQ,Kirkūk province,5,50,232,35.36582448,44.182624559999994,Ansar al-Islam - Civilians; IS - Civilians,0.04688763136620857
IRQ,Maysān province,1,38,550,31.849827236842106,47.09648455263158,Iran: Government; Iraq: Government,0.8675078864353313
IRQ,Maysān province,4,9,70,31.784629555555554,47.109531999999994,Government of Iraq - Civilians,0.11041009463722397
IRQ,Maysān province,5,1,14,32.122869,46.749281,IS - Civilians,0.022082018927444796
IRQ,Nīnawá province,1,1752,19316,36.320385207191784,42.97295610045663,"Australia, United Kingdom, United States - Iraq; Iraq - Kuwait; Iraq: Government",0.7652022342827715
IRQ,Nīnawá province,2,11,38,36.380697000000005,43.13849254545455,Ansar al-Islam - PUK; IS - JRTN; KDP - PKK,0.0015053678247434932
IRQ,Nīnawá province,4,11,157,36.252807090909094,42.914457636363636,Government of Iraq - Civilians,0.006219546012756012
IRQ,Nīnawá province,5,550,5732,36.322921425454545,43.04318482181819,Ansar al-Islam - Civilians; IS - Civilians; Jamaat Jund al-Sahaba - Civilians,0.22707285187972903
IRQ,Sulaymānīyah province,1,63,114,35.74641382539682,45.40071725396825,Iran: Government; Iraq: Government; Turkey: Kurdistan,0.9661016949152542
IRQ,Sulaymānīyah province,4,4,4,35.38623075,45.22054475,Government of Iraq - Civilians,0.03389830508474576
IRQ,Sulaymānīyah province,5,1,0,35.564964,45.432905,IS - Civilians,0.0
IRQ,Wāsiţ province,1,26,335,32.695681846153846,45.55505707692308,Iran: Government; Iraq: Government,0.6192236598890942
IRQ,Wāsiţ province,2,1,46,32.174191,46.043454,Dereiat - al-Shaman,0.08502772643253234
IRQ,Wāsiţ province,4,1,1,32.269718,45.926863,Government of Iraq - Civilians,0.0018484288354898336
IRQ,Wāsiţ province,5,18,159,32.83958377777778,45.26145644444444,IS - Civilians; Jamaat Jund al-Sahaba - Civilians,0.29390018484288355
IRQ,Şalāḩ ad Dīn province,1,674,8104,34.59423630267062,43.88460782047478,"Australia, United Kingdom, United States - Iraq; Iran: Islamic State; Iraq: Government",0.8877204513090152
IRQ,Şalāḩ ad Dīn province,2,4,57,34.348316,43.7619495,IS - JRTN; IS - RJF; KDP - PUK,0.006243838317449885
IRQ,Şalāḩ ad Dīn province,4,6,65,34.82393416666667,43.616174,Government of Iraq - Civilians,0.007120166502355132
IRQ,Şalāḩ ad Dīn province,5,103,903,34.566311495145634,44.0045032815534,Ansar al-Islam - Civilians; IS - Civilians; al-Mahdi Army - Civilians,0.09891554387117976
ISR,Central district,1,16,51,31.9965858125,34.856774625,Iran - Israel; Israel: Palestine,0.3669064748201439
ISR,Central district,4,1,2,31.933333,34.866667,Government of Israel - Civilians,0.014388489208633094
ISR,Central district,5,20,86,32.1617862,34.87664585,AMB - Civilians; Hamas - Civilians; PIJ - Civilians,0.6187050359712231
ISR,Gaza Strip,1,9269,67323,31.43811032646456,34.387203901931166,Israel: Palestine,0.9911810606283679
ISR,Gaza Strip,2,101,317,31.46900427722772,34.41732026732673,Fatah - Hamas; Hamas - Jund Ansar Allah,0.004667118164953917
ISR,Gaza Strip,4,174,206,31.402320735632188,34.35121294252874,Government of Israel - Civilians,0.003032890668708224
ISR,Gaza Strip,5,46,76,31.447386499999997,34.39100780434783,AMB - Civilians; Hamas - Civilians; PIJ - Civilians,0.0011189305379700244
ISR,Haifa district,1,19,72,32.583436842105264,35.00178468421053,Iran - Israel; Israel: Palestine; Israel: Southern Lebanon,0.4235294117647059
ISR,Haifa district,5,14,98,32.559803357142854,34.954988285714286,AMB - Civilians; Hamas - Civilians; PIJ - Civilians,0.5764705882352941
ISR,Jerusalem district,1,34,57,31.783333,35.216667,Israel: Palestine,0.16473988439306358
ISR,Jerusalem district,4,10,9,31.783333,35.216667,Government of Israel - Civilians,0.02601156069364162
ISR,Jerusalem district,5,39,280,31.785566128205126,35.21373984615384,AMB - Civilians; Hamas - Civilians; PIJ - Civilians,0.8092485549132948
ISR,Northern district,1,79,157,32.98939150632911,35.40113149367088,Iran - Israel; Israel - Syria; Israel: Palestine,0.8351063829787234
ISR,Northern district,5,9,31,32.690121000000005,35.33096855555556,AMB - Civilians; Hamas - Civilians; Hezbollah - Civilians,0.16489361702127658
ISR,Southern district,1,126,790,31.23299253174603,34.53875911111111,Iran - Israel; Israel: Palestine,0.5298457411133467
ISR,Southern district,4,2,1,31.305329,34.3580135,Government of Israel - Civilians,0.0006706908115358819
ISR,Southern district,5,31,700,31.40570629032258,34.57764251612903,AMB - Civilians; Hamas - Civilians; PIJ - Civilians,0.4694835680751174
ISR,Tel Aviv district,1,17,40,32.06218388235294,34.782461647058824,Iran - Israel; Israel: Palestine,0.22857142857142856
ISR,Tel Aviv district,5,25,135,32.07061136,34.785833079999996,AMB - Civilians; Hamas - Civilians; PIJ - Civilians,0.7714285714285715
ISR,West Bank,1,1134,2130,32.172907565255734,35.209659571428574,Iran - Israel; Israel: Palestine; Israel: Southern Lebanon,0.8540497193263833
ISR,West Bank,2,5,6,32.1214694,35.253238599999996,Fatah - Hamas,0.0024057738572574178
ISR,West Bank,4,241,217,32.02137014107883,35.196206431535266,Government of Israel - Civilians,0.08700882117080995
ISR,West Bank,5,83,141,31.927932530120483,35.1794665060241,AMB - Civilians; Hamas - Civilians; PIJ - Civilians,0.05653568564554932
ITA,Lazio region,1,1,0,41.9,12.5,Iran: Government,0.0
JAM,Kingston parish,2,25,136,17.99600004,-76.8,Supporters of JLP - Supporters of PNP,1.0
JAM,Saint Catherine parish,2,3,7,18.041469,-76.99691733333333,Supporters of JLP - Supporters of PNP,1.0
JAM,Westmoreland  parish,2,5,51,18.3080426,-78.17815399999999,King Valley Gang - Ants Posse Gang,1.0
JOR,Amman province,4,1,1,31.95,35.933333,Government of Iraq - Civilians,0.016666666666666666
JOR,Amman province,5,1,59,31.95,35.933333,IS - Civilians,0.9833333333333333
JOR,Irbid province,1,1,8,32.555556,35.85,Jordan: Islamic State,1.0
JOR,Karak province,1,2,19,31.184722,35.704722,Jordan: Islamic State,1.0
JOR,Mafraq province,1,2,10,33.3119735,38.6887665,Iran - Israel; Jordan: Islamic State,0.7692307692307693
JOR,Mafraq province,2,1,3,33.309944,38.675634,IS - Southern Front,0.23076923076923078
KEN,Baringo county,2,22,75,1.0487886818181817,35.990547772727275,Marakwet - Pokot; Pokot - Turkana,1.0
KEN,Bungoma county,4,2,2,0.821126,34.511768000000004,Government of Kenya - Civilians,0.2857142857142857
KEN,Bungoma county,5,1,5,0.871228,34.594268,SLDF - Civilians,0.7142857142857143
KEN,Central province,2,2,6,-0.416667,36.916667,Kalenjin - Kikuyu,0.16216216216216217
KEN,Central province,4,5,2,-0.9599993999999998,36.9066666,Government of Kenya - Civilians,0.05405405405405406
KEN,Central province,5,2,29,-0.8,36.9916665,Mungiki - Civilians,0.7837837837837838
KEN,Coast province,1,7,11,-3.0597124285714288,40.40280871428571,Somalia: Government,0.03741496598639456
KEN,Coast province,2,22,267,-2.0997282727272726,39.93735727272727,"Kikuyu - Luo; Orma - Pokomo; Orma, Wardei - Pokomo",0.9081632653061225
KEN,Coast province,4,3,2,-4.217588,39.485655333333334,Government of Kenya - Civilians,0.006802721088435374
KEN,Coast province,5,4,14,-4.05,39.666667,Al-Shabaab - Civilians; al-Qaida  - Civilians,0.047619047619047616
KEN,Eastern province,1,3,28,3.510926,38.962778,Ethiopia: Oromiya,0.06363636363636363
KEN,Eastern province,2,36,403,1.9789566944444443,37.980091083333335,Ajuran - Garre; Borana - Gabra; Borana - Samburu,0.9159090909090909
KEN,Eastern province,4,2,9,-1.7253565,37.324558499999995,Government of Kenya - Civilians,0.020454545454545454
KEN,Elgeyo Marakwet county,2,26,64,1.1522573076923077,35.6061055,Marakwet - Pokot,0.9846153846153847
KEN,Elgeyo Marakwet county,4,1,1,1.151716,35.57635,Government of Kenya - Civilians,0.015384615384615385
KEN,Garissa county,1,81,226,-0.44602441975308643,40.47947938271605,Kenya: Northeastern Province and Coast; Somalia: Government,0.5750636132315522
KEN,Garissa county,5,11,167,-0.25985945454545456,40.05932063636363,Al-Shabaab - Civilians,0.42493638676844786
KEN,Homa Bay county,4,3,3,-0.5312503333333334,34.35091966666667,Government of Kenya - Civilians,1.0
KEN,Isiolo county,1,1,1,1.06725,38.6662,Kenya: Northeastern Province and Coast,0.01282051282051282
KEN,Isiolo county,2,10,77,0.9315735,38.1187692,Borana - Degodia; Borana - Samburu; Samburu - Turkana,0.9871794871794872
KEN,Kajiado county,4,1,4,-2.155671,37.590177,Government of Kenya - Civilians,1.0
KEN,Kakamega county,4,2,2,0.37570349999999997,34.61898,Government of Kenya - Civilians,1.0
KEN,Kericho county,4,1,3,-0.582137,35.190824,Government of Kenya - Civilians,1.0
KEN,Kiambu county,4,2,3,-1.12185,36.805501,Government of Kenya - Civilians,1.0
KEN,Kilifi county,1,3,5,-3.200541,39.979400000000005,Kenya: Northeastern Province and Coast,0.7142857142857143
KEN,Kilifi county,4,2,2,-3.811833,39.617498499999996,Government of Kenya - Civilians,0.2857142857142857
KEN,Kisii county,4,1,1,-0.678809,34.776355,Government of Kenya - Civilians,1.0
KEN,Kisumu county,4,14,17,-0.10438185714285715,34.74566471428572,Government of Kenya - Civilians,0.85
KEN,Kisumu county,5,1,3,-0.308022,34.878451,Al-Shabaab - Civilians,0.15
KEN,Kitui county,1,1,0,-1.515795,37.949993,Kenya: Northeastern Province and Coast,0.0
KEN,Kitui county,4,2,3,-1.6379009999999998,38.0425475,Government of Kenya - Civilians,1.0
KEN,Kwale county,1,12,12,-4.244450666666666,39.50707191666667,Kenya: Northeastern Province and Coast; Somalia: Government,0.75
KEN,Kwale county,4,2,2,-4.265833000000001,39.4822865,Government of Kenya - Civilians,0.125
KEN,Kwale county,5,2,2,-4.3534995,39.506792000000004,Al-Shabaab - Civilians,0.125
KEN,Laikipia county,4,1,1,0.26699,36.53886,Government of Kenya - Civilians,1.0
KEN,Lamu county,1,88,285,-1.9037646931818182,41.04977173863636,Kenya: Northeastern Province and Coast; Somalia: Government,0.6658878504672897
KEN,Lamu county,5,29,143,-2.1710005517241378,40.68846120689655,Al-Shabaab - Civilians,0.3341121495327103
KEN,Mandera county,1,98,239,3.3839520918367345,41.18413944897959,Kenya: Northeastern Province and Coast; Somalia: Government,0.4989561586638831
KEN,Mandera county,2,36,103,3.7538592222222227,40.67947641666667,Degodia - Garre,0.2150313152400835
KEN,Mandera county,4,2,2,3.1960745,40.908334499999995,Government of Kenya - Civilians,0.0041753653444676405
KEN,Mandera county,5,24,135,3.6031630000000003,41.298795500000004,Al-Shabaab - Civilians,0.2818371607515658
KEN,Marsabit county,1,2,1,3.5189945,39.0619435,Ethiopia: Oromiya,0.006535947712418301
KEN,Marsabit county,2,38,152,3.150372157894737,38.2818155,"Borana - Burji, Gabra; Borana - Gabra; Dassanetch - Gabra",0.9934640522875817
KEN,Meru county,4,1,1,0.04626,37.65587,Government of Kenya - Civilians,1.0
KEN,Migori county,4,2,2,-1.063435,34.473131,Government of Kenya - Civilians,1.0
KEN,Mombasa county,1,9,19,-4.055084,39.67015522222222,Kenya: Northeastern Province and Coast; Somalia: Government,1.0
KEN,Mombasa county,4,4,0,-4.03626725,39.6645805,Government of Kenya - Civilians,0.0
KEN,Mombasa county,5,1,0,-4.083936,39.661606,Al-Shabaab - Civilians,0.0
KEN,Nairobi city county,1,3,19,-1.283333,36.816667,Kenya: Northeastern Province and Coast; Somalia: Government,0.12258064516129032
KEN,Nairobi city county,4,35,52,-1.2801067714285714,36.82347157142858,Government of Kenya - Civilians,0.33548387096774196
KEN,Nairobi city county,5,4,84,-1.283333,36.816667,Al-Shabaab - Civilians,0.5419354838709678
KEN,Nairobi province,1,1,1,-1.283333,36.816667,Ethiopia: Ogaden,0.007518796992481203
KEN,Nairobi province,2,6,10,-1.2743849999999999,36.835149333333334,Kikuyu - Luo,0.07518796992481203
KEN,Nairobi province,4,35,59,-1.282007057142857,36.83412005714286,Government of Kenya - Civilians,0.44360902255639095
KEN,Nairobi province,5,13,63,-1.2756405384615386,36.820512769230774,Al-Shabaab - Civilians; Mungiki - Civilians,0.47368421052631576
KEN,Nandi county,4,2,3,0.21411,35.29999,Government of Kenya - Civilians,1.0
KEN,Narok county,4,1,2,-0.611852,35.740738,Government of Kenya - Civilians,1.0
KEN,North Eastern province,1,14,20,0.8998651428571429,40.55519535714286,Somalia: Government,0.048426150121065374
KEN,North Eastern province,2,37,368,3.0302794324324323,40.83339278378378,Ajuran - Garre; Borana - Degodia; Degodia - Garre,0.8910411622276029
KEN,North Eastern province,5,13,25,0.5320023846153846,40.19644630769231,Al-Shabaab - Civilians,0.06053268765133172
KEN,Nyanza province,2,6,37,-0.38888866666666666,34.71944466666667,"Kalenjin - Kikuyu; Kalenjin - Kisii, Luo; Kikuyu - Luo",0.37373737373737376
KEN,Nyanza province,4,13,62,-0.22692307692307695,34.63461546153846,Government of Kenya - Civilians; Government of Uganda - Civilians,0.6262626262626263
KEN,Rift Valley province,2,224,2382,1.7718534107142856,35.71912802232143,"Borana - Samburu; Dassanetch - Nyangatom , Toposa; Dassanetch - Turkana",0.9694749694749695
KEN,Rift Valley province,4,11,13,0.6379664545454544,35.600399272727266,Government of Kenya - Civilians; Government of Uganda - Civilians,0.005291005291005291
KEN,Rift Valley province,5,12,62,0.5400744166666666,35.69952933333334,Mungiki - Civilians; SLDF - Civilians; SPLM/A - Civilians,0.025234025234025233
KEN,Samburu county,2,9,56,1.5345912222222222,36.749772666666665,Pokot - Turkana; Samburu - Turkana,1.0
KEN,Siaya county,4,4,6,0.022245499999999998,34.2857835,Government of Kenya - Civilians,1.0
KEN,Tana River county,1,3,12,-1.4839023333333332,39.61711233333333,Kenya: Northeastern Province and Coast; Somalia: Government,0.2926829268292683
KEN,Tana River county,2,6,29,-0.9234013333333334,39.27056833333334,"Orma - Pokomo; Orma, Wardei - Pokomo",0.7073170731707317
KEN,Turkana county,2,47,131,2.838392914893617,35.53658365957447,Anuak - Nuer; Chiebiliew Yoal (Lou Nuer) - Cie Bol; Dassanetch - Turkana,1.0
KEN,Uasin Gishu county,4,1,0,0.511362,35.276387,Government of Kenya - Civilians,0.0
KEN,Wajir county,1,15,51,1.9751565333333332,40.410814933333334,Kenya: Northeastern Province and Coast; Somalia: Government,0.4722222222222222
KEN,Wajir county,2,7,48,2.1913365714285713,40.108566714285715,Degodia - Garre,0.4444444444444444
KEN,Wajir county,5,3,9,1.8578346666666665,40.28767666666667,Al-Shabaab - Civilians,0.08333333333333333
KEN,West Pokot county,2,8,20,1.70347,35.350139625,Matheniko Karimojong - Pokot; Pokot - Turkana,1.0
KEN,Western province,2,10,105,0.7505834,34.5758056,Kalenjin - Luhya; MDF - SLDF; Pokot - Sabiny,0.2949438202247191
KEN,Western province,4,18,149,0.7601852222222223,34.64259288888889,Government of Kenya - Civilians,0.41853932584269665
KEN,Western province,5,23,102,0.9345583043478259,34.60852604347826,SLDF - Civilians,0.28651685393258425
KGZ,Batken oblast,1,46,268,39.86479443478261,70.44545891304348,Kyrgyzstan - Tajikistan; Uzbekistan: Government,0.9816849816849816
KGZ,Batken oblast,4,5,5,40.097213800000006,69.964041,Government of Tajikistan - Civilians,0.018315018315018316
KGZ,Jalal-Abad oblast,1,3,15,41.06657966666666,72.52751466666666,Uzbekistan: Government,0.8333333333333334
KGZ,Jalal-Abad oblast,2,6,3,41.1166665,72.81666666666666,Kyrgyz - Uzbek,0.16666666666666666
KGZ,Osh oblast,1,4,15,39.824692999999996,71.8917905,Uzbekistan: Government,0.8823529411764706
KGZ,Osh oblast,2,2,2,40.293846,72.889954,Kyrgyz - Uzbek,0.11764705882352941
KGZ,Osh shaary,2,17,39,40.53,72.79,Kyrgyz - Uzbek,1.0
KHM,Banteay Meanchey province,1,74,798,13.703823932432433,102.77081148648648,Cambodia (Kampuchea): Government,0.9987484355444305
KHM,Banteay Meanchey province,5,2,1,13.506943,102.79166649999999,KR - Civilians,0.0012515644555694619
KHM,Battambang province,1,103,1186,12.9557526407767,102.95261690291262,Cambodia (Kampuchea): Government,0.9193798449612403
KHM,Battambang province,4,8,29,13.000998375,103.21781725,Government of Cambodia (Kampuchea) - Civilians,0.02248062015503876
KHM,Battambang province,5,8,75,12.958358,103.132888625,KR - Civilians,0.05813953488372093
KHM,Kampot province,1,11,38,10.649830272727273,104.36957063636363,Cambodia (Kampuchea): Government,0.4222222222222222
KHM,Kampot province,4,1,1,10.83333,104.33333,Government of Cambodia (Kampuchea) - Civilians,0.011111111111111112
KHM,Kampot province,5,8,51,10.608440875,104.300761625,KR - Civilians,0.5666666666666667
KHM,Kandal province,1,2,4,11.6569965,104.912835,Cambodia (Kampuchea): Government,1.0
KHM,Kandal province,5,2,0,11.4277285,105.1187245,KR - Civilians,0.0
KHM,Koh Kong province,4,1,1,11.748056,102.9825,Government of Cambodia (Kampuchea) - Civilians,1.0
KHM,Kompong Cham province,1,7,5,12.087497857142859,105.29949599999999,Cambodia (Kampuchea): Government,0.05
KHM,Kompong Cham province,4,3,3,12.083329999999998,105.58333,Government of Cambodia (Kampuchea) - Civilians,0.03
KHM,Kompong Cham province,5,1,92,12.08333,105.58333,KR - Civilians,0.92
KHM,Kompong Chhang province,1,1,5,12.16667,104.55,Cambodia (Kampuchea): Government,0.16666666666666666
KHM,Kompong Chhang province,5,1,25,12.514328,104.454055,KR - Civilians,0.8333333333333334
KHM,Kompong Chhnang province,1,7,17,12.165366,104.58727657142857,Cambodia (Kampuchea): Government,0.19540229885057472
KHM,Kompong Chhnang province,4,1,2,12.16667,104.55,Government of Cambodia (Kampuchea) - Civilians,0.022988505747126436
KHM,Kompong Chhnang province,5,10,68,12.1297786,104.5880962,KR - Civilians,0.7816091954022989
KHM,Kompong Saom province,1,2,50,10.635917,103.501715,Cambodia (Kampuchea): Government,0.4854368932038835
KHM,Kompong Saom province,5,2,53,10.635917,103.501715,KR - Civilians,0.5145631067961165
KHM,Kompong Speu province,1,2,1,11.6086825,104.355029,Cambodia (Kampuchea): Government,0.2
KHM,Kompong Speu province,5,1,4,11.5,104.33333,KR - Civilians,0.8
KHM,Kompong Thom province,1,22,309,12.829409954545456,104.92068018181818,Cambodia (Kampuchea): Government,0.8512396694214877
KHM,Kompong Thom province,5,5,54,12.8093592,104.81245019999999,KR - Civilians,0.1487603305785124
KHM,Kratie province,1,5,3,12.5292286,106.00813459999999,Cambodia (Kampuchea): Government,0.3333333333333333
KHM,Kratie province,4,2,3,12.320845,106.135915,Government of Cambodia (Kampuchea) - Civilians,0.3333333333333333
KHM,Kratie province,5,1,3,12.667,106.0833,KR - Civilians,0.3333333333333333
KHM,Mondulkiri province,1,1,0,12.417217,106.770249,Cambodia (Kampuchea): Government,0.0
KHM,Oddar Meanchey province,1,34,390,14.310314588235295,103.7413955,Cambodia (Kampuchea) - Thailand; Cambodia (Kampuchea): Government,0.9974424552429667
KHM,Oddar Meanchey province,5,1,1,14.233333,104.083333,KR - Civilians,0.0025575447570332483
KHM,Phnom Penh autonomous municipality,1,6,65,11.56245,104.916006,Cambodia (Kampuchea): Government,0.6842105263157895
KHM,Phnom Penh autonomous municipality,4,8,30,11.56245,104.916006,Government of Cambodia (Kampuchea) - Civilians,0.3157894736842105
KHM,Phnom Penh autonomous municipality,5,2,0,11.56245,104.916006,KR - Civilians,0.0
KHM,Preah Sihanouk municipality,4,2,1,10.635917,103.501715,Government of Cambodia (Kampuchea) - Civilians,1.0
KHM,Preah Vihear province,1,32,165,13.9515733125,104.92096084375,Cambodia (Kampuchea) - Thailand; Cambodia (Kampuchea): Government,0.8870967741935484
KHM,Preah Vihear province,4,1,2,13.75,105.0,Government of Cambodia (Kampuchea) - Civilians,0.010752688172043012
KHM,Preah Vihear province,5,2,19,13.75,105.0,KR - Civilians,0.10215053763440861
KHM,Prey Veng province,1,1,1,11.36667,105.46667,Cambodia (Kampuchea): Government,0.3333333333333333
KHM,Prey Veng province,4,1,2,11.282517,105.421601,Government of Cambodia (Kampuchea) - Civilians,0.6666666666666666
KHM,Pursat province,1,6,8,12.426268166666667,103.72771433333332,Cambodia (Kampuchea): Government,0.1702127659574468
KHM,Pursat province,5,4,39,12.44612325,103.75153524999999,KR - Civilians,0.8297872340425532
KHM,Ratanakiri province,5,2,12,13.700812,107.216552,KR - Civilians,1.0
KHM,Siem Reap Oddar Meanchey province,1,25,350,13.68868268,103.9287688,Cambodia (Kampuchea): Government,0.8974358974358975
KHM,Siem Reap Oddar Meanchey province,5,5,40,13.3859396,103.94193580000001,KR - Civilians,0.10256410256410256
KHM,Siem Reap province,1,8,31,13.611902125,103.84732825,Cambodia (Kampuchea): Government,0.5740740740740741
KHM,Siem Reap province,5,2,23,13.536108500000001,104.0070305,KR - Civilians,0.42592592592592593
KHM,Stung Treng province,1,2,0,13.7106215,106.02893449999999,Cambodia (Kampuchea): Government,0.0
KHM,Svay Rieng province,1,1,0,11.1116,105.69814,Cambodia (Kampuchea): Government,0.0
KHM,Svay Rieng province,4,1,1,11.425836,105.769464,Government of Cambodia (Kampuchea) - Civilians,1.0
KHM,Takeo province,1,1,5,10.91667,104.833333,Cambodia (Kampuchea): Government,1.0
KWT,Kuwait governorate,1,9,59,29.366141777777777,47.94275155555555,Iraq - Kuwait,0.1634349030470914
KWT,Kuwait governorate,4,5,276,29.369722000000003,47.978333,Government of Iraq - Civilians,0.7645429362880887
KWT,Kuwait governorate,5,1,26,29.369722,47.978333,IS - Civilians,0.07202216066481995
LAO,Bolikhamxai province,1,2,94,18.411849,104.004933,Laos: Government,0.6527777777777778
LAO,Bolikhamxai province,4,4,50,18.580421,103.8999135,Government of Laos - Civilians,0.3472222222222222
LAO,Champasak province,1,1,5,15.162952,105.509556,Laos: Government,1.0
LAO,Oudomxai province,4,2,3,20.440119000000003,101.820215,Government of Laos - Civilians,1.0
LAO,Salavan province,1,1,30,15.421864,106.384041,Laos: Government,1.0
LAO,Vientiane province,1,1,21,19.134523,102.150978,Laos: Government,0.42857142857142855
LAO,Vientiane province,4,3,28,18.588805333333333,102.51877633333334,Government of Laos - Civilians,0.5714285714285714
LAO,Xaignabouli province,4,3,6,19.267964333333335,102.87662633333332,Government of Laos - Civilians,1.0
LAO,Xaisomboun province,4,2,7,18.490607,103.045444,Government of Laos - Civilians,1.0
LAO,Xiangkhoang province,1,2,134,19.363349,103.434411,Laos: Government,0.950354609929078
LAO,Xiangkhoang province,4,3,7,19.543786333333333,103.41403000000001,Government of Laos - Civilians,0.04964539007092199
LBN,Aakkar province,1,7,46,34.60280528571429,36.23986985714286,Israel: Southern Lebanon; Lebanon: Islamic State; Syria: Government,0.92
LBN,Aakkar province,4,2,4,34.62611,36.37722,Government of Syria - Civilians,0.08
LBN,Baalbek-Hermel province,1,218,1164,34.08618276146789,36.23337034862385,Israel: Southern Lebanon; Lebanon: Islamic State; Syria: Government,0.7395171537484116
LBN,Baalbek-Hermel province,2,26,410,34.18109769230769,36.40551169230769,Hezbollah - HTS; Hezbollah - IS; Hezbollah - Jabhat Fateh al-Sham,0.2604828462515883
LBN,Beirut province,1,188,1696,33.8716795212766,35.50962300531915,Israel - Syria; Israel: Palestine; Israel: Southern Lebanon,0.628380881808077
LBN,Beirut province,2,54,1002,33.871944,35.509722,Amal - Hezbollah; Brigades of Aisha - Hezbollah; Fatah - Fatah Revolutionary Council,0.3712486105965172
LBN,Beirut province,4,1,1,33.871944,35.509722,Government of Iraq - Civilians,0.0003705075954057058
LBN,Beqaa province,1,95,364,33.6472603368421,35.80719129473684,Israel: Palestine; Israel: Southern Lebanon; Syria: Government,0.875
LBN,Beqaa province,2,8,47,33.670943124999994,35.838543,Amal - Hezbollah; Hezbollah - IS; Hezbollah - SLA,0.11298076923076923
LBN,Beqaa province,5,1,5,33.666667,35.833333,IS - Civilians,0.01201923076923077
LBN,Keserwan-Jbeil province,1,4,51,34.069174,35.70236475,Israel: Southern Lebanon,1.0
LBN,Mount Lebanon province,1,55,288,33.78259449090909,35.543905,Israel - Syria; Israel: Palestine; Israel: Southern Lebanon,0.7912087912087912
LBN,Mount Lebanon province,2,15,76,33.8967506,35.6541274,Forces of Michel Aoun - Lebanese Forces; Forces of Michel Aoun - PSP; Hezbollah - Jabhat Fateh al-Sham,0.2087912087912088
LBN,Nabatiye province,1,838,2013,33.256807434367545,35.47494714916468,Israel: Palestine; Israel: Southern Lebanon,0.8580562659846548
LBN,Nabatiye province,2,102,326,33.29019676470588,35.47800502941176,Amal - Hezbollah; Hezbollah - SLA,0.13895993179880647
LBN,Nabatiye province,4,3,5,33.204645,35.49052866666667,Government of Israel - Civilians,0.002131287297527707
LBN,Nabatiye province,5,5,2,33.2215552,35.4723196,Hezbollah - Civilians,0.0008525149190110827
LBN,North Lebanon province,1,9,47,34.39131788888889,35.85766122222222,Israel: Palestine; Israel: Southern Lebanon; Lebanon: Islamic State,0.18875502008032127
LBN,North Lebanon province,2,42,155,34.436667,35.849722,Alawite (Lebanon) - Sunni (Lebanon),0.6224899598393574
LBN,North Lebanon province,5,1,47,34.436667,35.849722,ADP - Civilians,0.18875502008032127
LBN,South Lebanon province,1,511,1627,33.3037025812133,35.31750305870842,Iran - Israel; Israel: Palestine; Israel: Southern Lebanon,0.7642085486143729
LBN,South Lebanon province,2,117,399,33.469895923076926,35.4949694957265,Amal - Hezbollah; Fatah - Fatah Revolutionary Council; Hezbollah - SLA,0.1874119304837952
LBN,South Lebanon province,4,1,102,33.209167,35.299167,Government of Israel - Civilians,0.04790981681540629
LBN,South Lebanon province,5,1,1,33.27333,35.19389,Hezbollah - Civilians,0.0004697040864255519
LBR,Bomi county,1,13,86,6.789724076923077,-10.814956769230768,Liberia: Government,0.03946764570904084
LBR,Bomi county,2,8,314,6.79937475,-10.82874975,NPFL - ULIMO; ULIMO - J - ULIMO - K,0.14410279944928867
LBR,Bomi county,4,2,201,6.782500000000001,-10.845832999999999,Government of Liberia - Civilians,0.09224414869206057
LBR,Bomi county,5,17,1578,6.703223647058824,-10.840701882352942,LURD - Civilians; NPFL - Civilians; ULIMO - J - Civilians,0.7241854061496099
LBR,Bong county,1,6,235,6.996805833333333,-9.473796166666666,Liberia: Government,0.07722642129477489
LBR,Bong county,2,4,35,6.779167,-10.083333,LPC - NPFL; NPFL - ULIMO,0.011501807426881366
LBR,Bong county,4,2,19,6.995556,-9.472222,Government of Liberia - Civilians,0.006243838317449885
LBR,Bong county,5,30,2754,6.954678933333333,-9.739740133333333,INPFL - Civilians; LPC - Civilians; LURD - Civilians,0.9050279329608939
LBR,Gbarpolu county,1,1,1,7.37639,-9.99833,Liberia: Government,0.008547008547008548
LBR,Gbarpolu county,5,2,116,7.116667,-10.4520835,LURD - Civilians,0.9914529914529915
LBR,Grand Bassa county,1,6,77,5.942360833333333,-9.9972225,Liberia: Government,0.1714922048997773
LBR,Grand Bassa county,2,5,39,5.971833200000001,-9.9746668,LPC - NPFL,0.08685968819599109
LBR,Grand Bassa county,4,3,38,6.154723333333333,-9.848888,Government of Liberia - Civilians,0.08463251670378619
LBR,Grand Bassa county,5,14,295,6.082363785714286,-9.920421071428573,LPC - Civilians; NPFL - Civilians,0.6570155902004454
LBR,Grand Cape Mount county,1,2,10,6.9452774999999995,-11.006805,Liberia: Government,0.029154518950437316
LBR,Grand Cape Mount county,2,5,14,7.2197224,-11.0301666,NPFL - ULIMO,0.04081632653061224
LBR,Grand Cape Mount county,5,32,319,6.9519421875,-11.12917846875,LURD - Civilians; NPFL - Civilians; ULIMO - Civilians,0.9300291545189504
LBR,Grand Gedeh county,1,3,6,5.967037,-8.155093666666668,Liberia: Government,0.019867549668874173
LBR,Grand Gedeh county,4,2,14,6.0416685,-8.2500015,Government of Liberia - Civilians,0.046357615894039736
LBR,Grand Gedeh county,5,23,282,5.740482521739131,-8.110808347826087,INPFL - Civilians; LPC - Civilians; LURD - Civilians,0.9337748344370861
LBR,Grand Kru county,2,1,35,4.83333,-8.33333,LPC - NPFL,0.23648648648648649
LBR,Grand Kru county,5,8,113,4.7569945,-8.301214,LPC - Civilians; NPFL - Civilians,0.7635135135135135
LBR,Lofa county,1,21,399,8.196771476190477,-9.892181809523809,Guinea: Government; Liberia: Government; Sierra Leone: Government,0.07649539877300614
LBR,Lofa county,2,5,104,8.1195556,-10.1063334,NPFL - ULIMO; RUF - ULIMO,0.019938650306748466
LBR,Lofa county,4,22,2210,8.151614863636365,-10.006035590909091,Government of Liberia - Civilians,0.42369631901840493
LBR,Lofa county,5,46,2503,8.092782695652174,-9.909805913043478,LDF - Civilians; LPC - Civilians; LURD - Civilians,0.4798696319018405
LBR,Margibi county,1,3,8,6.330555666666666,-10.415926,Liberia: Government,0.0047562425683709865
LBR,Margibi county,4,2,15,6.3756945,-10.444722500000001,Government of Liberia - Civilians,0.0089179548156956
LBR,Margibi county,5,6,1659,6.403055500000001,-10.3587965,LURD - Civilians; NPFL - Civilians,0.9863258026159334
LBR,Maryland county,2,2,85,4.6695835,-7.71125,LPC - NPFL,0.34552845528455284
LBR,Maryland county,4,1,66,4.589167,-7.6725,Government of Liberia - Civilians,0.2682926829268293
LBR,Maryland county,5,10,95,4.5943616,-7.697333500000001,LPC - Civilians; NPFL - Civilians,0.3861788617886179
LBR,Montserrado county,1,40,1789,6.323318775,-10.770900175,Liberia: Government,0.34167303284950346
LBR,Montserrado county,2,23,2036,6.341751652173913,-10.767512043478261,"INPFL - NPFL; NPFL - ULIMO; NPFL, ULIMO - K - AFL, LPC, ULIMO - J",0.38884644766997706
LBR,Montserrado county,4,22,1155,6.319858227272727,-10.786537,Government of Liberia - Civilians,0.22058823529411764
LBR,Montserrado county,5,30,256,6.355949766666667,-10.727974499999998,INPFL - Civilians; LURD - Civilians; NPFL - Civilians,0.04889228418640183
LBR,Nimba county,1,19,213,6.997011052631579,-8.647658894736843,Liberia: Government,0.3
LBR,Nimba county,2,1,37,7.06722,-8.73556,INPFL - NPFL,0.05211267605633803
LBR,Nimba county,4,19,126,7.080778105263158,-8.656028894736842,Government of Liberia - Civilians,0.17746478873239438
LBR,Nimba county,5,11,334,6.9315691818181815,-8.664182636363636,LPC - Civilians; NPFL - Civilians,0.4704225352112676
LBR,River Cess county,2,1,1,5.46,-9.582778,LPC - NPFL,0.0006544502617801048
LBR,River Cess county,5,30,1527,5.7630508,-9.5089634,LPC - Civilians; NPFL - Civilians,0.9993455497382199
LBR,River Gee county,1,1,1,5.25,-7.916667,Liberia: Government,0.0024875621890547263
LBR,River Gee county,2,1,20,5.19639,-7.87556,LPC - NPFL,0.04975124378109453
LBR,River Gee county,4,1,369,5.3,-7.5,Government of Liberia - Civilians,0.917910447761194
LBR,River Gee county,5,2,12,5.3775,-7.99417,LPC - Civilians; NPFL - Civilians,0.029850746268656716
LBR,Sinoe county,1,2,7,5.01111,-9.03889,Liberia: Government,0.006842619745845552
LBR,Sinoe county,2,1,1,5.333333,-8.666667,LPC - NPFL,0.0009775171065493646
LBR,Sinoe county,5,19,1015,5.274005210526315,-8.752939000000001,LPC - Civilians; NPFL - Civilians,0.9921798631476051
LBY,Al Buţnān district,2,1,13,29.68333,24.71667,SRF - Subol Al-Salam Brigade,1.0
LBY,Al Jafārah district,1,8,40,32.46757075,13.028781500000001,Libya: Government,1.0
LBY,Al Jufrah district,1,4,9,27.8180005,17.69637725,Libya: Government; Libya: Islamic State,0.039647577092511016
LBY,Al Jufrah district,2,16,214,28.378995125,16.8721958125,Forces of the House of Representatives - IS; SDB - Forces of the House of Representatives,0.9427312775330396
LBY,Al Jufrah district,5,2,4,28.29576,16.5691865,IS - Civilians,0.01762114537444934
LBY,Al Marj district,2,1,36,32.187045,20.595294,Benghazi Revolutionaries Shura Council - Forces of the House of Representatives,1.0
LBY,Al Wahat district,1,30,266,30.52103483333333,19.795815033333334,Libya: Government; Libya: Islamic State,0.6288416075650118
LBY,Al Wahat district,2,21,157,30.59692576190476,20.114929857142858,Ajdabiya Revolutionaries Shura Council  - Forces of the House of Representatives; Forces of the House of Representatives - IS; SDB - Forces of the House of Representatives,0.37115839243498816
LBY,An Nuqat al Khams district,1,12,152,32.878544999999995,12.2670765,Iraq: Government; Libya: Government; Libya: Islamic State,0.7794871794871795
LBY,An Nuqat al Khams district,2,3,43,32.79335,12.48845,"Anas al-Dabbashi Brigade, Brigade 48 - Operations Room Combating Daesh, Shuhada al-Wadi militia",0.2205128205128205
LBY,Benghazi district,1,19,190,32.13570221052631,20.148543157894736,Libya: Government; Libya: Islamic State,0.0811965811965812
LBY,Benghazi district,2,204,2146,32.11095265196079,20.128573392156863,ASL - LNA; Benghazi Revolutionaries Shura Council - Forces of the House of Representatives; Benghazi Revolutionaries Shura Council - LNA,0.917094017094017
LBY,Benghazi district,5,2,4,32.117664,20.129275,IS - Civilians,0.0017094017094017094
LBY,Darnah district,1,2,3,32.767041,22.636686,Iraq: Government; Libya: Government,0.0036991368680641184
LBY,Darnah district,2,106,778,32.76113320754717,22.616819028301887,DPF - Forces of the House of Representatives; DPF - IS; Forces of the House of Representatives - IS,0.9593094944512947
LBY,Darnah district,5,6,30,32.767041,22.636686,IS - Civilians,0.036991368680641186
LBY,Jabal al Gharbi district,1,32,405,31.994401125,12.5553095,Libya: Government,0.8350515463917526
LBY,Jabal al Gharbi district,2,6,79,31.837929666666668,12.389711166666666,"Gontrar, Zintan - Mashashia; Libya Dawn - Zintan Military Council",0.16288659793814433
LBY,Jabal al Gharbi district,4,1,1,31.75,12.5,Government of Libya - Civilians,0.002061855670103093
LBY,Jabal al-Akhdra district,4,1,26,32.766389,21.741667,Government of Libya - Civilians,0.8387096774193549
LBY,Jabal al-Akhdra district,5,1,5,32.766389,21.741667,IS - Civilians,0.16129032258064516
LBY,Kufra district,2,17,276,24.09062294117647,22.954183588235296,Forces of the House of Representatives - IS; SRF - Subol Al-Salam Brigade; Toubou  - Zuwaya,0.9928057553956835
LBY,Kufra district,5,1,2,25.70996,21.13063,IS - Civilians,0.007194244604316547
LBY,Marqab district,1,19,285,32.43182936842105,14.353470052631579,Libya: Government; Libya: Islamic State,1.0
LBY,Misrata district,1,123,1530,32.180122528455286,15.039911162601626,Libya: Government; Libya: Islamic State,0.9610552763819096
LBY,Misrata district,2,2,3,32.194422,14.6996045,Forces of Ibrahim Jadhran - Forces of the House of Representatives,0.0018844221105527637
LBY,Misrata district,4,3,58,32.375352,15.092543,Government of Libya - Civilians,0.0364321608040201
LBY,Misrata district,5,1,1,32.406111,14.836944,IS - Civilians,0.000628140703517588
LBY,Mourzouq district,1,15,178,25.835547599999998,14.211697599999999,Libya: Government; Libya: Islamic State,0.6768060836501901
LBY,Mourzouq district,2,11,84,25.637718909090907,14.62117809090909,Ahali - Toubou; Forces of the House of Representatives - IS,0.3193916349809886
LBY,Mourzouq district,5,1,1,26.13386,14.7372,IS - Civilians,0.0038022813688212928
LBY,Nalut district,1,5,110,31.5910012,11.062532999999998,Libya: Government,1.0
LBY,Sabha district,1,10,64,27.0177375,14.4570239,Libya: Government; Libya: Islamic State,0.14918414918414918
LBY,Sabha district,2,39,363,26.98166620512821,14.41634458974359,"Awlad Busayf, Awlad Suleiman  - Toubou; Awlad Suleiman  - Qadhadhfa; Awlad Suleiman  - Toubou",0.8461538461538461
LBY,Sabha district,5,2,2,26.441554,14.254546,IS - Civilians,0.004662004662004662
LBY,Surt district,1,171,2514,31.144774719298244,16.744497842105265,Libya: Government; Libya: Islamic State,0.8902266288951841
LBY,Surt district,2,20,262,30.75543105,17.605658899999998,Forces of Ibrahim Jadhran - Forces of the House of Representatives; Forces of the House of Representatives - IS; IS - Shabab al-Tawhid wa al-Aqiyda,0.09277620396600567
LBY,Surt district,5,12,48,31.208924,16.588661,IS - Civilians,0.0169971671388102
LBY,Tarhūnah district,1,5,45,32.435015,13.633197999999998,Libya: Government,1.0
LBY,Tripoli district,1,249,2604,32.82338226104417,13.171019337349398,Libya: Government; Libya: Islamic State,0.8833107191316146
LBY,Tripoli district,2,23,312,32.8925,13.18,"Brigade 301, Ghaniwa Brigade, Nawasi Battalion, TRB - Kaniyat; Jabhat al-Samud, Kaniyat - TPF; Libya Dawn - Zintan Military Council",0.10583446404341927
LBY,Tripoli district,4,2,18,32.857505,13.127688,Government of Libya - Civilians,0.006105834464043419
LBY,Tripoli district,5,2,14,32.8925,13.18,IS - Civilians,0.0047489823609226595
LBY,Wādī al Ḩayāt district,1,1,0,26.592058,12.780488,Libya: Government,0.0
LBY,Wādī al Ḩayāt district,2,7,54,26.592058,12.780488,Forces of the House of Representatives - IS; Toubou  - Tuareg,1.0
LBY,Wādī ash Shāţi’ district,1,1,141,27.550088,14.26904,Libya: Government,0.9791666666666666
LBY,Wādī ash Shāţi’ district,2,1,3,27.550088,14.26904,Forces of the House of Representatives - IS,0.020833333333333332
LBY,Zawiyah district,1,20,209,32.6308313,12.67641045,Libya: Government,0.806949806949807
LBY,Zawiyah district,4,1,50,32.757102,12.727639,Government of Libya - Civilians,0.19305019305019305
LKA,Central province,1,23,128,7.3093136086956525,80.68780652173913,Sri Lanka (Ceylon): Eelam; Sri Lanka (Ceylon): Government,0.5614035087719298
LKA,Central province,2,1,1,7.466667,80.616667,Supporters of PA - Supporters of UNP,0.0043859649122807015
LKA,Central province,4,3,13,7.191489333333333,80.69585366666666,Government of Sri Lanka - Civilians,0.05701754385964912
LKA,Central province,5,11,86,7.383982818181818,80.66057272727272,JVP - Civilians; LTTE - Civilians,0.37719298245614036
LKA,Eastern province,1,115,681,7.776598582608696,81.50823110434783,Sri Lanka (Ceylon): Eelam,0.8937007874015748
LKA,Eastern province,2,7,22,7.7186325714285715,81.59344685714287,LTTE - LTTE - K,0.028871391076115485
LKA,Eastern province,4,2,0,8.194166500000001,81.4024665,Government of Sri Lanka - Civilians,0.0
LKA,Eastern province,5,8,59,7.742755875,81.517029625,IS - Civilians; LTTE - Civilians,0.07742782152230972
LKA,North Central province,1,104,902,8.196758932692308,80.82690652884615,Sri Lanka (Ceylon): Eelam; Sri Lanka (Ceylon): Government,0.640625
LKA,North Central province,2,6,72,7.959640833333334,81.20435833333333,EPRLF - LTTE; LTTE - LTTE - K,0.05113636363636364
LKA,North Central province,4,1,3,8.0,81.0,Government of Sri Lanka - Civilians,0.002130681818181818
LKA,North Central province,5,27,431,8.209740777777778,80.79638733333333,JVP - Civilians; LTTE - Civilians,0.30610795454545453
LKA,North Eastern province,1,2036,36593,8.840458151277014,80.72158180500982,Sri Lanka (Ceylon): Eelam; Sri Lanka (Ceylon): Government,0.9366249456090506
LKA,North Eastern province,2,63,477,7.966803682539683,81.40669495238096,EPRLF - LTTE; LTTE - LTTE - K; LTTE - PLOTE,0.012209168394379175
LKA,North Eastern province,4,34,663,8.536807176470589,80.9132167647059,Government of Sri Lanka - Civilians,0.01696997619596099
LKA,North Eastern province,5,128,1336,8.2262690703125,81.1689613125,LTTE - Civilians,0.03419590980060918
LKA,North Western province,1,28,155,7.876202999999999,79.98314378571429,Sri Lanka (Ceylon): Eelam; Sri Lanka (Ceylon): Government,0.7788944723618091
LKA,North Western province,2,2,2,7.8977,80.09094999999999,Supporters of PA - Supporters of UNP,0.010050251256281407
LKA,North Western province,5,6,42,8.047505666666666,79.9764485,JVP - Civilians; LTTE - Civilians,0.21105527638190955
LKA,Northern province,1,1632,19832,9.158385423406862,80.40593834375,Sri Lanka (Ceylon): Eelam,0.9901148277583625
LKA,Northern province,4,4,13,9.4117,80.278875,Government of Sri Lanka - Civilians,0.0006490264603095357
LKA,Northern province,5,39,185,9.288437230769231,80.44878894871795,LTTE - Civilians,0.009236145781328009
LKA,Sabaragamuwa province,1,3,13,6.586852,80.582963,Sri Lanka (Ceylon): Government,0.3939393939393939
LKA,Sabaragamuwa province,2,3,5,7.253056,80.345278,Supporters of PA - Supporters of UNP,0.15151515151515152
LKA,Sabaragamuwa province,4,2,15,6.7986695,80.64772450000001,Government of Sri Lanka - Civilians,0.45454545454545453
LKA,Southern province,1,30,132,6.1487209,80.70542523333333,Sri Lanka (Ceylon): Eelam; Sri Lanka (Ceylon): Government,0.5409836065573771
LKA,Southern province,4,1,0,6.3211,80.9972,Government of Sri Lanka - Civilians,0.0
LKA,Southern province,5,13,112,6.33180923076923,80.69353061538462,JVP - Civilians; LTTE - Civilians,0.45901639344262296
LKA,Uva province,1,11,27,6.848883636363637,81.21302118181819,Sri Lanka (Ceylon): Eelam; Sri Lanka (Ceylon): Government,0.19852941176470587
LKA,Uva province,4,1,21,6.870103,81.348603,Government of Sri Lanka - Civilians,0.15441176470588236
LKA,Uva province,5,17,88,6.806850529411765,81.2921855882353,JVP - Civilians; LTTE - Civilians,0.6470588235294118
LKA,Western province,1,73,470,6.912457958904109,79.87773594520549,Sri Lanka (Ceylon): Eelam; Sri Lanka (Ceylon): Government,0.4667328699106256
LKA,Western province,2,3,9,6.931943999999999,79.847778,LTTE - LTTE - K,0.00893743793445879
LKA,Western province,4,3,25,6.938425666666666,79.93814833333333,Government of Sri Lanka - Civilians,0.024826216484607744
LKA,Western province,5,38,503,6.917216105263158,79.87160365789474,IS - Civilians; JVP - Civilians; LTTE - Civilians,0.49950347567030784
LSO,Maseru district,1,4,54,-29.316666,27.483333,Lesotho: Government,1.0
LSO,Thaba-Tseka district,1,1,24,-29.299244,28.489316,Lesotho: Government,1.0
MAR,Boujdour region,1,1,14,25.15,-12.366667,Morocco: Sahrawi Arab Democratic Republic (Western Sahara),1.0
MAR,Dakhla-Oued Ed-Dahab region,1,1,0,23.446111,-12.826667,Morocco: Sahrawi Arab Democratic Republic (Western Sahara),0.0
MAR,Es Smara region,1,3,147,26.627133333333333,-11.358874666666665,Morocco: Sahrawi Arab Democratic Republic (Western Sahara),1.0
MAR,Grand Casablanca region,5,2,34,33.59,-7.61,Salafia Jihadia - Civilians,1.0
MAR,Guelmim-Oued Noun region,1,2,4,27.790505,-9.23226,Morocco: Sahrawi Arab Democratic Republic (Western Sahara),1.0
MAR,Laâyoune-Sakia al Hamra region,1,9,29,26.67932655555556,-10.940680666666667,Morocco: Sahrawi Arab Democratic Republic (Western Sahara),1.0
MAR,Marrakesh-Tensift-El Haouz region,5,1,17,31.63488,-7.98569,AQIM - Civilians,1.0
MAR,Souss-Massa region,1,2,0,29.527905,-8.044115,Morocco: Sahrawi Arab Democratic Republic (Western Sahara),0.0
MDA,Bender municipality,1,23,74,46.834710130434786,29.483030999999997,Moldova: Dniestr,1.0
MDA,Causeni raion,1,2,6,46.752972,29.534658999999998,Moldova: Dniestr,1.0
MDA,Dubasari raion,1,29,76,47.24571382758621,29.152396172413795,Moldova: Dniestr,1.0
MDA,Grigoriopol municipality,1,1,0,47.15,29.3,Moldova: Dniestr,0.0
MDA,Tiraspol municipality,1,2,5,46.844366,29.576683000000003,Moldova: Dniestr,1.0
MDG,Analamanga region,2,1,2,-18.916667,47.516667,Supporters of Andry Rajoelina - Supporters of Marc Ravalomanana,0.06060606060606061
MDG,Analamanga region,4,1,31,-18.916667,47.516667,Government of Madagascar - Civilians,0.9393939393939394
MDG,Anosy region,4,4,15,-23.8893475,46.17581175,Government of Madagascar - Civilians,1.0
MDG,Antananarivo province,2,6,9,-18.916667,47.516667000000005,Supporters of Didier Ratsiraka - Supporters of Marc Ravalomanana,1.0
MDG,Antsiranana province,2,9,36,-14.029629777777778,49.66666688888889,Supporters of Didier Ratsiraka - Supporters of Marc Ravalomanana,1.0
MDG,Atsimo-Andrefana region,2,1,16,-23.35,43.666667,Supporters of Andry Rajoelina - Supporters of Marc Ravalomanana,1.0
MDG,Atsimo-Atsinanana region,4,1,23,-22.8015,47.59827,Government of Madagascar - Civilians,1.0
MDG,Atsinanana region,2,1,7,-18.166666,49.383333,Supporters of Andry Rajoelina - Supporters of Marc Ravalomanana,1.0
MDG,Fianarantsoa province,2,11,23,-21.433333,47.08333300000001,Supporters of Didier Ratsiraka - Supporters of Marc Ravalomanana,1.0
MDG,Haute Matsiatra region,4,1,3,-21.11667,47.21667,Government of Madagascar - Civilians,1.0
MDG,Mahajanga province,2,3,5,-15.716667,46.316667,Supporters of Didier Ratsiraka - Supporters of Marc Ravalomanana,1.0
MDG,Sofia region,4,1,1,-15.042713,48.93145,Government of Madagascar - Civilians,1.0
MDG,Toamasina province,2,3,6,-18.166666,49.383333,Supporters of Didier Ratsiraka - Supporters of Marc Ravalomanana,1.0
MDG,Vakinankaratra region,4,1,0,-19.564909,47.358457,Government of Madagascar - Civilians,0.0
MEX,Aguascalientes state,2,54,222,21.972407222222223,-102.40296870370369,Gulf Cartel - Jalisco Cartel New Generation; Jalisco Cartel New Generation - Sinaloa Cartel,1.0
MEX,Baja California Sur state,2,181,914,24.24493044198895,-110.50593801657458,Beltrán Leyva Cartel - Sinaloa Cartel; Jalisco Cartel New Generation - Sinaloa Cartel; Sinaloa Cartel - El Pepillo faction - Sinaloa Cartel - Los 28 faction,1.0
MEX,Baja California state,2,3778,20206,32.454977926945475,-116.93941832053997,"Caborca Cartel, Sinaloa Cartel - Los Mayos - Sinaloa Cartel - Los Chapitos; Jalisco Cartel New Generation - Sinaloa Cartel; Jalisco Cartel New Generation, Sinaloa Cartel - Los Chapitos - Sinaloa Cartel - Los Mayos",0.9982215196126865
MEX,Baja California state,4,2,2,32.5027,-117.00371,Government of Mexico - Civilians,9.880446596186147e-05
MEX,Baja California state,5,22,34,32.108856181818176,-116.4353375909091,Jalisco Cartel New Generation - Civilians; Sinaloa Cartel - Civilians,0.0016796759213516452
MEX,Chiapas state,1,15,161,16.698096666666668,-92.30749599999999,Mexico: Government,0.19950433705080545
MEX,Chiapas state,2,120,562,15.843408841666667,-92.52917603333334,Gulf Cartel - Sinaloa Cartel; Jalisco Cartel New Generation - Los Zetas; Jalisco Cartel New Generation - Sinaloa Cartel,0.6964064436183395
MEX,Chiapas state,4,5,14,16.1675458,-92.2473836,Government of Mexico - Civilians,0.01734820322180917
MEX,Chiapas state,5,8,70,15.95596875,-92.5491875,Jalisco Cartel New Generation - Civilians; MS-13 - Civilians; Paz y Justicia - Civilians,0.08674101610904585
MEX,Chihuahua state,2,4980,29540,31.13340685,-106.4976125058233,Gulf Cartel - Los Zetas; Gulf Cartel - Sinaloa Cartel; Jalisco Cartel New Generation - Sinaloa Cartel,0.9983439791814526
MEX,Chihuahua state,5,20,49,28.8127839,-106.8469364,Sinaloa Cartel - Civilians,0.0016560208185474332
MEX,Ciudad de México,2,82,194,19.424117073170734,-99.1286113902439,"Caborca Cartel, Sinaloa Cartel - Los Mayos - Sinaloa Cartel - Los Chapitos; Fuerza Anti Unión  - La Union de Tepito; Sinaloa Cartel - Forces of Damaso",0.9948717948717949
MEX,Ciudad de México,5,1,1,19.42847,-99.12766,Jalisco Cartel New Generation - Civilians,0.005128205128205128
MEX,Coahuila state,2,273,1250,25.798993802197803,-103.07751037362637,"Gulf Cartel - Los Zetas; Gulf Cartel - Sinaloa Cartel; Gulf Cartel, La Familia, Sinaloa Cartel - Los Zetas",0.9912767644726408
MEX,Coahuila state,4,1,0,27.333333,-102.0,Government of Mexico - Civilians,0.0
MEX,Coahuila state,5,8,11,26.925951625,-101.5981115,Los Zetas - Civilians; Sinaloa Cartel - Civilians,0.008723235527359239
MEX,Colima state,2,208,3816,19.184833846153847,-103.86495198557692,Cartel Independiente de Colima - Jalisco Cartel New Generation; Jalisco Cartel New Generation - La Nueva Familia; Jalisco Cartel New Generation - Los Caballeros Templarios,0.9994761655316919
MEX,Colima state,5,2,2,19.016865,-104.11,Jalisco Cartel New Generation - Civilians,0.0005238344683080147
MEX,Distrito Federal,2,4,13,19.42847,-99.12766,Gulf Cartel - Sinaloa Cartel; Sinaloa Cartel - Tijuana Cartel,0.5909090909090909
MEX,Distrito Federal,4,5,9,19.42847,-99.12766,Government of Mexico - Civilians,0.4090909090909091
MEX,Durango state,2,208,1989,24.772248552884612,-104.72011706250001,Beltrán Leyva Cartel - Sinaloa Cartel; Gulf Cartel - Los Zetas; Gulf Cartel - Sinaloa Cartel,0.9969924812030075
MEX,Durango state,5,7,6,24.38610042857143,-104.73677757142858,Sinaloa Cartel - Civilians,0.0030075187969924814
MEX,Guanajuato state,2,3602,21633,20.615274184619658,-101.0885848242643,Gulf Cartel - Los Zetas; Gulf Cartel - Sinaloa Cartel; Jalisco Cartel New Generation - La Nueva Familia,0.9987995752343137
MEX,Guanajuato state,4,5,5,20.763986,-101.078934,Government of Mexico - Civilians,0.00023085091647813842
MEX,Guanajuato state,5,17,21,20.725753764705882,-101.24446105882352,Jalisco Cartel New Generation - Civilians; Los Zetas - Civilians,0.0009695738492081814
MEX,Guerrero state,1,10,18,17.514706699999998,-99.968221,Mexico: Government,0.002926829268292683
MEX,Guerrero state,2,2392,6035,17.300089222408026,-99.8187197972408,Beltrán Leyva Cartel - Beltrán Leyva Cartel - Valdez Villareal faction; CRAC-PF - Los Ardillos; Cartel Independiente de Acapulco - Jalisco Cartel New Generation,0.9813008130081301
MEX,Guerrero state,4,5,32,17.4927694,-100.187196,Government of Mexico - Civilians,0.005203252032520325
MEX,Guerrero state,5,20,65,17.6075078,-99.3137461,Jalisco Cartel New Generation - Civilians; Los Ardillos - Civilians; Sinaloa Cartel - Civilians,0.01056910569105691
MEX,Hidalgo state,2,30,41,20.139804666666667,-98.72107033333333,"Gulf Cartel - Sinaloa Cartel; Jalisco Cartel New Generation, Sangre Nueva Zeta - Los Rojos; Sinaloa Cartel - Los Chapitos - Sinaloa Cartel - Los Mayos",1.0
MEX,Jalisco state,2,846,8716,20.5556221643026,-103.3788516855792,Beltrán Leyva Cartel - Sinaloa Cartel; Gulf Cartel - Los Zetas; Gulf Cartel - Sinaloa Cartel,0.9923716270067175
MEX,Jalisco state,4,1,6,19.70466,-103.4617,Government of Mexico - Civilians,0.0006831378799954458
MEX,Jalisco state,5,28,61,20.675970892857144,-103.52306803571427,Jalisco Cartel New Generation - Civilians; Sinaloa Cartel - Civilians,0.006945235113287032
MEX,Michoacán state,2,1660,10860,19.57992976566265,-101.72376200602409,"Autodefensas Unidas de Michoacán - Los Caballeros Templarios; Cartel Independiente de Acapulco - Los Rusos, UPOEG; Carteles Unidos - Jalisco Cartel New Generation",0.9972451790633609
MEX,Michoacán state,4,4,10,19.50235425,-101.98058575,Government of Mexico - Civilians,0.0009182736455463728
MEX,Michoacán state,5,12,20,19.24673616666667,-101.921553,Jalisco Cartel New Generation - Civilians; Sinaloa Cartel - Civilians,0.0018365472910927456
MEX,Morelos state,2,120,373,18.8191465,-99.13723096666666,Beltrán Leyva Cartel - Beltrán Leyva Cartel - Valdez Villareal faction; Guerreros Unidos - Los Rojos; Gulf Cartel - Sinaloa Cartel,0.9841688654353562
MEX,Morelos state,4,2,3,18.73291,-99.238285,Government of Mexico - Civilians,0.0079155672823219
MEX,Morelos state,5,3,3,18.820186666666668,-99.15381333333335,Jalisco Cartel New Generation - Civilians; Los Zetas - Civilians; Sinaloa Cartel - Civilians,0.0079155672823219
MEX,México state,1,2,2,19.625891000000003,-99.0832535,Mexico: Government,0.007220216606498195
MEX,México state,2,105,257,19.364036866666666,-99.39655777142856,Beltrán Leyva Cartel - Sinaloa Cartel; Carteles Unidos - Jalisco Cartel New Generation; Fuerza Anti Unión  - La Union de Tepito,0.927797833935018
MEX,México state,4,1,15,18.56171,-100.2562,Government of Mexico - Civilians,0.05415162454873646
MEX,México state,5,2,3,19.194489,-99.185316,Jalisco Cartel New Generation - Civilians,0.010830324909747292
MEX,Nayarit state,2,20,183,21.6886795,-105.08510550000001,Beltrán Leyva Cartel - Sinaloa Cartel; Jalisco Cartel New Generation - Sinaloa Cartel; Los Zetas - Sinaloa Cartel,1.0
MEX,Nuevo León state,2,826,4047,25.6794831440678,-100.20563349273607,Beltrán Leyva Cartel - Sinaloa Cartel; Gulf Cartel - Los Zetas; Gulf Cartel - Los Zetas - Cártel del Noreste faction,0.9679502511360919
MEX,Nuevo León state,4,2,1,26.9829055,-100.0621855,Government of Mexico - Civilians,0.00023917723032767282
MEX,Nuevo León state,5,5,133,25.727586000000002,-100.323244,Los Zetas - Civilians; Sinaloa Cartel - Civilians,0.03181057163358048
MEX,Oaxaca state,1,5,20,16.619577999999997,-96.695258,Mexico: Government,0.01221001221001221
MEX,Oaxaca state,2,91,1615,16.917528703296703,-96.54735406593406,Gulf Cartel - Sinaloa Cartel; Jalisco Cartel New Generation - Los Rojos; Jalisco Cartel New Generation - Los Zetas,0.985958485958486
MEX,Oaxaca state,4,1,2,18.18584,-96.87721,Government of Mexico - Civilians,0.001221001221001221
MEX,Oaxaca state,5,1,1,18.60194,-96.68278,Los Zetas - Civilians,0.0006105006105006105
MEX,Puebla state,2,418,1035,18.983915571770336,-98.11355364114833,Jalisco Cartel New Generation - La Nueva Familia; Jalisco Cartel New Generation - Los Rojos; Jalisco Cartel New Generation - Los Zetas,0.9923298178331735
MEX,Puebla state,5,3,8,19.040656666666667,-98.15064000000001,Jalisco Cartel New Generation - Civilians,0.007670182166826462
MEX,Querétaro state,2,8,52,20.917585875,-99.95073125,Jalisco Cartel New Generation - Santa Rosa de Lima Cartel,1.0
MEX,Quintana Roo state,2,158,1367,20.605269360759493,-87.2653029113924,"Caborca Cartel, Sinaloa Cartel - Los Mayos - Sinaloa Cartel - Los Chapitos; Gulf Cartel - Jalisco Cartel New Generation; Gulf Cartel - Los Zetas",0.9920174165457184
MEX,Quintana Roo state,4,1,1,20.21173,-87.46325,Government of Mexico - Civilians,0.000725689404934688
MEX,Quintana Roo state,5,4,10,20.8177215,-86.9722495,Jalisco Cartel New Generation - Civilians; Los Zetas - Civilians; Sinaloa Cartel - Civilians,0.00725689404934688
MEX,San Luis Potosí state,2,61,326,22.19666731147541,-100.43644321311476,Gulf Cartel - Jalisco Cartel New Generation; Gulf Cartel - Los Zetas; Gulf Cartel - Los Zetas - Cártel del Noreste faction,0.9969418960244648
MEX,San Luis Potosí state,5,1,1,21.79615,-100.73815,Jalisco Cartel New Generation - Civilians,0.0030581039755351682
MEX,Sinaloa state,2,2337,9071,24.75854601711596,-107.40815749379547,"Beltrán Leyva Cartel - Sinaloa Cartel; Caborca Cartel, Sinaloa Cartel - Los Mayos - Sinaloa Cartel - Los Chapitos; Gulf Cartel - Sinaloa Cartel",0.9898515931907464
MEX,Sinaloa state,4,5,9,25.113782,-107.91453200000001,Government of Mexico - Civilians,0.0009821038847664775
MEX,Sinaloa state,5,76,84,24.67669555263158,-107.3443072631579,Sinaloa Cartel - Civilians,0.009166302924487123
MEX,Sonora state,2,701,5809,29.245438967189727,-111.1059027831669,"Beltrán Leyva Cartel - Sinaloa Cartel; Caborca Cartel, Sinaloa Cartel - Los Mayos - Sinaloa Cartel - Los Chapitos; Gulf Cartel - Los Zetas",0.9981099656357388
MEX,Sonora state,4,1,1,32.456111,-114.771667,Government of Mexico - Civilians,0.0001718213058419244
MEX,Sonora state,5,11,10,31.31382727272727,-113.2846278181818,Sinaloa Cartel - Civilians,0.001718213058419244
MEX,Tabasco state,2,166,1864,18.025466993975904,-92.96896228915662,Gulf Cartel - Los Zetas; Gulf Cartel - Los Zetas - Cártel del Noreste faction; Gulf Cartel - Sinaloa Cartel,0.9973247726056714
MEX,Tabasco state,4,1,1,18.13421,-93.55794,Government of Mexico - Civilians,0.0005350454788657035
MEX,Tabasco state,5,2,4,17.874205,-92.76339,Jalisco Cartel New Generation - Civilians,0.002140181915462814
MEX,Tamaulipas state,2,495,2551,25.08312524040404,-98.6780514060606,Grupo Escorpion - Gulf Cartel - Los Ciclones faction; Gulf Cartel - Dragones de Sheyla faction - Gulf Cartel - Los Fresitas faction; Gulf Cartel - Jalisco Cartel New Generation,0.864159891598916
MEX,Tamaulipas state,4,10,44,26.525323500000002,-98.829634,Government of Mexico - Civilians,0.014905149051490514
MEX,Tamaulipas state,5,17,357,26.23829288235294,-99.07607088235294,Los Zetas - Civilians; Sinaloa Cartel - Civilians,0.1209349593495935
MEX,Tlaxcala state,2,4,34,19.40771175,-98.40783175,Jalisco Cartel New Generation - La Barredora; Jalisco Cartel New Generation - Los Zetas,0.9714285714285714
MEX,Tlaxcala state,4,1,1,19.31905,-98.19982,Government of Mexico - Civilians,0.02857142857142857
MEX,Veracruz state,1,1,0,18.66673,-96.99707,Mexico: Government,0.0
MEX,Veracruz state,2,473,7494,19.15300433192389,-96.31100939323467,Gulf Cartel - Jalisco Cartel New Generation; Gulf Cartel - Los Zetas; Gulf Cartel - Sinaloa Cartel,0.9968076616121309
MEX,Veracruz state,4,7,10,18.796209,-96.527151,Government of Mexico - Civilians,0.0013301409949454642
MEX,Veracruz state,5,11,14,18.771573454545457,-95.47802045454546,Jalisco Cartel New Generation - Civilians; Los Zetas - Civilians,0.00186219739292365
MEX,Yucatán state,2,2,4,20.728430000000003,-89.66986,Gulf Cartel - Sinaloa Cartel,1.0
MEX,Zacatecas state,2,889,5481,22.914285750281213,-102.77247849831271,Gulf Cartel - Los Zetas; Gulf Cartel - Sinaloa Cartel; Jalisco Cartel New Generation - Los Zetas,0.9979970866715222
MEX,Zacatecas state,4,1,1,22.65654,-102.09615,Government of Mexico - Civilians,0.0001820830298616169
MEX,Zacatecas state,5,5,10,22.8829154,-103.0033738,Jalisco Cartel New Generation - Civilians; Los Zetas - Civilians; Sinaloa Cartel - Civilians,0.001820830298616169
MKD,Aračinovo municipality,1,5,9,42.0264,21.5617,North Macedonia: Government,1.0
MKD,Gostivar municipality,1,1,5,41.8,20.916667,North Macedonia: Government,1.0
MKD,Kumanovo municipality,1,2,1,42.135833,21.718056,North Macedonia: Government,1.0
MKD,Lipkovo municipality,1,14,12,42.17728864285714,21.633319857142858,North Macedonia: Government,1.0
MKD,Skopje municipality,1,3,6,42.0,21.433333,North Macedonia: Government,1.0
MKD,Tearce municipality,1,4,2,42.094547750000004,21.060900750000002,North Macedonia: Government,1.0
MKD,Tetovo municipality,1,14,23,42.003966285714284,20.96543385714286,North Macedonia: Government,1.0
MKD,Vrapčište municipality,1,1,0,41.838173,20.881322,North Macedonia: Government,0.0
MKD,Čučer-Sandevo municipality,1,6,8,42.231979333333335,21.401537833333332,North Macedonia: Government,1.0
MLI,Bamako region,1,9,114,12.65,-8.0,Mali: Government,0.6705882352941176
MLI,Bamako region,4,3,54,12.65,-8.0,Government of Mali - Civilians; Government of Russia (Soviet Union) - Civilians,0.3176470588235294
MLI,Bamako region,5,1,2,12.65,-8.0,JNIM - Civilians,0.011764705882352941
MLI,Gao region,1,188,1585,16.165503872340427,0.4217069840425532,Mali: Azawad; Mali: Government; Mali: Government/Azawad,0.4710252600297177
MLI,Gao region,2,81,770,16.122069790123458,0.42583469135802465,"AQIM, JAS, MUJAO - CMA; Ansar Dine - CMA; Arab - Kounta",0.2288261515601783
MLI,Gao region,4,34,282,16.71166764705882,0.7454780294117648,"Government of Mali - Civilians; Government of Mali, Government of Russia (Soviet Union) - Civilians; Government of Russia (Soviet Union) - Civilians",0.0838038632986627
MLI,Gao region,5,80,728,15.890736624999999,0.46994943750000007,FIAA - Civilians; IS - Civilians; JNIM - Civilians,0.21634472511144132
MLI,Kayes region,1,62,236,14.525852338709678,-9.799362677419355,Mali: Government,0.959349593495935
MLI,Kayes region,2,1,2,15.40845,-10.22252,Dozos (Mali) - JNIM,0.008130081300813009
MLI,Kayes region,4,2,4,14.503023,-8.690368,"Government of Mali - Civilians; Government of Mali, Government of Russia (Soviet Union) - Civilians",0.016260162601626018
MLI,Kayes region,5,3,4,15.025124333333332,-10.277965,JNIM - Civilians,0.016260162601626018
MLI,Kidal region,1,201,1334,19.300656930348257,1.465261422885572,Algeria: Government; Mali: Azawad; Mali: Government,0.7485970819304153
MLI,Kidal region,2,24,211,18.775487625,1.3450665833333335,"Ansar Dine - CMA; CMA - CM-FPR, GATIA, MAA; CMA - GATIA",0.11840628507295174
MLI,Kidal region,4,67,230,18.829638567164178,1.154938656716418,"Government of Mali - Civilians; Government of Mali, Government of Russia (Soviet Union) - Civilians; Government of Russia (Soviet Union) - Civilians",0.12906846240179573
MLI,Kidal region,5,3,7,18.781203666666666,1.224815,AQIM - Civilians; JNIM - Civilians,0.003928170594837262
MLI,Koulikoro region,1,105,432,13.967115057142857,-7.545080809523809,Mali: Azawad; Mali: Government; Mali: Macina Empire,0.676056338028169
MLI,Koulikoro region,4,25,192,14.44751416,-7.34847932,"Government of Mali - Civilians; Government of Mali, Government of Russia (Soviet Union) - Civilians; Government of Russia (Soviet Union) - Civilians",0.3004694835680751
MLI,Koulikoro region,5,8,15,13.93489975,-7.5018955,JNIM - Civilians,0.023474178403755867
MLI,Mopti region,1,519,2920,14.557490998073217,-3.3957924759152216,Mali: Azawad; Mali: Government; Mali: Government/Azawad,0.474025974025974
MLI,Mopti region,2,142,1152,14.316866049295776,-3.7884380985915493,Dan na Ambassagou - JNIM; Dogon - Fulani; Dozos (Mali) - JNIM,0.18701298701298702
MLI,Mopti region,4,90,552,14.653509044444444,-3.1106307777777777,"Government of Burkina Faso - Civilians; Government of Mali - Civilians; Government of Mali, Government of Russia (Soviet Union) - Civilians",0.08961038961038961
MLI,Mopti region,5,222,1536,14.292197572072073,-3.5611834909909907,AQIM - Civilians; Ansaroul Islam - Civilians; Dan na Ambassagou - Civilians,0.24935064935064935
MLI,Ménaka region,1,127,711,15.843411275590551,2.202696905511811,Mali: Government; Mali: Islamic State,0.3287101248266297
MLI,Ménaka region,2,76,591,15.913524855263159,2.75494575,CMA - MSA; Daoussak (Tuareg) - Fulani; GATIA - IS,0.27323162274618584
MLI,Ménaka region,4,5,10,15.955747000000002,2.6216774000000003,"Government of Mali - Civilians; Government of Mali, Government of Russia (Soviet Union) - Civilians; Government of Niger - Civilians",0.004623208506703652
MLI,Ménaka region,5,72,851,16.135144291666666,2.6506028055555557,"GATIA, MSA - Civilians; IS - Civilians; JNIM - Civilians",0.3934350439204808
MLI,Segou region,1,215,980,14.180742404651163,-5.7349912000000005,Mali: Azawad; Mali: Government; Mali: Islamic State,0.4939516129032258
MLI,Segou region,2,41,304,14.135068756097562,-5.626458243902439,Dan na Ambassagou - JNIM; Dozos (Mali) - JNIM; FLA - JNIM,0.1532258064516129
MLI,Segou region,4,57,427,14.502338157894737,-5.87741896491228,"Government of Mali - Civilians; Government of Mali, Government of Russia (Soviet Union) - Civilians",0.21522177419354838
MLI,Segou region,5,42,273,14.041878785714285,-5.537859928571429,AQIM - Civilians; Dozos (Mali) - Civilians; FIAA - Civilians,0.1376008064516129
MLI,Sikasso region,1,71,226,11.424186436619719,-6.043364394366197,Mali: Government,0.8659003831417624
MLI,Sikasso region,2,6,17,10.930810666666666,-5.585318833333333,Dozos (Mali) - JNIM,0.06513409961685823
MLI,Sikasso region,4,2,10,12.077997,-5.309731,Government of Burkina Faso - Civilians,0.038314176245210725
MLI,Sikasso region,5,4,8,11.20289425,-6.388718,JNIM - Civilians,0.03065134099616858
MLI,Taoudéni region,1,2,3,18.718761,-3.1009235,Mali: Government,1.0
MLI,Taoudéni region,4,1,0,22.4846,-3.5129,"Government of Mali, Government of Russia (Soviet Union) - Civilians",0.0
MLI,Timetrine region,1,1,30,19.45,0.366667,Mali: Government,1.0
MLI,Tombouctou region,1,240,1189,16.533557779166667,-3.034911366666667,Mali: Azawad; Mali: Government; Mali: Government/Azawad,0.6029411764705882
MLI,Tombouctou region,2,15,195,16.110601533333334,-2.0908455333333333,Ansar Dine - CMA; Arab - Kounta; CMA - GATIA,0.09888438133874239
MLI,Tombouctou region,4,106,373,16.639181556603774,-3.600049490566038,"Government of Mali - Civilians; Government of Mali, Government of Russia (Soviet Union) - Civilians; Government of Russia (Soviet Union) - Civilians",0.18914807302231237
MLI,Tombouctou region,5,23,215,16.61465047826087,-3.3803432608695654,AQIM - Civilians; FIAA - Civilians; IS - Civilians,0.10902636916835699
MLT,Central region,1,1,0,35.912222,14.504167,Israel: Palestine,0.0
MMR,Ayeyarwady division,1,6,271,16.457493,95.20998283333334,Myanmar (Burma): Karen,0.9783393501805054
MMR,Ayeyarwady division,4,6,6,16.919484166666667,95.16836666666666,Government of Myanmar (Burma) - Civilians,0.021660649819494584
MMR,Ayeyarwady region,1,9,12,17.272128444444448,95.04189688888889,Myanmar (Burma): Arakan; Myanmar (Burma): Government,0.5454545454545454
MMR,Ayeyarwady region,4,4,7,16.65142225,94.96826125000001,Government of Myanmar (Burma) - Civilians,0.3181818181818182
MMR,Ayeyarwady region,5,4,3,16.74630375,95.2006315,NUG - Civilians,0.13636363636363635
MMR,Bago division,1,5,21,18.463624799999998,96.4180848,Myanmar (Burma): Karen,0.0846774193548387
MMR,Bago division,2,1,9,18.933333,96.433333,Buddhists (Myanmar) - Muslims (Myanmar),0.036290322580645164
MMR,Bago division,4,137,218,18.259800416058397,96.34594535766423,Government of Myanmar (Burma) - Civilians,0.8790322580645161
MMR,Bago region,1,342,434,18.400574175438596,96.3467733245614,Myanmar (Burma): Government; Myanmar (Burma): Karen,0.7614035087719299
MMR,Bago region,4,52,120,18.304014076923075,96.32432161538462,Government of Myanmar (Burma) - Civilians,0.21052631578947367
MMR,Bago region,5,14,16,18.312965785714287,96.06640478571428,NUG - Civilians,0.028070175438596492
MMR,Chin state,1,310,667,21.961176583870966,93.53229360967742,Myanmar (Burma): Arakan; Myanmar (Burma): Government; Myanmar (Burma): Nagaland,0.9341736694677871
MMR,Chin state,4,34,46,22.318269882352944,93.52432861764706,Government of Myanmar (Burma) - Civilians,0.06442577030812324
MMR,Chin state,5,2,1,22.2599385,93.27855450000001,NUG - Civilians; ULA - Civilians,0.0014005602240896359
MMR,Kachin state,1,430,1939,25.277270286046512,96.99378017674418,Myanmar (Burma): Arakan; Myanmar (Burma): Government; Myanmar (Burma): Kachin,0.9237732253454026
MMR,Kachin state,4,82,157,25.279285658536587,97.0617237682927,Government of Myanmar (Burma) - Civilians,0.07479752262982373
MMR,Kachin state,5,2,3,24.9511125,96.7431775,NUG - Civilians,0.0014292520247737017
MMR,Karen state,1,18,1046,16.798829722222223,98.45607955555556,Myanmar (Burma): Karen,0.99335232668566
MMR,Karen state,5,1,7,16.686389,98.506111,KNU - Civilians,0.006647673314339981
MMR,Kayah state,1,280,721,19.42383685,97.25105864285713,Myanmar (Burma): Government; Myanmar (Burma): Karenni,0.7879781420765027
MMR,Kayah state,4,64,194,19.407471265625,97.297028609375,Government of Myanmar (Burma) - Civilians,0.21202185792349726
MMR,Kayin state,1,551,3447,17.06250809800363,97.9809062323049,Myanmar (Burma): Arakan; Myanmar (Burma): Government; Myanmar (Burma): Karen,0.8578894972623196
MMR,Kayin state,2,17,137,17.045685588235294,98.06143347058823,DKBA - KNU,0.03409656545545047
MMR,Kayin state,4,234,373,17.872746346153846,97.49329941452991,Government of Myanmar (Burma) - Civilians,0.09283225485316078
MMR,Kayin state,5,10,61,16.927984799999997,98.0224776,KNU - Civilians,0.015181682429069188
MMR,Magway region,1,547,746,21.406132627056675,94.6952454844607,Myanmar (Burma): Arakan; Myanmar (Burma): Government; Myanmar (Burma): Karen,0.7430278884462151
MMR,Magway region,4,117,240,21.455702085470087,94.73630995726495,Government of Myanmar (Burma) - Civilians,0.23904382470119523
MMR,Magway region,5,14,18,20.882488071428572,94.93734892857142,NUG - Civilians,0.017928286852589643
MMR,Magwe division,2,1,2,20.5,94.75,Buddhists (Myanmar) - Muslims (Myanmar),1.0
MMR,Mandalay division,1,1,3,19.770278,96.156111,Myanmar (Burma): Karen,0.03571428571428571
MMR,Mandalay division,2,1,9,21.613056,96.130278,Buddhists (Myanmar) - Muslims (Myanmar),0.10714285714285714
MMR,Mandalay division,4,6,72,21.652886666666664,95.7637055,Government of Myanmar (Burma) - Civilians,0.8571428571428571
MMR,Mandalay region,1,454,826,22.014809405286346,95.92694460572687,Myanmar (Burma): Arakan; Myanmar (Burma): Government; Myanmar (Burma): Kachin,0.6964586846543002
MMR,Mandalay region,2,5,42,21.3199996,95.9533328,Buddhists (Myanmar) - Muslims (Myanmar),0.03541315345699832
MMR,Mandalay region,4,137,294,21.743607437956204,95.82579750364964,Government of Myanmar (Burma) - Civilians,0.2478920741989882
MMR,Mandalay region,5,22,24,22.025853272727275,95.9836034090909,NUG - Civilians,0.02023608768971332
MMR,Mon state,1,179,376,16.579250726256983,97.46243063687152,Myanmar (Burma): Government; Myanmar (Burma): Karen; Myanmar (Burma): Mon,0.7054409005628518
MMR,Mon state,4,85,140,16.452993894117647,97.61542462352942,Government of Myanmar (Burma) - Civilians,0.2626641651031895
MMR,Mon state,5,14,17,16.254361071428573,97.54436128571429,KNU - Civilians; NUG - Civilians,0.03189493433395872
MMR,Naypyidaw Union territory,1,10,8,19.7264185,96.1662613,Myanmar (Burma): Government; Myanmar (Burma): Karen,0.5
MMR,Naypyidaw Union territory,4,4,5,19.736,96.123355,Government of Myanmar (Burma) - Civilians,0.3125
MMR,Naypyidaw Union territory,5,2,3,19.75,96.1,KNU - Civilians; NUG - Civilians,0.1875
MMR,Rakhine state,1,476,2147,20.2454880105042,93.1862286512605,Myanmar (Burma): Arakan; Myanmar (Burma): Government; Myanmar (Burma): Karen,0.44149701830146
MMR,Rakhine state,2,13,167,19.805949846153847,93.61767823076924,Buddhists (Myanmar) - Muslims (Myanmar),0.03434094180546987
MMR,Rakhine state,4,136,2349,20.378193514705885,92.91409927941176,Government of Myanmar (Burma) - Civilians,0.48303516347933373
MMR,Rakhine state,5,24,200,20.755779874999998,92.60659341666667,ARSA - Civilians; ULA - Civilians,0.04112687641373638
MMR,Sagaing district,1,6,284,24.5555555,95.57222216666666,Myanmar (Burma): Nagaland,1.0
MMR,Sagaing division,1,8,315,23.5,95.5,Myanmar (Burma): Nagaland,1.0
MMR,Sagaing region,1,1542,2984,22.70016995914397,95.27707648638132,India: Western South East Asia; Myanmar (Burma): Government; Myanmar (Burma): Kachin,0.7212956248489243
MMR,Sagaing region,2,1,1,23.466667,94.1,Buddhists (Myanmar) - Muslims (Myanmar),0.00024172105390379503
MMR,Sagaing region,4,392,1078,22.722437563775507,95.32324252295918,Government of Myanmar (Burma) - Civilians,0.26057529610829105
MMR,Sagaing region,5,51,74,22.50986031372549,95.49078364705882,NUG - Civilians,0.01788735798888083
MMR,Shan state,1,860,3967,22.434902189534885,97.72484061046511,Myanmar (Burma): Government; Myanmar (Burma): Kachin; Myanmar (Burma): Karen,0.565583119475335
MMR,Shan state,2,13,1372,21.72031746153846,98.21788546153847,Buddhists (Myanmar) - Muslims (Myanmar); MDA - MDA - LM; MTA - UWSA,0.19560878243512975
MMR,Shan state,4,401,1670,21.446692082294266,98.09492459850375,Government of Myanmar (Burma) - Civilians,0.23809523809523808
MMR,Shan state,5,4,5,21.33578575,97.13543625,KNU - Civilians; NUG - Civilians,0.00071285999429712
MMR,Tanintharyi division,1,13,48,13.070964615384614,98.78538753846153,Myanmar (Burma): Karen,0.09302325581395349
MMR,Tanintharyi division,4,101,455,12.910466930693069,98.77139144554455,Government of Myanmar (Burma) - Civilians,0.8817829457364341
MMR,Tanintharyi division,5,3,13,12.974798333333334,98.85819,KNU - Civilians,0.025193798449612403
MMR,Tanintharyi region,1,215,214,13.237274627906976,98.57341295813953,Myanmar (Burma): Government; Myanmar (Burma): Karen; Myanmar (Burma): Mon,0.5799457994579946
MMR,Tanintharyi region,4,70,139,13.380431785714286,98.42682118571429,Government of Myanmar (Burma) - Civilians,0.37669376693766937
MMR,Tanintharyi region,5,15,16,13.645503999999999,98.41738533333334,NUG - Civilians,0.04336043360433604
MMR,Yangon division,1,3,12,16.978605666666667,96.06757866666668,Myanmar (Burma): Karen,0.07272727272727272
MMR,Yangon division,4,24,151,16.83455425,96.13175954166667,Government of Myanmar (Burma) - Civilians,0.9151515151515152
MMR,Yangon division,5,1,2,16.79845,96.150408,KNU - Civilians,0.012121212121212121
MMR,Yangon region,1,64,59,16.83627003125,96.13027078125,Myanmar (Burma): Government,0.27314814814814814
MMR,Yangon region,2,1,0,16.79845,96.150408,Buddhists (Myanmar) - Muslims (Myanmar),0.0
MMR,Yangon region,4,53,130,16.83869426415094,96.13784956603773,Government of Myanmar (Burma) - Civilians,0.6018518518518519
MMR,Yangon region,5,26,27,16.804748153846155,96.12796088461538,KNU - Civilians; NUG - Civilians,0.125
MOZ,Cabo Delgado province,1,515,3123,-11.685593132038836,40.088988782524275,Mozambique: Government; Mozambique: Islamic State,0.5086319218241042
MOZ,Cabo Delgado province,2,24,136,-13.003942166666667,39.56767075,IS - Naparama,0.02214983713355049
MOZ,Cabo Delgado province,4,69,274,-11.978604492753623,40.2373584057971,Government of Mozambique - Civilians; Government of Tanzania - Civilians,0.04462540716612378
MOZ,Cabo Delgado province,5,599,2607,-11.890775789649416,40.06801700500834,ASWJ - Civilians; IS - Civilians; Renamo - Civilians,0.4245928338762215
MOZ,Gaza province,1,21,295,-24.21699738095238,33.041362428571425,Mozambique: Government,0.3118393234672304
MOZ,Gaza province,4,2,2,-24.770849,33.439954,Government of Mozambique - Civilians,0.0021141649048625794
MOZ,Gaza province,5,28,649,-24.61752960714286,33.46170635714286,Renamo - Civilians,0.686046511627907
MOZ,Inhambane province,1,18,300,-23.46354422222222,34.819386,Mozambique: Government,0.6507592190889371
MOZ,Inhambane province,4,6,9,-23.485012333333334,34.98350466666667,Government of Mozambique - Civilians,0.019522776572668113
MOZ,Inhambane province,5,7,152,-23.196666571428572,35.04527771428571,Renamo - Civilians,0.3297180043383948
MOZ,Manica province,1,15,103,-18.866197133333333,33.4103122,Mozambique: Government,0.7923076923076923
MOZ,Manica province,4,8,14,-19.072743125000002,33.677083125,Government of Mozambique - Civilians,0.1076923076923077
MOZ,Manica province,5,5,13,-18.8399418,33.4486968,Renamo - Civilians,0.1
MOZ,Maputo city province,1,1,0,-25.965278,32.589167,Mozambique: Government,0.0
MOZ,Maputo city province,4,22,37,-25.96773354545455,32.58702304545455,Government of Mozambique - Civilians,1.0
MOZ,Maputo province,1,33,241,-25.530143181818183,32.516751,Mozambique: Government,0.37715179968701096
MOZ,Maputo province,4,25,61,-25.763741800000002,32.36942632,Government of Mozambique - Civilians,0.09546165884194054
MOZ,Maputo province,5,44,337,-25.66907338636364,32.47843034090909,Renamo - Civilians,0.5273865414710485
MOZ,Nampula province,1,29,306,-15.082892724137931,39.339672827586206,Mozambique: Government; Mozambique: Islamic State,0.5454545454545454
MOZ,Nampula province,2,2,53,-14.693889,38.672222000000005,Naparama - Renamo,0.0944741532976827
MOZ,Nampula province,4,27,60,-15.103105222222222,39.35719248148148,Government of Mozambique - Civilians,0.10695187165775401
MOZ,Nampula province,5,19,142,-14.233656315789474,40.02797752631579,IS - Civilians; Renamo - Civilians,0.2531194295900178
MOZ,Niassa province,1,20,44,-12.410457699999998,37.45240615,Mozambique: Government; Mozambique: Islamic State,0.7586206896551724
MOZ,Niassa province,4,3,2,-14.133172333333334,36.259176333333336,Government of Mozambique - Civilians,0.034482758620689655
MOZ,Niassa province,5,4,12,-12.247494249999999,37.5861955,IS - Civilians; Renamo - Civilians,0.20689655172413793
MOZ,Sofala province,1,48,1074,-19.323805479166666,34.45817508333334,Mozambique: Government,0.9195205479452054
MOZ,Sofala province,4,12,49,-19.29268516666667,34.901241666666664,Government of Mozambique - Civilians,0.04195205479452055
MOZ,Sofala province,5,12,45,-19.61155975,34.50187283333333,Renamo - Civilians,0.038527397260273974
MOZ,Tete province,1,19,149,-15.614133578947369,33.45942615789474,Mozambique: Government,0.6866359447004609
MOZ,Tete province,4,7,15,-15.644268285714286,32.97950542857143,Government of Mozambique - Civilians,0.06912442396313365
MOZ,Tete province,5,6,53,-15.768543,33.505246166666666,Renamo - Civilians,0.24423963133640553
MOZ,Zambézia province,1,25,645,-16.90095812,36.65265412,Mozambique: Government,0.9008379888268156
MOZ,Zambézia province,2,2,35,-16.569826,37.317524000000006,Naparama - Renamo,0.04888268156424581
MOZ,Zambézia province,4,13,25,-16.718970384615382,36.837924461538464,Government of Mozambique - Civilians,0.034916201117318434
MOZ,Zambézia province,5,2,11,-17.4393055,36.9441665,Renamo - Civilians,0.015363128491620111
MRT,Adrar region,1,1,4,19.56667,-13.31667,Mauritania: Government,1.0
MRT,Brakna region,1,1,1,17.631389,-13.410278,Mauritania: Government,0.14285714285714285
MRT,Brakna region,4,3,2,16.335404333333333,-14.067078333333333,Government of Mauritania - Civilians,0.2857142857142857
MRT,Brakna region,5,1,4,17.0481,-13.9209,AQIM - Civilians,0.5714285714285714
MRT,Dakhlet Nouadhibou region,2,2,2,20.900237,-17.033612,Mauritanian - Senegalese,1.0
MRT,Dakhlet Nouadhibou region,4,2,0,20.900237,-17.033612,Government of Mauritania - Civilians,0.0
MRT,Gorgol region,4,9,26,15.891482,-13.115559222222222,Government of Mauritania - Civilians,1.0
MRT,Guidimaka region,4,1,7,15.046681,-12.309498,Government of Mauritania - Civilians,1.0
MRT,Hodh ech Chargui region,1,3,10,15.994625333333333,-6.265227333333333,Mali: Government; Mauritania: Government,0.9090909090909091
MRT,Hodh ech Chargui region,4,1,1,16.887592,-5.721987,Government of Mauritania - Civilians,0.09090909090909091
MRT,Inchiri region,4,1,1,19.696944,-14.416389,Government of Mauritania - Civilians,1.0
MRT,Nouakchott region,1,1,3,18.083117,-15.981855,Mauritania: Government,0.028846153846153848
MRT,Nouakchott region,2,3,100,18.083117,-15.981855000000001,Mauritanian - Senegalese,0.9615384615384616
MRT,Nouakchott region,5,1,1,18.083117,-15.981855,AQIM - Civilians,0.009615384615384616
MRT,Tiris Zemmour region,1,2,13,23.25645,-10.40795,Mauritania: Government,1.0
MRT,Trarza region,1,1,1,17.975278,-14.734444,Mauritania: Government,1.0
MYS,Sabah state,1,13,70,5.141858846153847,118.75373861538462,Malaysia: Sabah,1.0
MYS,Sabah state,5,1,0,4.596427,118.864566,ASG - Civilians,0.0
NAM,Caprivi region,1,1,7,-17.8,23.383333,Angola: Government,1.0
NAM,Caprivi region,5,3,0,-17.87333333333333,22.853333333333335,UNITA - Civilians,0.0
NAM,Kavango region,1,7,48,-18.030482857142857,20.612943285714287,Angola: Government,0.8571428571428571
NAM,Kavango region,5,8,8,-18.066793625,21.01220225,UNITA - Civilians,0.14285714285714285
NER,Agadez region,1,51,287,18.37100231372549,8.386024941176471,Mali: Government; Mauritania: Government; Niger: Air and Azawad,0.896875
NER,Agadez region,2,3,11,20.856947333333334,11.394371999999999,Toubou  - Tuareg; Toubou  - Zaghawa,0.034375
NER,Agadez region,4,11,22,17.900948363636363,7.954973636363636,Government of Niger - Civilians,0.06875
NER,Diffa region,1,164,1648,13.609775530487804,12.826744499999998,Niger: Eastern Niger; Niger: Islamic State; Nigeria: Government,0.6704637917005696
NER,Diffa region,2,6,100,13.816347500000001,13.277896666666665,IS - JAS,0.04068348250610252
NER,Diffa region,4,3,153,14.576685666666668,13.173097,Government of Niger - Civilians,0.06224572823433686
NER,Diffa region,5,98,557,13.559956989795918,12.856493897959185,IS - Civilians; JAS - Civilians,0.22660699755899105
NER,Dosso region,1,24,183,13.058642583333333,3.560938625,Niger: Eastern Niger; Niger: Government; Niger: Islamic State,0.8133333333333334
NER,Dosso region,4,1,1,11.882174,3.397528,Government of Niger - Civilians,0.0044444444444444444
NER,Dosso region,5,9,41,12.831794333333333,3.767225222222222,IS - Civilians; JNIM - Civilians; Lakurawa - Civilians,0.18222222222222223
NER,Maradi region,1,1,2,13.918692,7.251991,Niger: Islamic State,0.06451612903225806
NER,Maradi region,4,1,29,14.431493,7.392852,Government of Niger - Civilians,0.9354838709677419
NER,Niamey region,1,6,4,13.516667,2.116667,Mali: Government; Niger: Government; Niger: Islamic State,0.5714285714285714
NER,Niamey region,4,4,3,13.516667,2.116667,Government of Niger - Civilians,0.42857142857142855
NER,Tahoua region,1,23,284,15.551332826086957,4.998330695652174,Algeria: Government; Niger: Air and Azawad; Niger: Government,0.4034090909090909
NER,Tahoua region,2,1,9,15.711342,3.915567,Daoussak (Tuareg) - Fulani,0.01278409090909091
NER,Tahoua region,4,1,200,15.8969,5.7985,Government of Niger - Civilians,0.2840909090909091
NER,Tahoua region,5,9,211,15.50793411111111,4.683418,IS - Civilians; Lakurawa - Civilians,0.2997159090909091
NER,Tillabéri region,1,214,2663,14.104227439252337,1.700935925233645,Niger: Air and Azawad; Niger: Government; Niger: Islamic State,0.6386091127098321
NER,Tillabéri region,2,12,162,14.839552,2.02088775,Daoussak (Tuareg) - Fulani; Djerma (Zherma) - Fulani; Fulani - Tuareg,0.03884892086330935
NER,Tillabéri region,4,13,138,14.81725946153846,2.450595153846154,Government of Niger - Civilians,0.033093525179856115
NER,Tillabéri region,5,136,1207,14.474191095588235,1.4445072426470589,"GATIA, MSA - Civilians; IS - Civilians; JNIM - Civilians",0.2894484412470024
NER,Zinder region,1,1,1,14.970886,8.887861,Niger: Government,0.005847953216374269
NER,Zinder region,4,1,170,16.86493,11.953712,Government of Libya - Civilians,0.9941520467836257
NGA,Abia state,1,23,62,5.435600086956521,7.554065043478261,Nigeria: Biafra,0.44285714285714284
NGA,Abia state,2,5,57,5.3498166,7.4245678,Black Axe - SVC; Farmers (Nigeria) - Herders (Nigeria); Hausa - Igbo,0.40714285714285714
NGA,Abia state,4,12,21,5.272425416666667,7.43942175,Government of Nigeria - Civilians,0.15
NGA,Abia state,5,2,0,5.315742999999999,7.4306385,Bakassi boys - Civilians; IPOB - Civilians,0.0
NGA,Adamawa state,1,93,1285,10.462970548387096,13.235213688172042,Nigeria: Government; Nigeria: Islamic State; Nigeria: Northern Nigeria,0.35399449035812675
NGA,Adamawa state,2,76,966,9.608779184210526,12.236001052631579,Bwatiye - Fulani; Chabo - Hausa; Christians (Nigeria) - Muslims (Nigeria),0.26611570247933886
NGA,Adamawa state,4,3,8,9.88641,12.505260999999999,Government of Nigeria - Civilians,0.0022038567493112946
NGA,Adamawa state,5,131,1371,10.433172061068701,13.184206267175572,IS - Civilians; JAS - Civilians,0.3776859504132231
NGA,Akwa Ibom state,1,6,16,5.169524333333333,7.681271,Nigeria: Biafra,0.10596026490066225
NGA,Akwa Ibom state,2,27,129,4.930248962962963,7.868073185185185,Black Axe - SVC; Deebam - NDV; Efik - Ibibio,0.8543046357615894
NGA,Akwa Ibom state,4,7,6,4.8304658571428565,7.984105571428572,Government of Cameroon - Civilians; Government of Nigeria - Civilians,0.039735099337748346
NGA,Anambra state,1,59,119,6.021600898305085,6.939555355932203,Nigeria: Biafra,0.12686567164179105
NGA,Anambra state,2,29,576,6.223603896551724,6.954563241379311,Aguleri - Umuleri; Black Axe - SVC; Christians (Nigeria) - Muslims (Nigeria),0.6140724946695096
NGA,Anambra state,4,33,210,6.100096787878788,6.842739787878788,Government of Nigeria - Civilians,0.22388059701492538
NGA,Anambra state,5,10,33,6.0165481,6.8967291,Bakassi boys - Civilians; IPOB - Civilians,0.035181236673773986
NGA,Bauchi state,1,22,115,10.686515,9.9402785,Nigeria: Government; Nigeria: Islamic State,0.23613963039014374
NGA,Bauchi state,2,28,294,10.381838214285713,9.892773142857143,Birom - Fulani; Christians (Nigeria) - Muslims (Nigeria); Farmers (Nigeria) - Herders (Nigeria),0.6036960985626283
NGA,Bauchi state,4,3,4,10.104331666666667,9.581069,Government of Nigeria - Civilians,0.008213552361396304
NGA,Bauchi state,5,16,74,10.5706179375,9.9318894375,JAS - Civilians,0.15195071868583163
NGA,Bayelsa state,2,32,146,4.8344074375,6.2564236875,Black Axe - SVC; Deebam - Deewell; Deebam - NDV,0.0543356903609974
NGA,Bayelsa state,4,26,2541,4.931277692307693,6.203668884615384,Government of Nigeria - Civilians,0.9456643096390026
NGA,Benue state,2,477,4233,7.669728710691824,8.720413327044026,Abugbe (Agatu) - Agbaduma (Agatu); Agatu - Fulani; Agatu - Tiv,0.9150453955901426
NGA,Benue state,4,12,200,7.593807583333334,9.12726175,Government of Nigeria - Civilians,0.043233895373973194
NGA,Benue state,5,8,193,7.379925125,9.343784124999999,Bonta Boys - Civilians; Forces of Ayongou - Civilians; Forces of Terwase Akwanza - Civilians,0.04172070903588413
NGA,Borno state,1,2824,24224,11.913042304886687,13.429025608711047,Cameroon: Islamic State; Nigeria: Government; Nigeria: Islamic State,0.6376918419459289
NGA,Borno state,2,216,2786,12.01724675,13.273241916666667,Christians (Nigeria) - Muslims (Nigeria); Farmers (Nigeria) - Herders (Nigeria); IS - JAS,0.07334087977465975
NGA,Borno state,4,13,246,11.711664076923077,13.119614153846154,Government of Nigeria - Civilians,0.006475899649880222
NGA,Borno state,5,1008,10731,11.641573713293651,13.193070345238095,IS - Civilians; JAS - Civilians,0.28249137862953116
NGA,Cross River state,1,4,11,5.94918725,8.680348500000001,Cameroon: Ambazonia; Nigeria: Biafra,0.034482758620689655
NGA,Cross River state,2,10,287,5.9013652,8.5465707,Black Axe - SVC; Boje - Nsadop; Efik - Ibibio,0.8996865203761756
NGA,Cross River state,4,4,10,5.14876,8.359455,Government of Cameroon - Civilians; Government of Nigeria - Civilians,0.03134796238244514
NGA,Cross River state,5,2,11,6.235343500000001,9.250753,Ambazonia insurgents - Civilians,0.034482758620689655
NGA,Delta state,1,7,5,6.174507428571429,6.595084142857142,Nigeria: Biafra,0.004456327985739751
NGA,Delta state,2,87,988,5.672470701149425,5.921460356321839,Bini - Urhobo; Black Axe - Eyie; Black Axe - Maphite,0.8805704099821747
NGA,Delta state,4,31,74,5.669700419354839,5.979829,Government of Nigeria - Civilians,0.0659536541889483
NGA,Delta state,5,10,55,5.773823800000001,5.7260414,Bakassi boys - Civilians; FNDIC - Civilians; IPOB - Civilians,0.049019607843137254
NGA,Ebonyi state,1,16,32,6.155018375,7.9119449375,Nigeria: Biafra,0.09846153846153846
NGA,Ebonyi state,2,38,279,6.3530840263157895,8.00631702631579,Black Axe - SVC; Ezilo - Ezza; Ezza - Korri,0.8584615384615385
NGA,Ebonyi state,4,1,1,6.324871,8.107588,Government of Nigeria - Civilians,0.003076923076923077
NGA,Ebonyi state,5,3,13,6.1371286666666665,7.891063666666667,IPOB - Civilians,0.04
NGA,Edo state,1,1,3,7.195417,6.152148,Nigeria: Islamic State,0.007263922518159807
NGA,Edo state,2,98,404,6.522130397959184,5.796358979591837,Black Axe - Eyie; Black Axe - Maphite; Black Axe - SVC,0.9782082324455206
NGA,Edo state,4,4,6,6.5687862500000005,5.807209,Government of Nigeria - Civilians,0.014527845036319613
NGA,Ekiti state,1,1,0,7.69704,5.31233,Nigeria: Government,0.0
NGA,Ekiti state,2,8,13,7.814603625,5.319285,Black Axe - Eyie; Farmers (Nigeria) - Herders (Nigeria); Fulani - Tiv,0.6842105263157895
NGA,Ekiti state,4,1,6,7.491328,5.232248,Government of Nigeria - Civilians,0.3157894736842105
NGA,Enugu state,1,28,51,6.4435292142857135,7.447729107142857,Nigeria: Biafra,0.27717391304347827
NGA,Enugu state,2,35,113,6.591125685714286,7.537223885714286,Black Axe - SVC; Christians (Nigeria) - Muslims (Nigeria); Farmers (Nigeria) - Herders (Nigeria),0.6141304347826086
NGA,Enugu state,4,10,16,6.4300462,7.428421299999999,Government of Nigeria - Civilians,0.08695652173913043
NGA,Enugu state,5,11,4,6.460796545454546,7.510172090909091,IPOB - Civilians,0.021739130434782608
NGA,Federal Capital territory,1,6,32,9.075748166666665,7.4081485,Nigeria: Government; Nigeria: Islamic State,0.11808118081180811
NGA,Federal Capital territory,2,5,8,8.8586882,7.254146199999999,Black Axe - SVC; Farmers (Nigeria) - Herders (Nigeria),0.02952029520295203
NGA,Federal Capital territory,4,7,45,9.074464714285714,7.538558857142857,Government of Nigeria - Civilians,0.16605166051660517
NGA,Federal Capital territory,5,8,186,9.0876035,7.4532635,JAS - Civilians,0.6863468634686347
NGA,Gombe state,1,14,121,10.569382142857142,11.14008692857143,Nigeria: Government; Nigeria: Islamic State,0.521551724137931
NGA,Gombe state,2,11,39,10.084663454545455,11.361277272727273,Christians (Nigeria) - Muslims (Nigeria); Farmers (Nigeria) - Herders (Nigeria); IS - Yan Gora,0.16810344827586207
NGA,Gombe state,5,14,72,10.471112857142858,11.167451214285714,IS - Civilians; JAS - Civilians,0.3103448275862069
NGA,Gongola state,2,1,9,8.5,11.5,Jukun - Tiv,1.0
NGA,Imo state,1,102,248,5.705263558823529,7.077984960784314,Nigeria: Biafra,0.6004842615012107
NGA,Imo state,2,12,35,5.46292275,6.913308916666666,Black Axe - SVC; Deebam - Deewell; Igbo - Fulani,0.0847457627118644
NGA,Imo state,4,12,19,5.522594166666667,7.072867916666667,Government of Nigeria - Civilians,0.04600484261501211
NGA,Imo state,5,28,111,5.667372142857142,7.084572928571428,Bakassi boys - Civilians; IPOB - Civilians,0.2687651331719128
NGA,Jigawa state,1,5,75,11.799794,10.126318000000001,Nigeria: Government,0.5555555555555556
NGA,Jigawa state,2,17,60,12.379869823529411,9.766543764705881,Christians (Nigeria) - Muslims (Nigeria); Farmers (Nigeria) - Herders (Nigeria); Hausa - Fulani,0.4444444444444444
NGA,Jigawa state,5,1,0,11.701703,9.336568,IS - Civilians,0.0
NGA,Kaduna state,1,20,64,10.6309441,7.622237199999999,Nigeria: Government; Nigeria: Islamic State,0.012911034900141215
NGA,Kaduna state,2,149,4659,9.905384697986577,8.162286140939598,Agworok (Atyap) - Fulani; Atakar - Fulani; Atyap - Fulani,0.9398829937462174
NGA,Kaduna state,4,34,105,10.566618823529412,7.536976676470588,Government of Nigeria - Civilians,0.02118216663304418
NGA,Kaduna state,5,13,129,10.564100153846153,7.622801615384615,IS - Civilians; JAS - Civilians; Yan Sakai - Civilians,0.026023804720597135
NGA,Kano state,1,42,282,11.961857095238095,8.528979428571429,Nigeria: Government,0.22705314009661837
NGA,Kano state,2,16,677,11.934474125,8.4435261875,"Christians (Nigeria) - Muslims (Nigeria); Farmers (Nigeria) - Herders (Nigeria); Hausa - Igbo, Yoruba",0.5450885668276972
NGA,Kano state,4,10,33,11.9065689,8.504792499999999,Government of Nigeria - Civilians,0.026570048309178744
NGA,Kano state,5,27,250,11.964611481481482,8.507964259259259,IS - Civilians; JAS - Civilians,0.20128824476650564
NGA,Katsina state,1,4,9,12.472259999999999,7.685095,Nigeria: Government,0.09278350515463918
NGA,Katsina state,2,2,13,12.054611000000001,7.577977499999999,Christians (Nigeria) - Muslims (Nigeria); Farmers (Nigeria) - Herders (Nigeria),0.13402061855670103
NGA,Katsina state,4,1,0,12.99082,7.60177,Government of Nigeria - Civilians,0.0
NGA,Katsina state,5,6,75,11.881767666666667,7.422231333333333,Forces of Barbaru - Civilians; Forces of Bello Turji  - Civilians; Yan Sakai - Civilians,0.7731958762886598
NGA,Kebbi state,1,4,11,11.953783,3.88014275,Nigeria: Islamic State,0.18333333333333332
NGA,Kebbi state,2,4,8,11.75821225,4.34351725,Christians (Nigeria) - Muslims (Nigeria); Farmers (Nigeria) - Herders (Nigeria),0.13333333333333333
NGA,Kebbi state,4,1,1,11.400191,4.963922,Government of Nigeria - Civilians,0.016666666666666666
NGA,Kebbi state,5,4,40,12.19963225,4.3710865000000005,IS - Civilians; Lakurawa - Civilians; Yan Sakai - Civilians,0.6666666666666666
NGA,Kogi state,1,9,27,7.64768111111111,6.451797666666667,Nigeria: Government; Nigeria: Islamic State,0.1067193675889328
NGA,Kogi state,2,47,203,7.713842425531914,6.932396978723404,Agatu - Fulani; Bassa Kwomu - Egbura Mozum; Black Axe - SVC,0.8023715415019763
NGA,Kogi state,4,3,2,7.55526,6.735371000000001,Government of Nigeria - Civilians,0.007905138339920948
NGA,Kogi state,5,4,21,7.7417185,6.446877,IS - Civilians; JAS - Civilians,0.08300395256916997
NGA,Kwara state,2,33,81,8.496013666666666,4.570622151515152,Black Axe - Eyie; Farmers (Nigeria) - Herders (Nigeria); Fulani - Yoruba,0.9878048780487805
NGA,Kwara state,4,1,1,8.5,4.55,Government of Nigeria - Civilians,0.012195121951219513
NGA,Lagos state,2,141,444,6.518789375886525,3.4199813120567377,Black Axe - Eyie; Black Axe - SVC; Hausa - Yoruba,0.8621359223300971
NGA,Lagos state,4,40,71,6.475265025000001,3.40708915,Government of Nigeria - Civilians,0.1378640776699029
NGA,Lagos state,5,1,0,6.453056,3.395833,JAS - Civilians,0.0
NGA,Nasarawa state,2,135,1124,8.366725622222223,8.475026777777778,Afor - Fulani; Agatu - Fulani; Agatu - Tiv,0.9938107869142352
NGA,Nasarawa state,4,2,3,8.48333,8.51667,Government of Nigeria - Civilians,0.002652519893899204
NGA,Nasarawa state,5,1,4,9.026393,7.607362,IS - Civilians,0.0035366931918656055
NGA,Niger state,1,13,81,9.916069538461539,6.382180538461538,Nigeria: Government; Nigeria: Islamic State,0.5328947368421053
NGA,Niger state,2,6,26,9.912418833333334,6.133421833333333,Black Axe - SVC; Christians (Nigeria) - Muslims (Nigeria); Farmers (Nigeria) - Herders (Nigeria),0.17105263157894737
NGA,Niger state,4,4,6,9.91075525,5.74942675,Government of Nigeria - Civilians,0.039473684210526314
NGA,Niger state,5,8,39,9.812389375,6.769169,JAS - Civilians,0.2565789473684211
NGA,Ogun state,2,83,259,6.960007373493976,3.418424795180723,Black Axe - Eyie; Farmers (Nigeria) - Herders (Nigeria); Fulani - Yoruba,0.9923371647509579
NGA,Ogun state,4,3,2,6.828862333333333,3.0567406666666663,Government of Nigeria - Civilians,0.007662835249042145
NGA,Ondo state,2,31,213,6.91548870967742,5.157636870967742,Black Axe - Eyie; Farmers (Nigeria) - Herders (Nigeria); Fulani - Yoruba,0.8160919540229885
NGA,Ondo state,4,6,8,7.060879166666666,5.01045,Government of Nigeria - Civilians,0.03065134099616858
NGA,Ondo state,5,1,40,7.1962,5.58681,IS - Civilians,0.1532567049808429
NGA,Osun state,2,45,336,7.582565977777778,4.5533515555555555,Black Axe - Eyie; Christians (Nigeria) - Muslims (Nigeria); Farmers (Nigeria) - Herders (Nigeria),0.9824561403508771
NGA,Osun state,4,9,6,7.642021555555555,4.540632555555556,Government of Nigeria - Civilians,0.017543859649122806
NGA,Oyo state,2,43,137,7.736750279069767,3.7618201395348834,Black Axe - Eyie; Farmers (Nigeria) - Herders (Nigeria); Fulani - Yoruba,0.8616352201257862
NGA,Oyo state,4,9,22,7.753063666666667,3.6468205555555553,Government of Nigeria - Civilians,0.13836477987421383
NGA,Plateau state,1,4,1,9.36433075,9.0634625,Nigeria: Government; Nigeria: Islamic State,0.00016289297931259162
NGA,Plateau state,2,490,5645,9.5796194,8.95896910612245,"Afisare, Anaguta, Birom - Fulani, Hausa; Atakar - Fulani; Birom - Fulani",0.9195308682195797
NGA,Plateau state,4,17,171,9.616419588235294,9.169466,Government of Nigeria - Civilians,0.02785469946245317
NGA,Plateau state,5,11,322,9.842492090909092,8.865258727272728,IS - Civilians; JAS - Civilians,0.052451539338654506
NGA,Rivers state,1,8,78,4.790896625,6.88124525,Nigeria: Biafra; Nigeria: Niger Delta,0.035182679296346414
NGA,Rivers state,2,131,1961,4.86035234351145,6.994505351145039,"Adoni - Ogoni; Black Axe - SVC; Black Axe, Bush Boys, Deebam, KK, NDV - Outlaws",0.8845286423094272
NGA,Rivers state,4,42,178,4.776515309523809,7.1260975476190485,Government of Nigeria - Civilians,0.08028867839422643
NGA,Sokoto state,1,13,194,13.170703769230768,5.192936923076923,Nigeria: Government; Nigeria: Islamic State,0.6423841059602649
NGA,Sokoto state,2,6,30,13.048948166666667,5.0414175000000006,Christians (Nigeria) - Muslims (Nigeria); Hausa - Fulani; Supporters of ANPP - Supporters of PDP,0.09933774834437085
NGA,Sokoto state,4,1,1,13.083333,5.25,Government of Nigeria - Civilians,0.0033112582781456954
NGA,Sokoto state,5,24,77,13.410337583333332,5.77911025,Forces of Bello Turji  - Civilians; IS - Civilians; Lakurawa - Civilians,0.25496688741721857
NGA,Taraba state,1,3,5,8.677776666666666,10.783334333333334,Nigeria: Government,0.0021710811984368217
NGA,Taraba state,2,208,2165,8.064939302884614,10.429127110576925,Bwatiye - Fulani; Christians (Nigeria) - Muslims (Nigeria); Farmers (Nigeria) - Herders (Nigeria),0.9400781589231437
NGA,Taraba state,4,9,124,8.002662444444445,9.947523444444444,Government of Nigeria - Civilians,0.053842813721233174
NGA,Taraba state,5,3,9,7.7076866666666675,10.301816666666667,Ambazonia insurgents - Civilians; IS - Civilians; JAS - Civilians,0.0039079461571862786
NGA,Yobe state,1,233,2030,11.871727180257512,11.868914085836911,Nigeria: Government; Nigeria: Islamic State; Nigeria: Northern Nigeria,0.6949674768914755
NGA,Yobe state,2,12,35,11.951826166666669,11.757870500000001,Christians (Nigeria) - Muslims (Nigeria); Farmers (Nigeria) - Herders (Nigeria); IS - Yan Gora,0.011982197877439232
NGA,Yobe state,4,1,1,12.871,11.0482,Government of Nigeria - Civilians,0.00034234851078397807
NGA,Yobe state,5,92,855,11.852939380434782,11.643778489130435,IS - Civilians; JAS - Civilians,0.29270797672030124
NGA,Zamfara state,2,8,134,12.298967875,6.65830075,"Christians (Nigeria) - Muslims (Nigeria); Forces of Dan Chaki  - Forces of Gwaska Dankarami; Forces of Gwaska Dankarami - Forces of Lamo Saude, Forces of Sani Dangote",0.5056603773584906
NGA,Zamfara state,4,1,1,11.958385,6.918344,Government of Nigeria - Civilians,0.0037735849056603774
NGA,Zamfara state,5,18,130,12.320930055555555,6.486930833333333,Forces of Bello Turji  - Civilians; Forces of Dan Saadiya   - Civilians; Yan Sakai - Civilians,0.49056603773584906
NIC,Atlántico Sur department (Zelaya),1,1,7,12.601965,-84.743208,Nicaragua: Government,1.0
NIC,Chontales department,1,3,7,12.101746666666665,-85.12254033333333,Nicaragua: Government,1.0
NIC,Estelí department,1,2,9,13.030334,-86.2945905,Nicaragua: Government,1.0
NIC,Jinotega department,1,4,30,13.52344025,-85.852857,Nicaragua: Government,1.0
NIC,Managua department,1,1,14,12.142387,-86.255792,Nicaragua: Government,1.0
NIC,Matagalpa department,1,5,40,12.9348252,-85.683761,Nicaragua: Government,1.0
NIC,Río San Juan department,1,1,0,11.402548,-84.899906,Nicaragua: Government,0.0
NLD,Flevoland province,1,1,0,52.368071,5.200429,Iran: Government,0.0
NLD,Limburg province,1,1,2,51.19417,5.9875,United Kingdom: Northern Ireland,1.0
NPL,Bagmati zone,1,355,663,27.79977357746479,85.36224157746479,Nepal: Government,0.7325966850828729
NPL,Bagmati zone,4,102,117,27.79716598039216,85.38948225490196,Government of Nepal - Civilians,0.1292817679558011
NPL,Bagmati zone,5,137,125,27.785538759124087,85.39588686131385,CPN-M - Civilians,0.13812154696132597
NPL,Bheri zone,1,442,1067,28.480796583710408,81.74648300904977,Nepal: Government,0.8052830188679245
NPL,Bheri zone,2,2,2,28.032605,81.66333,CPN-M - MJF,0.0015094339622641509
NPL,Bheri zone,4,92,141,28.56348760869565,81.92455847826086,Government of Nepal - Civilians,0.10641509433962264
NPL,Bheri zone,5,101,115,28.501460495049503,81.75841574257426,CPN-M - Civilians,0.08679245283018867
NPL,Dhawalagiri zone,1,113,363,28.472714955752213,83.33775920353982,Nepal: Government,0.8746987951807229
NPL,Dhawalagiri zone,4,14,25,28.47619142857143,83.40476285714286,Government of Nepal - Civilians,0.060240963855421686
NPL,Dhawalagiri zone,5,24,27,28.437502499999997,83.3125025,CPN-M - Civilians,0.06506024096385542
NPL,Five province,4,1,1,28.33333,81.41667,Government of Nepal - Civilians,1.0
NPL,Gandaki zone,1,284,653,28.215890492957747,84.42829876760563,Nepal: Government,0.8626155878467635
NPL,Gandaki zone,4,44,43,28.259467727272728,84.45643818181817,Government of Nepal - Civilians,0.05680317040951123
NPL,Gandaki zone,5,58,61,28.190612931034483,84.34634603448275,CPN-M - Civilians,0.08058124174372523
NPL,Janakpur zone,1,301,639,27.248145980066447,85.9696011295681,Nepal: Government,0.7353279631760644
NPL,Janakpur zone,4,77,95,27.04620987012987,85.90312805194806,Government of Nepal - Civilians,0.1093210586881473
NPL,Janakpur zone,5,117,135,27.1015105982906,85.92794752136751,CPN-M - Civilians,0.15535097813578827
NPL,Karnali zone,1,158,506,29.350554620253167,82.1329094936709,Nepal: Government,0.7701674277016742
NPL,Karnali zone,4,50,105,29.2732396,81.98766359999999,Government of Nepal - Civilians,0.1598173515981735
NPL,Karnali zone,5,46,46,29.396800869565215,82.12680999999999,CPN-M - Civilians,0.0700152207001522
NPL,Kosi zone,1,223,558,26.99133139013453,87.36008887892376,Nepal: Government,0.7937411095305832
NPL,Kosi zone,4,65,59,26.97138523076923,87.37315215384615,Government of Nepal - Civilians,0.08392603129445235
NPL,Kosi zone,5,81,86,26.974075185185185,87.36378518518518,CPN-M - Civilians,0.12233285917496443
NPL,Lumbini zone,1,231,655,27.76479298701299,83.35534056277056,Nepal: Government,0.7376126126126126
NPL,Lumbini zone,4,60,71,27.756122666666666,83.41997416666666,Government of Nepal - Civilians,0.07995495495495496
NPL,Lumbini zone,5,125,162,27.71894048,83.39825584,CPN-M - Civilians,0.18243243243243243
NPL,Mahakali zone,1,164,312,29.265751402439026,80.47611695121951,Nepal: Government,0.7959183673469388
NPL,Mahakali zone,4,18,28,29.180554444444446,80.43518444444445,Government of Nepal - Civilians,0.07142857142857142
NPL,Mahakali zone,5,38,52,29.057651578947368,80.40134421052632,CPN-M - Civilians; Sikh insurgents - Civilians,0.1326530612244898
NPL,Mechi zone,1,182,306,27.1108078021978,87.87362626373627,Nepal: Government,0.723404255319149
NPL,Mechi zone,4,56,57,27.06960910714286,87.8823225,Government of India - Civilians; Government of Nepal - Civilians,0.1347517730496454
NPL,Mechi zone,5,59,60,26.994350677966104,87.88418152542373,CPN-M - Civilians,0.14184397163120568
NPL,Narayani zone,1,226,484,27.289453053097347,84.98893632743362,Nepal: Government,0.7004341534008683
NPL,Narayani zone,2,1,27,26.76667,85.26667,CPN-M - MJF,0.03907380607814761
NPL,Narayani zone,4,62,76,27.234934838709677,85.04714403225806,Government of Nepal - Civilians,0.10998552821997105
NPL,Narayani zone,5,100,104,27.188523,85.0906359,CPN-M - Civilians,0.15050651230101303
NPL,Rapti zone,1,567,2259,28.417136754850087,82.56877248677249,Nepal: Government,0.8971405877680699
NPL,Rapti zone,4,93,164,28.47167827956989,82.60100021505377,Government of Nepal - Civilians,0.06513105639396347
NPL,Rapti zone,5,89,95,28.32195,82.51225505617977,CPN-M - Civilians,0.03772835583796664
NPL,Sagarmatha zone,1,208,569,27.098156874999997,86.59054466346153,Nepal: Government,0.7902777777777777
NPL,Sagarmatha zone,2,1,1,26.72958,86.49515,CPN-M - MJF,0.001388888888888889
NPL,Sagarmatha zone,4,44,47,26.977280681818183,86.58607181818182,Government of Nepal - Civilians,0.06527777777777778
NPL,Sagarmatha zone,5,87,103,26.958811379310344,86.62260471264368,CPN-M - Civilians,0.14305555555555555
NPL,Seti zone,1,247,890,29.04790813765182,81.10695149797571,Nepal: Government,0.8172635445362718
NPL,Seti zone,4,46,142,29.00814304347826,81.00571456521739,Government of Nepal - Civilians,0.13039485766758493
NPL,Seti zone,5,59,57,29.026835762711865,81.0988713559322,CPN-M - Civilians,0.05234159779614325
NPL,Three province,4,1,1,27.70169,85.3206,Government of Nepal - Civilians,1.0
PAK,Azad Jammu & Kashmir,1,351,720,33.879416609686615,74.03717487749287,India - Pakistan; India: Kashmir; Pakistan: Government,0.9903713892709766
PAK,Azad Jammu & Kashmir,4,2,7,34.115467,73.883515,Government of India - Civilians; Government of Pakistan - Civilians,0.009628610729023384
PAK,Balochistan province,1,1359,3678,28.10525038263429,65.76747049889624,Afghanistan - Pakistan; Afghanistan: Government; Iran: Government,0.696590909090909
PAK,Balochistan province,2,7,70,29.31224657142857,67.25097571428572,BLA - UBA; Shia (Pakistan) - Sunni (Pakistan); Supporters of Yousaf Ali Khan Magsi - Supporters of Zulfikar Ali Khan Magsi,0.013257575757575758
PAK,Balochistan province,4,52,61,26.89215675,64.20343705769231,Government of Iran - Civilians; Government of Pakistan - Civilians,0.011553030303030303
PAK,Balochistan province,5,262,1471,28.6703656870229,66.06177027099237,BLA - Civilians; BRAS - Civilians; IS - Civilians,0.2785984848484849
PAK,Federally Administered Tribal Areas,1,2990,21213,33.547606941137126,70.60500517859532,Afghanistan - Pakistan; Afghanistan: Government; Afghanistan: Islamic State,0.8388895479890853
PAK,Federally Administered Tribal Areas,2,326,2941,33.709438619631904,70.66628224233129,Ansaar ul-Islam - Lashkar-e-Islam; Ansaar ul-Islam - TTP; Bangesh - Mangal,0.11630482065883656
PAK,Federally Administered Tribal Areas,4,4,22,32.534914,69.6750085,Government of Afghanistan - Civilians; Government of Pakistan - Civilians,0.0008700122592636533
PAK,Federally Administered Tribal Areas,5,200,1111,33.683538014999996,70.7408605,BLA - Civilians; IS - Civilians; Lashkar-e-Islam - Civilians,0.04393561909281449
PAK,Gilgit-Baltistan,1,12,32,35.179994416666666,75.17293158333334,India - Pakistan; Pakistan: Government,0.7619047619047619
PAK,Gilgit-Baltistan,5,1,10,35.237,74.589815,TTP - Civilians,0.23809523809523808
PAK,Islamabad Capital territory,1,8,33,33.69,73.0551,Pakistan: Government; Pakistan: Islamic State; United States of America: Government,0.2578125
PAK,Islamabad Capital territory,2,1,0,33.69,73.0551,Shia (Pakistan) - Sunni (Pakistan),0.0
PAK,Islamabad Capital territory,4,2,3,33.69,73.0551,Government of Pakistan - Civilians,0.0234375
PAK,Islamabad Capital territory,5,6,92,33.69,73.0551,Fedayeen Islam - Civilians; LeJ - Civilians; TTP - Civilians,0.71875
PAK,Khyber Pakhtunkwa province,1,2413,11509,33.67095774927476,71.26884103232491,Afghanistan - Pakistan; Afghanistan: Government; Pakistan: Balochistan,0.8787508589753379
PAK,Khyber Pakhtunkwa province,2,35,390,33.67895111428572,70.71081791428571,Ansaar ul-Islam - Lashkar-e-Islam; Ansaar ul-Islam - TTP; Forces of Momin Afridi - TTP - TA,0.02977781171260594
PAK,Khyber Pakhtunkwa province,4,20,23,34.696657599999995,72.20790975,Government of Pakistan - Civilians,0.0017561273574100938
PAK,Khyber Pakhtunkwa province,5,327,1175,33.69320073088685,71.22320521712538,BRAS - Civilians; IS - Civilians; Jondullah - Civilians,0.0897152019546461
PAK,Punjab province,1,171,963,31.747478573099418,73.26702224561403,India - Pakistan; India: Kashmir; Pakistan: Balochistan,0.6407185628742516
PAK,Punjab province,4,6,4,31.54553,73.3715725,Government of Afghanistan - Civilians; Government of Pakistan - Civilians,0.0026613439787092482
PAK,Punjab province,5,39,536,31.482252,72.98345623076924,BLA - Civilians; BRAS - Civilians; IS - Civilians,0.35662009314703924
PAK,Sindh province,1,241,920,24.996218390041495,67.1128423319502,India: Kashmir; Iran: Government; Pakistan: Balochistan,0.41818181818181815
PAK,Sindh province,2,126,744,25.13804103174603,67.44735930158731,Jatoi - Meher; MQM - MQM-H; Mohajir - Pashtun,0.3381818181818182
PAK,Sindh province,4,8,10,25.32729175,67.501631875,Government of Pakistan - Civilians,0.004545454545454545
PAK,Sindh province,5,56,526,25.01604,67.10394614285715,BLA - Civilians; BRAS - Civilians; IS - Civilians,0.2390909090909091
PAN,Darién province,5,1,1,8.050082,-77.581214,FARC - Civilians,1.0
PAN,Panamá province,1,3,920,8.966667,-79.533333,Panama - United States of America; Panama: Government,1.0
PER,Amazonas department,1,24,97,-3.7224699583333334,-78.18053775,Ecuador - Peru; Peru: Government,0.9797979797979798
PER,Amazonas department,4,1,2,-5.0,-78.233333,Government of Peru - Civilians,0.020202020202020204
PER,Amazonas region,4,2,4,-5.0,-78.233333,Government of Peru - Civilians,1.0
PER,Ancash department,1,14,125,-9.65087292857143,-77.4450895,Peru: Government,0.9124087591240876
PER,Ancash department,5,8,12,-9.41491675,-77.765565125,Sendero Luminoso - Civilians,0.08759124087591241
PER,Apurímac department,1,9,134,-14.081606666666666,-73.15740777777778,Peru: Government,0.9852941176470589
PER,Apurímac department,5,1,2,-13.65556,-73.38722,Sendero Luminoso - Civilians,0.014705882352941176
PER,Apurímac region,1,3,7,-13.708979999999999,-73.21620333333334,Peru: Government,1.0
PER,Arequipa department,1,3,12,-15.832500000000001,-72.99805666666667,Peru: Government,1.0
PER,Ayacucho department,1,104,894,-13.39228564423077,-74.12715901923076,Peru: Government,0.8119891008174387
PER,Ayacucho department,4,6,17,-13.882125333333335,-74.18055249999999,Government of Peru - Civilians,0.015440508628519528
PER,Ayacucho department,5,41,190,-13.531051219512195,-74.200143,Sendero Luminoso - Civilians,0.17257039055404177
PER,Ayacucho region,1,30,79,-12.838417833333333,-74.16606096666666,Peru: Government,0.9875
PER,Ayacucho region,5,1,1,-12.40885,-74.08926,Sendero Luminoso - Civilians,0.0125
PER,Cajamarca department,1,2,5,-5.978645,-78.8205915,Peru: Government,0.8333333333333334
PER,Cajamarca department,5,1,1,-7.16378,-78.50027,Sendero Luminoso - Civilians,0.16666666666666666
PER,Callao department,1,3,8,-12.05659,-77.11814,Peru: Government,1.0
PER,Cusco department,1,5,12,-13.623146,-71.846576,Peru: Government,0.8
PER,Cusco department,4,1,0,-14.41667,-72.0,Government of Peru - Civilians,0.0
PER,Cusco department,5,3,3,-13.653983333333334,-71.87193,Sendero Luminoso - Civilians,0.2
PER,Cusco region,1,5,11,-12.5662688,-73.0261248,Peru: Government,0.9166666666666666
PER,Cusco region,4,1,1,-12.0,-73.0,Government of Peru - Civilians,0.08333333333333333
PER,Huancavelica department,1,16,156,-12.8949114375,-74.8267603125,Peru: Government,0.8297872340425532
PER,Huancavelica department,5,5,32,-13.011088,-74.939666,Sendero Luminoso - Civilians,0.1702127659574468
PER,Huancavelica region,1,5,31,-12.5064232,-74.63603400000001,Peru: Government,1.0
PER,Huánuco department,1,52,598,-9.252617903846154,-76.16248140384616,Peru: Government,0.843441466854725
PER,Huánuco department,4,5,72,-9.142900000000001,-76.0977752,Government of Peru - Civilians,0.10155148095909731
PER,Huánuco department,5,9,39,-9.22680911111111,-76.15104211111111,Sendero Luminoso - Civilians,0.05500705218617771
PER,Huánuco region,1,5,10,-9.288076,-76.13862,Peru: Government,0.5555555555555556
PER,Huánuco region,5,6,8,-9.1383215,-76.120661,Sendero Luminoso - Civilians,0.4444444444444444
PER,Ica department,1,6,39,-14.051622333333334,-75.66627333333334,Peru: Government,0.975
PER,Ica department,5,2,1,-14.06777,-75.72861,Sendero Luminoso - Civilians,0.025
PER,Junín department,1,69,690,-11.496270826086958,-75.14364013043478,Peru: Government,0.7427341227125942
PER,Junín department,2,4,17,-12.084187499999999,-75.0903725,MRTA - Sendero Luminoso,0.01829924650161464
PER,Junín department,4,1,0,-12.06513,-75.20486,Government of Peru - Civilians,0.0
PER,Junín department,5,34,222,-11.514422441176471,-75.34450170588235,Sendero Luminoso - Civilians,0.23896663078579117
PER,Junín region,1,16,65,-11.6166865,-74.5740045,Peru: Government,1.0
PER,La Libertad department,1,17,94,-7.89826305882353,-78.32062958823529,Peru: Government,0.9690721649484536
PER,La Libertad department,5,2,3,-8.148575,-79.072475,Sendero Luminoso - Civilians,0.030927835051546393
PER,La Libertad region,4,1,3,-8.0,-78.5,Government of Peru - Civilians,1.0
PER,Lambayeque department,1,4,6,-6.419904750000001,-79.88405875,Peru: Government,1.0
PER,Lima department,1,110,365,-11.918595327272728,-77.03343459999999,Peru: Government,0.7572614107883817
PER,Lima department,4,7,31,-12.030671142857143,-76.983754,Government of Peru - Civilians,0.06431535269709543
PER,Lima department,5,46,86,-11.985688173913045,-77.04461317391305,Sendero Luminoso - Civilians,0.17842323651452283
PER,Lima province,4,2,6,-12.043333,-77.028333,Government of Peru - Civilians,1.0
PER,Loreto department,1,3,23,-7.204763333333333,-75.23096,Peru: Government,0.9583333333333334
PER,Loreto department,4,1,0,-7.16667,-75.25,Government of Peru - Civilians,0.0
PER,Loreto department,5,1,1,-8.37915,-74.55387,Sendero Luminoso - Civilians,0.041666666666666664
PER,Loreto region,1,1,5,-0.212311,-74.804177,Colombia: Government,0.7142857142857143
PER,Loreto region,4,1,2,-7.16667,-75.25,Government of Peru - Civilians,0.2857142857142857
PER,Madre de Dios region,4,1,1,-13.097472,-70.368262,Government of Peru - Civilians,1.0
PER,Pasco department,1,8,96,-10.612361125,-75.802371625,Peru: Government,1.0
PER,Piura department,1,2,20,-5.19449,-80.63282,Peru: Government,0.7692307692307693
PER,Piura department,5,1,6,-5.56583,-79.52194,Sendero Luminoso - Civilians,0.23076923076923078
PER,Puno department,1,15,92,-14.992038266666667,-70.16749366666666,Peru: Government,0.9108910891089109
PER,Puno department,5,4,9,-15.4325075,-69.813545,Sendero Luminoso - Civilians,0.0891089108910891
PER,Puno region,4,1,2,-13.52405,-70.39487,Government of Peru - Civilians,1.0
PER,San Martín department,1,31,424,-7.567702677419355,-76.66754816129031,Peru: Government,0.9953051643192489
PER,San Martín department,4,1,0,-8.144302,-76.584596,Government of Peru - Civilians,0.0
PER,San Martín department,5,2,2,-8.483080000000001,-76.45452,Sendero Luminoso - Civilians,0.004694835680751174
PER,San Martín region,1,2,5,-8.078396,-76.651246,Peru: Government,1.0
PER,Ucayali department,1,7,148,-9.283595714285713,-74.83744571428572,Peru: Government,1.0
PER,Ucayali region,1,1,3,-9.03778,-75.50906,Peru: Government,1.0
PHL,Abra province,1,24,110,17.50238375,120.82730541666666,Philippines: Government,1.0
PHL,Agusan del Norte province,1,50,96,9.03536188,125.56457954,Philippines: Government,0.8888888888888888
PHL,Agusan del Norte province,4,4,7,8.973749999999999,125.4790275,Government of Philippines - Civilians,0.06481481481481481
PHL,Agusan del Norte province,5,8,5,8.98739275,125.52375225,CPP - Civilians,0.046296296296296294
PHL,Agusan del Sur province,1,83,273,8.465015060240965,125.75870039759036,Philippines: Government,0.9285714285714286
PHL,Agusan del Sur province,5,10,21,8.3874341,125.6683998,CPP - Civilians,0.07142857142857142
PHL,Aklan province,1,5,16,11.744108,122.2141686,Philippines: Government,0.8888888888888888
PHL,Aklan province,4,1,1,11.688888,122.369166,Government of Philippines - Civilians,0.05555555555555555
PHL,Aklan province,5,1,1,11.666667,122.333333,CPP - Civilians,0.05555555555555555
PHL,Albay province,1,42,84,13.159520595238096,123.60818664285713,Philippines: Government,0.9438202247191011
PHL,Albay province,5,7,5,13.16357057142857,123.61453442857143,CPP - Civilians,0.056179775280898875
PHL,Antique province,1,7,31,10.989852428571428,122.10951728571429,Philippines: Government,1.0
PHL,Antique province,5,1,0,11.166667,122.083333,CPP - Civilians,0.0
PHL,Apayao province,1,2,5,18.2385315,121.3593575,Philippines: Government,1.0
PHL,Aurora province,1,12,24,15.236724333333333,121.96137633333335,Philippines: Government,1.0
PHL,Aurora province,4,1,0,8.474722,125.508889,Government of Philippines - Civilians,0.0
PHL,Basilan province,1,298,1702,6.54793310738255,122.02859180201342,Philippines: Government; Philippines: Islamic State; Philippines: Mindanao,0.911134903640257
PHL,Basilan province,2,2,33,6.503646,122.0540665,Christians (Philippines) - Muslims (Philippines); Hadji Faizal Abdulkarim - Hadji Masir Ahalul,0.017665952890792293
PHL,Basilan province,4,1,2,6.445416,121.980693,Government of Philippines - Civilians,0.0010706638115631692
PHL,Basilan province,5,45,131,6.5861831111111115,122.01218091111112,ASG - Civilians; IS - Civilians; MILF - Civilians,0.07012847965738758
PHL,Bataan province,1,9,31,14.676962555555557,120.49176644444444,Philippines: Government,0.96875
PHL,Bataan province,4,3,0,14.620174,120.497406,Government of Philippines - Civilians,0.0
PHL,Bataan province,5,1,1,14.666667,120.416667,CPP - Civilians,0.03125
PHL,Batangas province,1,16,53,13.897796625,120.9335794375,Philippines: Government,0.9636363636363636
PHL,Batangas province,4,2,1,14.0185705,120.7077855,Government of Philippines - Civilians,0.01818181818181818
PHL,Batangas province,5,1,1,13.916667,121.083333,CPP - Civilians,0.01818181818181818
PHL,Benguet province,1,4,15,16.6331675,120.71492425,Philippines: Government,0.9375
PHL,Benguet province,5,1,1,16.5,120.666667,CPP - Civilians,0.0625
PHL,Biliran province,5,1,2,11.585415,124.484609,CPP - Civilians,1.0
PHL,Bohol province,1,21,83,9.861843047619047,124.1416018095238,Philippines: Government; Philippines: Mindanao,0.9764705882352941
PHL,Bohol province,5,2,2,9.78537,124.0466395,CPP - Civilians,0.023529411764705882
PHL,Bukidnon province,1,81,247,7.989375703703703,125.08408198765432,Philippines: Government; Philippines: Mindanao,0.8178807947019867
PHL,Bukidnon province,2,1,23,8.090278,124.584444,Lumad - Moro,0.076158940397351
PHL,Bukidnon province,4,7,12,7.940912714285715,125.00912685714286,Government of Philippines - Civilians,0.039735099337748346
PHL,Bukidnon province,5,8,20,8.003812875,124.88654112500001,CPP - Civilians,0.06622516556291391
PHL,Bulacan province,1,19,101,14.918628736842104,120.98531831578947,Philippines: Government,0.9805825242718447
PHL,Bulacan province,4,3,1,14.877506666666667,120.93229766666666,Government of Philippines - Civilians,0.009708737864077669
PHL,Bulacan province,5,1,1,15.0,121.083333,CPP - Civilians,0.009708737864077669
PHL,Cagayan province,1,37,206,17.972877405405406,121.734608,Philippines: Government,1.0
PHL,Cagayan province,4,1,0,18.19833,121.665,Government of Philippines - Civilians,0.0
PHL,Cagayan province,5,1,0,18.19728,121.55975,CPP - Civilians,0.0
PHL,Calabarzon province,1,1,3,14.0183,120.7296,Philippines: Government,1.0
PHL,Camarines Norte province,1,27,85,14.190582037037037,122.63146103703704,Philippines: Government,1.0
PHL,Camarines Sur province,1,57,135,13.697460877192983,123.25404635087719,Philippines: Government,0.9926470588235294
PHL,Camarines Sur province,5,2,1,13.668468,123.26313300000001,CPP - Civilians,0.007352941176470588
PHL,Capiz province,1,11,23,11.254525363636363,122.56562,Philippines: Government,0.9583333333333334
PHL,Capiz province,5,1,1,11.204077,122.534743,CPP - Civilians,0.041666666666666664
PHL,Catanduanes province,1,14,40,13.430877785714285,123.80695778571429,Philippines: Government,0.975609756097561
PHL,Catanduanes province,5,1,1,13.750648,124.205924,CPP - Civilians,0.024390243902439025
PHL,Cavite province,1,2,7,14.253165,120.88329999999999,Philippines: Government,0.7777777777777778
PHL,Cavite province,4,2,0,14.4021145,120.940594,Government of Philippines - Civilians,0.0
PHL,Cavite province,5,1,2,14.233,120.9833,CPP - Civilians,0.2222222222222222
PHL,Cebu province,1,6,11,10.559473833333334,123.92267866666667,Philippines: Government,0.7333333333333333
PHL,Cebu province,4,4,4,10.412847750000001,123.89513925,Government of Philippines - Civilians,0.26666666666666666
PHL,Compostela Valley province,1,92,185,7.568733217391304,125.99263460869567,Philippines: Government,0.9946236559139785
PHL,Compostela Valley province,4,1,1,7.435626,125.844148,Government of Philippines - Civilians,0.005376344086021506
PHL,Compostela Valley province,5,1,0,7.8153,126.0544,MILF - Civilians,0.0
PHL,Compostela valley province,1,18,73,7.542272277777777,126.0409276111111,Philippines: Government,1.0
PHL,Cotabato province,1,182,1118,7.177015532967033,124.81837044505494,Philippines: Government; Philippines: Islamic State; Philippines: Mindanao,0.9052631578947369
PHL,Cotabato province,2,1,20,7.212123,124.881512,Christians (Philippines) - Muslims (Philippines),0.016194331983805668
PHL,Cotabato province,4,2,3,7.1316500000000005,124.734872,Government of Philippines - Civilians,0.0024291497975708503
PHL,Cotabato province,5,47,94,7.159620319148937,124.81027361702127,Al-Khobar - Civilians; Ampatuan militia - Civilians; CPP - Civilians,0.07611336032388664
PHL,Davao Oriental province,1,51,207,7.311401117647059,126.31075219607843,Philippines: Government; Philippines: Mindanao,0.9904306220095693
PHL,Davao Oriental province,5,1,2,7.183333,126.416667,CPP - Civilians,0.009569377990430622
PHL,Davao de Oro province,1,4,10,7.4027555,126.09612775,Philippines: Government,1.0
PHL,Davao del Norte province,1,39,102,7.635659076923077,125.65098502564102,Philippines: Government; Philippines: Mindanao,0.85
PHL,Davao del Norte province,4,11,10,7.454491818181818,125.78076818181817,Government of Philippines - Civilians,0.08333333333333333
PHL,Davao del Norte province,5,6,8,7.449826166666667,125.73522316666667,ASG - Civilians; CPP - Civilians; MILF - Civilians,0.06666666666666667
PHL,Davao del Sur province,1,106,415,6.943863443396227,125.42874697169812,Philippines: Government; Philippines: Islamic State; Philippines: Mindanao,0.8627858627858628
PHL,Davao del Sur province,2,1,0,7.073056,125.612778,Christians (Philippines) - Muslims (Philippines),0.0
PHL,Davao del Sur province,4,11,8,7.047996818181818,125.48426454545455,Government of Philippines - Civilians,0.016632016632016633
PHL,Davao del Sur province,5,15,58,7.100128933333334,125.48423473333334,Al-Khobar - Civilians; CPP - Civilians; IS - Civilians,0.12058212058212059
PHL,Davao province,1,3,20,7.686652,125.80129933333335,Philippines: Government,1.0
PHL,Dinagat islands province,1,1,1,12.3536,121.0667,Philippines: Government,1.0
PHL,Eastern Samar province,1,25,273,11.79878136,125.36015152,Philippines: Government,0.9891304347826086
PHL,Eastern Samar province,4,3,2,11.663518333333334,125.352222,Government of Philippines - Civilians,0.007246376811594203
PHL,Eastern Samar province,5,1,1,11.133333,125.466667,CPP - Civilians,0.0036231884057971015
PHL,Ifugao province,1,9,50,16.735338444444444,121.08943755555555,Philippines: Government,1.0
PHL,Ilocos Norte province,1,6,38,18.149762833333334,120.70511233333333,Philippines: Government,1.0
PHL,Ilocos Sur province,1,10,37,17.229743000000003,120.55069800000001,Philippines: Government,1.0
PHL,Iloilo province,1,25,73,10.83804408,122.33121224,Philippines: Government,0.9605263157894737
PHL,Iloilo province,5,3,3,10.768677000000002,122.34204533333333,CPP - Civilians,0.039473684210526314
PHL,Isabela province,1,39,153,16.89046735897436,121.91274915384616,Philippines: Government,0.9807692307692307
PHL,Isabela province,4,1,3,17.36667,121.71667,Government of Philippines - Civilians,0.019230769230769232
PHL,Kalinga province,1,29,79,17.475538379310343,121.25885244827587,Philippines: Government,1.0
PHL,Kalinga-Apayao province,1,18,220,17.922262222222223,121.23114211111111,Philippines: Government,1.0
PHL,Kalinga-Apayao province,4,1,0,17.615,121.408,Government of Philippines - Civilians,0.0
PHL,Laguna province,1,14,42,14.240506785714286,121.38665257142857,Philippines: Government,0.9130434782608695
PHL,Laguna province,4,3,3,14.209629,121.25379666666667,Government of Philippines - Civilians,0.06521739130434782
PHL,Laguna province,5,1,1,14.2726,121.1262,CPP - Civilians,0.021739130434782608
PHL,Lanao del Norte province,1,54,488,8.03262151851852,124.06085375925926,Philippines: Government; Philippines: Islamic State; Philippines: Mindanao,0.8937728937728938
PHL,Lanao del Norte province,2,3,5,8.124659333333334,124.00698133333333,Christians (Philippines) - Muslims (Philippines),0.009157509157509158
PHL,Lanao del Norte province,4,2,1,8.1154165,124.1180555,Government of Philippines - Civilians,0.0018315018315018315
PHL,Lanao del Norte province,5,12,52,8.075342583333333,124.00498975,ASG - Civilians; MILF - Civilians,0.09523809523809523
PHL,Lanao del Sur province,1,177,1754,7.930063372881356,124.27600989830508,Philippines: Government; Philippines: Islamic State; Philippines: Mindanao,0.9334752527940394
PHL,Lanao del Sur province,4,1,1,8.005,124.2,Government of Philippines - Civilians,0.0005321979776476849
PHL,Lanao del Sur province,5,24,124,7.910500166666666,124.26250158333333,CPP - Civilians; IS - Civilians; MILF - Civilians,0.06599254922831294
PHL,Leyte province,1,32,187,10.920867,124.752179,Philippines: Government; Philippines: Islamic State,0.9894179894179894
PHL,Leyte province,5,3,2,11.210398333333336,124.74352433333333,CPP - Civilians,0.010582010582010581
PHL,Maguindanao del Norte province,1,3,12,7.288959666666667,124.28084333333334,Philippines: Government; Philippines: Islamic State,0.9230769230769231
PHL,Maguindanao del Norte province,4,1,1,6.7958,124.012,Government of Philippines - Civilians,0.07692307692307693
PHL,Maguindanao del Sur province,1,9,28,6.901921,124.46474922222222,Philippines: Islamic State; Philippines: Mindanao,0.9032258064516129
PHL,Maguindanao del Sur province,5,1,3,6.8825,124.494444,IS - Civilians,0.0967741935483871
PHL,Maguindanao province,1,337,1978,7.0031107270029676,124.4415219139466,Philippines: Government; Philippines: Islamic State; Philippines: Mindanao,0.904435299497028
PHL,Maguindanao province,2,15,83,6.969234266666666,124.4717506,BIFM - MILF; Christians (Philippines) - Muslims (Philippines); Forces of Jing Caludtiag - Forces of Randy Karon,0.037951531778692274
PHL,Maguindanao province,4,3,2,7.037129666666666,124.39898166666667,Government of Philippines - Civilians,0.0009144947416552355
PHL,Maguindanao province,5,22,124,6.959281727272727,124.44758127272726,Ampatuan militia - Civilians; IS - Civilians; MILF - Civilians,0.0566986739826246
PHL,Masbate province,1,66,162,12.306119848484848,123.57569627272727,Philippines: Government,0.8709677419354839
PHL,Masbate province,4,1,1,12.9035,123.2457,Government of Philippines - Civilians,0.005376344086021506
PHL,Masbate province,5,17,23,12.325144823529413,123.61321429411764,CPP - Civilians,0.12365591397849462
PHL,Metropolitan Manila province,1,67,272,14.600207835820896,120.9980655074627,Iraq - Kuwait; Philippines: Government; Philippines: Islamic State,0.7214854111405835
PHL,Metropolitan Manila province,4,37,71,14.613110405405404,120.99481416216217,Government of Philippines - Civilians,0.1883289124668435
PHL,Metropolitan Manila province,5,11,34,14.577948363636363,121.02462018181818,ASG - Civilians; CPP - Civilians; MILF - Civilians,0.09018567639257294
PHL,Misamis Occidental province,1,13,106,8.342457538461538,123.67296923076923,Philippines: Government,0.6928104575163399
PHL,Misamis Occidental province,4,2,2,8.5370775,123.69542200000001,Government of Philippines - Civilians,0.013071895424836602
PHL,Misamis Occidental province,5,1,45,8.121965,123.843026,MILF - Civilians,0.29411764705882354
PHL,Misamis Oriental province,1,40,188,8.773164875,124.95708299999998,Philippines: Government,0.9740932642487047
PHL,Misamis Oriental province,4,2,3,8.384113,124.659971,Government of Philippines - Civilians,0.015544041450777202
PHL,Misamis Oriental province,5,3,2,8.629815,124.82610966666668,CPP - Civilians,0.010362694300518135
PHL,Mountain province,1,19,141,17.084601263157893,120.97735510526316,Philippines: Government,0.986013986013986
PHL,Mountain province,4,1,2,16.9864,120.8084,Government of Philippines - Civilians,0.013986013986013986
PHL,Negros Occidental province,1,110,288,10.391713399999999,122.99234668181818,Philippines: Government,0.8372093023255814
PHL,Negros Occidental province,4,11,12,10.300238454545454,122.9965249090909,Government of Philippines - Civilians,0.03488372093023256
PHL,Negros Occidental province,5,38,44,10.319440578947368,123.05522321052632,CPP - Civilians,0.12790697674418605
PHL,Negros Oriental province,1,53,117,9.914170320754716,123.14165718867925,Philippines: Government,0.740506329113924
PHL,Negros Oriental province,4,5,20,9.792691600000001,123.085842,Government of Philippines - Civilians,0.12658227848101267
PHL,Negros Oriental province,5,19,21,9.957436421052632,123.22131815789474,CPP - Civilians,0.13291139240506328
PHL,Northern Samar province,1,76,182,12.37121872368421,124.91193403947368,Philippines: Government,0.9629629629629629
PHL,Northern Samar province,4,2,4,12.511182999999999,124.811773,Government of Philippines - Civilians,0.021164021164021163
PHL,Northern Samar province,5,2,3,12.385429,125.15763799999999,CPP - Civilians,0.015873015873015872
PHL,Nueva Ecija province,1,22,80,15.69844690909091,120.9997985,Philippines: Government,0.9876543209876543
PHL,Nueva Ecija province,4,2,1,15.7939005,120.906851,Government of Philippines - Civilians,0.012345679012345678
PHL,Nueva Viscaya province,1,2,40,16.176239000000002,121.3329215,Philippines: Government,1.0
PHL,Nueva Vizcaya province,1,1,1,16.126944,121.143333,Philippines: Government,1.0
PHL,Occidental Mindoro province,1,14,31,12.859960642857143,120.92448764285714,Philippines: Government,0.96875
PHL,Occidental Mindoro province,5,1,1,12.45,121.116667,CPP - Civilians,0.03125
PHL,Oriental Mindoro province,1,27,100,13.14754762962963,121.2177662962963,Philippines: Government,0.970873786407767
PHL,Oriental Mindoro province,4,2,3,13.1093055,121.3363885,Government of Philippines - Civilians,0.02912621359223301
PHL,Palawan province,1,9,30,9.540845,118.43756044444444,Philippines: Government; Philippines: Mindanao,1.0
PHL,Pampanga province,1,24,69,15.096264166666666,120.654364,Philippines: Government,1.0
PHL,Pampanga province,4,2,0,15.14722,120.75995900000001,Government of Philippines - Civilians,0.0
PHL,Pampanga province,5,2,0,15.032993,120.58648,CPP - Civilians,0.0
PHL,Pangasinan province,1,9,32,15.980278555555556,120.59480022222222,Philippines: Government,0.8205128205128205
PHL,Pangasinan province,4,3,7,15.944588333333334,120.260171,Government of Philippines - Civilians,0.1794871794871795
PHL,Quezon province,1,66,168,13.991440015151515,121.95222031818182,Philippines: Government,1.0
PHL,Quezon province,5,2,0,13.95,122.0583335,CPP - Civilians,0.0
PHL,Rizal province,1,16,38,14.6659418125,121.1685929375,Philippines: Government,1.0
PHL,Rizal province,4,3,0,14.550643333333333,121.18116033333332,Government of Philippines - Civilians,0.0
PHL,Samar province,1,58,233,11.841812810344829,124.93289979310345,Philippines: Government,0.9628099173553719
PHL,Samar province,4,1,8,12.0545,124.6288,Government of Philippines - Civilians,0.03305785123966942
PHL,Samar province,5,1,1,12.152124,124.869434,CPP - Civilians,0.004132231404958678
PHL,Sarangani province,1,25,62,5.969606,125.02783656,Philippines: Government; Philippines: Islamic State; Philippines: Mindanao,0.9253731343283582
PHL,Sarangani province,5,2,5,5.86,125.0,CPP - Civilians; MILF - Civilians,0.07462686567164178
PHL,Sorsogon province,1,66,159,12.840183787878788,123.95781478787879,Philippines: Government,0.9244186046511628
PHL,Sorsogon province,5,9,13,12.774581666666668,124.01223611111111,CPP - Civilians,0.0755813953488372
PHL,South Cotabato province,1,44,123,6.217971704545454,124.91999227272727,Philippines: Government; Philippines: Islamic State; Philippines: Mindanao,0.7834394904458599
PHL,South Cotabato province,2,2,4,6.3,124.943611,Christians (Philippines) - Muslims (Philippines),0.025477707006369428
PHL,South Cotabato province,4,2,0,6.1999984999999995,125.1249985,Government of Philippines - Civilians,0.0
PHL,South Cotabato province,5,11,30,6.127424454545454,125.11260127272728,ASG - Civilians; Al-Khobar - Civilians; CPP - Civilians,0.1910828025477707
PHL,Southern Leyte province,1,5,30,10.371071,125.00371399999999,Philippines: Government,1.0
PHL,Sultan Kudarat province,1,57,244,6.529845964912281,124.38209,Philippines: Government; Philippines: Islamic State; Philippines: Mindanao,0.7416413373860182
PHL,Sultan Kudarat province,2,2,26,6.638066500000001,124.49735000000001,Christians (Philippines) - Muslims (Philippines); Forces of Jing Caludtiag - Forces of Randy Karon,0.0790273556231003
PHL,Sultan Kudarat province,4,3,19,6.683974,124.69509233333333,Government of Philippines - Civilians,0.057750759878419454
PHL,Sultan Kudarat province,5,14,40,6.590145714285714,124.42041300000001,ASG - Civilians; CPP - Civilians; IS - Civilians,0.12158054711246201
PHL,Sulu province,1,378,2099,6.010793119047619,121.07217716137566,Philippines: Government; Philippines: Islamic State; Philippines: Mindanao,0.9637281910009182
PHL,Sulu province,2,2,7,6.052099999999999,121.105289,Christians (Philippines) - Muslims (Philippines),0.0032139577594123047
PHL,Sulu province,4,1,0,6.015,121.105278,Government of Philippines - Civilians,0.0
PHL,Sulu province,5,24,72,5.9816785,120.99397754166667,ASG - Civilians; IS - Civilians,0.03305785123966942
PHL,Surigao del Norte province,1,28,63,9.592265107142856,125.61279803571428,Philippines: Government,0.875
PHL,Surigao del Norte province,4,3,3,9.670587333333334,125.80401533333334,Government of Philippines - Civilians,0.041666666666666664
PHL,Surigao del Norte province,5,2,6,9.649983500000001,125.56665000000001,CPP - Civilians; MILF - Civilians,0.08333333333333333
PHL,Surigao del Sur province,1,74,565,8.86206654054054,126.06317754054055,Philippines: Government,0.9674657534246576
PHL,Surigao del Sur province,4,2,2,8.7827775,126.066528,Government of Philippines - Civilians,0.003424657534246575
PHL,Surigao del Sur province,5,12,17,9.001677666666668,126.04406858333334,CPP - Civilians,0.02910958904109589
PHL,Tarlac province,1,7,58,15.566105714285714,120.46071671428571,Philippines: Government,0.9508196721311475
PHL,Tarlac province,4,1,1,15.4667,120.58333,Government of Philippines - Civilians,0.01639344262295082
PHL,Tarlac province,5,1,2,15.5,120.5,CPP - Civilians,0.03278688524590164
PHL,Tawi-Tawi province,1,17,37,5.144244823529412,119.80473276470588,Philippines: Islamic State; Philippines: Mindanao,0.9487179487179487
PHL,Tawi-Tawi province,5,3,2,5.488176666666667,119.49676666666666,ASG - Civilians,0.05128205128205128
PHL,Zambales province,1,13,47,15.179415769230769,120.26987684615385,Philippines: Government,1.0
PHL,Zamboanga Sibugay province,1,17,68,7.652248235294118,122.72279535294119,Philippines: Government; Philippines: Mindanao,1.0
PHL,Zamboanga Sibugay province,5,1,0,7.788055,122.696944,MILF - Civilians,0.0
PHL,Zamboanga del Norte province,1,32,163,7.9277612500000005,122.68879446875,Philippines: Government; Philippines: Mindanao,0.8316326530612245
PHL,Zamboanga del Norte province,5,5,33,8.0073822,122.73540659999999,ASG - Civilians; CPP - Civilians; MILF - Civilians,0.1683673469387755
PHL,Zamboanga del Sur province,1,95,550,7.280444863157895,122.50898536842105,Philippines: Government; Philippines: Islamic State; Philippines: Mindanao,0.935374149659864
PHL,Zamboanga del Sur province,4,1,0,7.8283,123.43,Government of Philippines - Civilians,0.0
PHL,Zamboanga del Sur province,5,13,38,7.109643230769231,122.19861392307692,ASG - Civilians; IS - Civilians; MILF - Civilians,0.06462585034013606
PNG,Bougainville province,1,76,291,-6.147244855263158,155.28858518421052,Papua New Guinea: Bougainville,0.7929155313351499
PNG,Bougainville province,4,18,76,-6.200081777777778,155.2765117222222,Government of Papua New Guinea - Civilians,0.20708446866485014
PNG,East Sepik province,5,3,26,-4.171422666666667,143.899142,I don't care - Civilians,1.0
PNG,Eastern Highlands province,2,7,108,-6.290202857142857,145.8593754285714,Agarabi - Tapo; Akibu - Tonakau,1.0
PNG,Enga province,2,23,387,-5.5900042608695655,143.57220195652172,"Aiyala - Nomali; Akul - Kambrip; Ambulin, Lungupin, Nenei, Sau, Sau Walep, Yandamau, Yopo - Kaekin, Lanzerakin, Lyona, Mupapalu, Murap, Palinau, Sakaikin, Sikin, Wapukin",1.0
PNG,Enga province,4,1,0,-5.4462,143.15,Government of Papua New Guinea - Civilians,0.0
PNG,Hela province,2,3,30,-5.765133666666667,142.82717733333334,Oi Kuru - Libe Koi,1.0
PNG,Jiwaka province,4,1,4,-5.8809,144.7071,Government of Papua New Guinea - Civilians,1.0
PNG,Madang province,4,1,1,-4.52278,145.47037,Government of Papua New Guinea - Civilians,1.0
PNG,Milne Bay province,2,8,33,-8.5141515,151.05629762499998,Kuboma - Kulumata,0.9428571428571428
PNG,Milne Bay province,4,1,2,-10.55262,150.31494,Government of Papua New Guinea - Civilians,0.05714285714285714
PNG,Morobe province,4,1,1,-6.722084,146.984688,Government of Papua New Guinea - Civilians,1.0
PNG,National Capital district,4,3,7,-9.464722,147.1925,Government of Papua New Guinea - Civilians,1.0
PNG,Sandaun province,1,1,1,-2.61,141.01,Indonesia: West Papua,1.0
PNG,Sandaun province,4,1,0,-4.633333,141.1,Government of Indonesia - Civilians,0.0
PNG,Southern Highlands province,2,9,71,-6.134897333333333,143.57111022222222,Unjamap - Wogia-Tunjup; Wagia subclan of Takima - Wayai subclan of Takima,1.0
POL,Lubelskie voivodeship,1,1,2,50.47337,23.93438,Russia - Ukraine,1.0
PRY,Amambay department,2,1,1,-22.54722,-55.73333,Comando Vermelho - PCC,0.16666666666666666
PRY,Amambay department,5,2,5,-22.54722,-55.73333,PCC - Civilians,0.8333333333333334
PRY,Asunción department,1,1,150,-25.29389,-57.611111,Paraguay: Government,0.9933774834437086
PRY,Asunción department,5,1,1,-25.29389,-57.611111,Comando Vermelho - Civilians,0.006622516556291391
QAT,Ad Dawhah (Doha),1,1,0,25.286667,51.533333,Russia (Soviet Union): Chechnya,0.0
QAT,Ad Dawhah (Doha) municipality,1,1,6,25.286667,51.533333,Israel: Palestine,1.0
ROU,Arad county,1,1,4,46.166667,21.316667,Romania: Government,1.0
ROU,Bucharest municipality,1,3,42,44.480847000000004,26.096669333333335,Romania: Government,0.4827586206896552
ROU,Bucharest municipality,4,3,45,44.480847000000004,26.096669333333335,Government of Romania - Civilians,0.5172413793103449
ROU,Cluj county,1,1,0,46.766667,23.583333,Romania: Government,0.0
ROU,Cluj county,4,1,32,46.766667,23.583333,Government of Romania - Civilians,1.0
ROU,Giurgiu county,1,1,3,43.900833,25.973889,Romania: Government,1.0
ROU,Timis county,1,3,4,45.75972199999999,21.23,Romania: Government,0.031746031746031744
ROU,Timis county,4,1,122,45.759722,21.23,Government of Romania - Civilians,0.9682539682539683
RUS,Adygeya republic,1,5,3,44.723839999999996,39.64582,Russia (Soviet Union): Caucasus Emirate; Russia (Soviet Union): Chechnya,1.0
RUS,Armenian SSR,1,4,32,40.594375,44.88645825,Russia (Soviet Union): Nagorno-Karabakh,0.9411764705882353
RUS,Armenian SSR,2,1,2,40.25,45.0,Armenian - Azeri,0.058823529411764705
RUS,Astrakhan oblast,1,4,7,46.360397,48.057908,Russia: Islamic State,1.0
RUS,Azerbaijan SSR,1,43,380,40.14579811627907,47.005726139534886,Russia (Soviet Union): Azerbaijan; Russia (Soviet Union): Nagorno-Karabakh,0.8207343412526998
RUS,Azerbaijan SSR,2,8,67,40.103187,46.705813500000005,Armenian - Azeri,0.1447084233261339
RUS,Azerbaijan SSR,4,3,16,39.828869,47.213282,Government of Russia (Soviet Union) - Civilians,0.03455723542116631
RUS,Bashkortostan republic,1,1,1,54.74306,55.96779,Russia: Islamic State,1.0
RUS,Belgorod oblast,1,397,830,50.49375375314862,36.72115171536524,Russia (Soviet Union): Chechnya; Russia (Soviet Union): Government; Russia - Ukraine,0.9975961538461539
RUS,Belgorod oblast,4,1,2,50.68167,37.7762,Government of Russia (Soviet Union) - Civilians,0.002403846153846154
RUS,Bryansk oblast,1,44,73,52.43843065909091,33.04321072727273,Russia (Soviet Union): Government; Russia - Ukraine,1.0
RUS,Chechnya republic,1,1788,16099,43.22049415436241,45.79283170134228,Russia (Soviet Union): Caucasus Emirate; Russia (Soviet Union): Chechnya; Russia - Ukraine,0.8590256656528467
RUS,Chechnya republic,2,7,244,43.28064285714286,45.65461428571428,Chechen Republic of Ichkeria - Forces of Ruslan Labazanov; Chechen Republic of Ichkeria - Provisional Council of the Chechen Republic,0.013019582733045196
RUS,Chechnya republic,4,145,2307,43.259548662068966,45.78215604137931,Government of Russia (Soviet Union) - Civilians,0.12309908756202978
RUS,Chechnya republic,5,31,91,43.25576419354839,45.7020585483871,Chechen Republic of Ichkeria - Civilians; Forces of the Caucasus Emirate - Civilians; IS - Civilians,0.004855664052078331
RUS,Dagestan republic,1,865,2966,42.953224099421966,47.18465886589595,Russia (Soviet Union): Caucasus Emirate; Russia (Soviet Union): Chechnya; Russia (Soviet Union): Dagestan,0.9866932801064537
RUS,Dagestan republic,4,5,18,42.387401999999994,47.7197826,Government of Russia (Soviet Union) - Civilians,0.005988023952095809
RUS,Dagestan republic,5,23,22,42.844075,47.22929947826087,Chechen Republic of Ichkeria - Civilians; Forces of the Caucasus Emirate - Civilians; IS - Civilians,0.007318695941450432
RUS,Georgian SSR,2,18,87,42.27985572222222,44.01285144444444,Republic of Georgia - Republic of South Ossetia,0.8130841121495327
RUS,Georgian SSR,4,1,20,41.716667,44.783333,Government of Russia (Soviet Union) - Civilians,0.18691588785046728
RUS,Ingushetia republic,1,383,936,43.2698206997389,44.854215195822455,Russia (Soviet Union): Caucasus Emirate; Russia (Soviet Union): Chechnya; Russia: Islamic State,0.9821615949632738
RUS,Ingushetia republic,4,7,12,43.35404285714286,44.80247142857143,Government of Russia (Soviet Union) - Civilians,0.012591815320041973
RUS,Ingushetia republic,5,7,5,43.293814285714284,44.85892857142857,Chechen Republic of Ichkeria - Civilians; Forces of the Caucasus Emirate - Civilians,0.005246589716684155
RUS,Kabardino-Balkaria republic,1,218,509,43.540649376146796,43.53102889908257,Russia (Soviet Union): Caucasus Emirate; Russia (Soviet Union): Chechnya; Russia: Islamic State,0.9960861056751468
RUS,Kabardino-Balkaria republic,5,4,2,43.523225,43.533550000000005,Forces of the Caucasus Emirate - Civilians,0.003913894324853229
RUS,Kaluga oblast,1,1,2,55.24828,36.67695,Russia: Islamic State,1.0
RUS,Karachay-Cherkessia republic,1,23,36,43.969139999999996,41.98794217391304,Russia (Soviet Union): Caucasus Emirate; Russia (Soviet Union): Chechnya; Russia: Islamic State,0.972972972972973
RUS,Karachay-Cherkessia republic,4,1,1,44.2269,42.0468,Government of Russia (Soviet Union) - Civilians,0.02702702702702703
RUS,Khabarovsk krai,1,1,2,48.4825,135.083611,Russia - Ukraine,1.0
RUS,Khanty-Mansiysk autonomous okrug,1,1,1,61.25,73.41667,Russia: Islamic State,1.0
RUS,Krasnodar krai,1,17,46,45.131759,38.353831941176466,Russia (Soviet Union): Caucasus Emirate; Russia - Ukraine,0.9787234042553191
RUS,Krasnodar krai,5,1,1,45.5407,38.7864,Forces of the Caucasus Emirate - Civilians,0.02127659574468085
RUS,Kursk oblast,1,851,5417,51.36409773560517,35.374052254994126,Russia (Soviet Union): Government; Russia - Ukraine,1.0
RUS,Kyrgyz SSR,2,3,171,40.608889,72.95999366666668,Kyrgyz - Uzbek,1.0
RUS,Latvian SSR,4,3,3,56.948889,24.106388999999997,Government of Russia (Soviet Union) - Civilians,1.0
RUS,Leningrad oblast,1,2,3,59.750267,30.2227825,Russia (Soviet Union): Caucasus Emirate; Russia - Ukraine,1.0
RUS,Lithuanian SSR,4,3,15,54.683333,25.283333,Government of Russia (Soviet Union) - Civilians,1.0
RUS,Moscow gorod,1,19,309,55.7558,37.6173,Russia (Soviet Union): Chechnya; Russia (Soviet Union): Government; Russia - Ukraine,0.5557553956834532
RUS,Moscow gorod,4,2,2,55.7558,37.6173,Government of Russia (Soviet Union) - Civilians,0.0035971223021582736
RUS,Moscow gorod,5,12,245,55.7558,37.6173,Chechen Republic of Ichkeria - Civilians; Forces of the Caucasus Emirate - Civilians; Gazotan Murdash - Civilians,0.44064748201438847
RUS,Moscow oblast,1,8,16,55.615932375,37.932468125,Russia (Soviet Union): Caucasus Emirate; Russia (Soviet Union): Chechnya; Russia - Ukraine,0.09937888198757763
RUS,Moscow oblast,5,1,145,55.81904,37.32984,IS - Civilians,0.9006211180124224
RUS,Murmansk oblast,1,1,1,68.97917,33.09251,Russia: Islamic State,1.0
RUS,Nizhny Novgorod oblast,1,5,7,56.1907244,44.102664,Russia - Ukraine; Russia: Islamic State,1.0
RUS,North Ossetia - Alania,1,15,382,43.223278533333335,44.652759999999994,Russia (Soviet Union): Caucasus Emirate; Russia (Soviet Union): Chechnya,0.9408866995073891
RUS,North Ossetia - Alania,5,4,24,43.063900000000004,44.644875,Chechen Republic of Ichkeria - Civilians; Forces of the Caucasus Emirate - Civilians,0.059113300492610835
RUS,North Ossetia republic,1,3,4,43.085557666666666,44.522964333333334,Russia (Soviet Union): Caucasus Emirate; Russia - Ukraine; Russia: Islamic State,1.0
RUS,Novgorod oblast,1,2,28,58.132499499999994,32.0015865,Russia (Soviet Union): Caucasus Emirate; Russia - Ukraine,1.0
RUS,Oryol oblast,1,2,3,52.412165,37.051114999999996,Russia - Ukraine,1.0
RUS,Primorskiy krai,1,2,3,43.217263,132.1814185,Russia - Ukraine,1.0
RUS,Rostov oblast,1,14,28,47.701150142857145,40.53577485714286,Russia - Ukraine; Russia: Islamic State; Ukraine: Lugansk,1.0
RUS,Ryazan oblast,1,1,3,54.641667,39.571667,Russia - Ukraine,1.0
RUS,Saint Petersburg gorod,1,1,4,59.9343,30.3351,Russia (Soviet Union): Caucasus Emirate,1.0
RUS,Samara oblast,1,3,8,53.218908666666664,49.77935033333333,Russia (Soviet Union): Government; Russia - Ukraine,1.0
RUS,Saratov oblast,1,4,7,51.5086125,46.3109725,Russia - Ukraine; Russia: Islamic State,1.0
RUS,Stavropol krai,1,47,229,44.53937144680851,43.53067059574468,Russia (Soviet Union): Caucasus Emirate; Russia (Soviet Union): Chechnya; Russia - Ukraine,0.8120567375886525
RUS,Stavropol krai,4,2,1,44.48665,44.47495,Government of Russia (Soviet Union) - Civilians,0.0035460992907801418
RUS,Stavropol krai,5,5,52,44.18662,43.178219999999996,Chechen Republic of Ichkeria - Civilians; Forces of the Caucasus Emirate - Civilians,0.18439716312056736
RUS,Sverdlovsk oblast,1,1,3,56.851667,60.611944,Russia: Islamic State,0.75
RUS,Sverdlovsk oblast,4,1,1,56.851667,60.611944,Government of Russia (Soviet Union) - Civilians,0.25
RUS,Tatarstan republic,1,2,5,55.8304,49.0661,Russia (Soviet Union): Caucasus Emirate,1.0
RUS,Tatarstan republic,5,1,0,55.8304,49.0661,Forces of the Caucasus Emirate - Civilians,0.0
RUS,Tula oblast,1,1,2,54.0,37.5,Russia - Ukraine,1.0
RUS,Tverskaya oblast,1,2,11,57.378545,34.4790425,Russia (Soviet Union): Government; Russia: Islamic State,1.0
RUS,Tyumenskaya oblast,1,1,2,57.160938,65.534881,Russia: Islamic State,1.0
RUS,Uzbek SSR,2,2,100,40.897222,70.4631945,Meskhetian Turk - Uzbek,1.0
RUS,Uzbek SSR,4,1,0,41.3125,69.3903,Government of Russia (Soviet Union) - Civilians,0.0
RUS,Volgograd oblast,1,4,11,48.869260000000004,43.693061,Russia - Ukraine; Russia: Islamic State; Syria: Government,0.2037037037037037
RUS,Volgograd oblast,4,1,3,49.7605,45.0,Government of Russia (Soviet Union) - Civilians,0.05555555555555555
RUS,Volgograd oblast,5,3,40,48.70000000000001,44.516667000000005,Forces of the Caucasus Emirate - Civilians,0.7407407407407407
RUS,Voronezh oblast,1,2,9,51.336020000000005,39.842150000000004,Russia (Soviet Union): Government; Russia - Ukraine,1.0
RWA,Butare prefecture,1,3,202,-2.5218853333333335,29.741603666666663,Rwanda: Government,0.0008921000565291125
RWA,Butare prefecture,4,186,226206,-2.5696123978494625,29.773279677419357,Government of Rwanda - Civilians,0.9990019078575466
RWA,Butare prefecture,5,5,24,-2.5134575999999997,29.839333399999997,"FPR - Civilians; Interahamwe, ex-FAR - Civilians",0.00010599208592425099
RWA,Byumba prefecture,1,57,1120,-1.4431328245614035,30.163708210526316,Rwanda: Government,0.16362308254200147
RWA,Byumba prefecture,4,22,5284,-1.6967345,30.200662363636365,Government of Rwanda - Civilians,0.7719503287070855
RWA,Byumba prefecture,5,8,441,-1.533789625,30.114633125,FPR - Civilians,0.06442658875091307
RWA,Cyangugu prefecture,1,6,45,-2.520777666666667,29.02632433333333,Rwanda: Government,0.0008600424287598189
RWA,Cyangugu prefecture,4,104,52267,-2.473802057692308,28.98636133653846,Government of Rwanda - Civilians,0.9989297249775433
RWA,Cyangugu prefecture,5,3,11,-2.4526516666666667,28.962693,"Interahamwe, ex-FAR - Civilians",0.0002102325936968446
RWA,Gikongoro prefecture,1,1,0,-2.6676,29.4668,Rwanda: Government,0.0
RWA,Gikongoro prefecture,4,44,120208,-2.5250020227272727,29.542370136363637,Government of Rwanda - Civilians,1.0
RWA,Gisenyi prefecture,1,34,1365,-1.7385822352941176,29.454598352941176,Rwanda: Government,0.060416943301022444
RWA,Gisenyi prefecture,4,93,20345,-1.7608430215053763,29.454103688172044,Government of Rwanda - Civilians,0.9005001549152393
RWA,Gisenyi prefecture,5,27,883,-1.697757037037037,29.39314462962963,"ALiR - Civilians; FPR - Civilians; Interahamwe, ex-FAR - Civilians",0.03908290178373833
RWA,Gisenyi province,1,1,16,-1.54,29.36,Rwanda: Government,1.0
RWA,Gitarama prefecture,1,14,469,-1.9762472857142857,29.724165571428568,Rwanda: Government,0.02853318732128734
RWA,Gitarama prefecture,4,107,15208,-2.0688051308411217,29.8022623364486,Government of Rwanda - Civilians,0.9252296647806777
RWA,Gitarama prefecture,5,31,760,-2.0137998064516127,29.776415129032255,"ALiR - Civilians; FPR - Civilians; Interahamwe, ex-FAR - Civilians",0.046237147898034923
RWA,Kibungo prefecture,1,2,210,-2.1875,30.458333,Rwanda: Government,0.002073684938135066
RWA,Kibungo prefecture,2,4,81,-2.23565,30.6482,Hutu - Tutsi,0.0007998499047092398
RWA,Kibungo prefecture,4,89,100926,-2.0379904269662923,30.49368037078652,Government of Rwanda - Civilians,0.9966129812677127
RWA,Kibungo prefecture,5,6,52,-2.064341,30.546856833333333,"ALiR - Civilians; FPR - Civilians; Interahamwe, ex-FAR - Civilians",0.0005134838894429687
RWA,Kibuye prefecture,1,4,84,-2.0591175,29.38767425,Rwanda: Government,0.0009598902982516284
RWA,Kibuye prefecture,4,1211,87326,-2.1394082328654007,29.369554165152767,Government of Rwanda - Civilians,0.9978973831562107
RWA,Kibuye prefecture,5,8,100,-2.06121725,29.4753995,ALiR - Civilians,0.0011427265455376528
RWA,Kigali city,5,2,3,-1.951075,30.0667895,FDLR-FOCA - Civilians,1.0
RWA,Kigali prefecture,1,33,874,-1.9518778181818182,30.060444787878787,Rwanda: Government,0.02338023647744904
RWA,Kigali prefecture,4,68,36314,-1.9542681911764708,30.061092808823528,Government of Rwanda - Civilians,0.9714301000481516
RWA,Kigali prefecture,5,12,194,-1.9536109999999998,30.060556000000002,ALiR - Civilians; FPR - Civilians,0.005189663474399444
RWA,Kigali-Rural prefecture,1,16,267,-1.88528,30.0890175625,Rwanda: Government,0.0028749555835513776
RWA,Kigali-Rural prefecture,4,138,90439,-1.944416086956522,30.080360586956523,Government of Rwanda - Civilians,0.9738131386546931
RWA,Kigali-Rural prefecture,5,8,2165,-1.99071525,30.030816125,"ALiR - Civilians; FPR - Civilians; Interahamwe, ex-FAR - Civilians",0.023311905761755552
RWA,Northern province,1,2,20,-1.507626,29.606617,Rwanda: Government,1.0
RWA,Ruhengeri prefecture,1,68,690,-1.5249065147058822,29.65741680882353,Rwanda: Government,0.06498398945187418
RWA,Ruhengeri prefecture,4,81,9465,-1.580582938271605,29.621833469135805,Government of Rwanda - Civilians,0.8914108118289696
RWA,Ruhengeri prefecture,5,25,463,-1.49555732,29.660872800000003,"ALiR - Civilians; FPR - Civilians; Interahamwe, ex-FAR - Civilians",0.04360519871915615
RWA,Southern province,1,1,3,-2.5487,29.4091,Rwanda: Government,0.21428571428571427
RWA,Southern province,5,3,11,-2.6078,29.410166666666665,RMDC - Civilians,0.7857142857142857
RWA,Western province,1,13,39,-1.9297215384615383,29.276000384615386,DR Congo (Zaire): Government; Rwanda: Government,0.5
RWA,Western province,4,37,39,-1.8218333513513512,29.32187897297297,Government of Rwanda - Civilians,0.5
SAU,Al-Qassim region,1,10,21,26.1278528,43.7568043,United States of America: Government,1.0
SAU,Eastern region,1,8,107,26.14853625,49.88067375,Iraq - Kuwait; United States of America: Government,0.66875
SAU,Eastern region,5,5,53,25.7410918,50.102126399999996,IS - Civilians; al-Qaida  - Civilians,0.33125
SAU,Jazan region,1,44,69,16.985802545454547,42.789964363636365,Yemen (North Yemen): Government,0.9857142857142858
SAU,Jazan region,5,1,1,16.968872,42.832512,IS - Civilians,0.014285714285714285
SAU,Mecca region,1,11,11,21.471289090909092,39.506963999999996,United States of America: Government,1.0
SAU,Mecca region,5,1,0,21.542381,39.197969,al-Qaida  - Civilians,0.0
SAU,Medina region,1,3,6,24.342113666666666,39.09735866666667,United States of America: Government,0.42857142857142855
SAU,Medina region,5,2,8,25.447611000000002,38.0094305,al-Qaida  - Civilians,0.5714285714285714
SAU,Najrān region,1,35,149,17.8866218,45.0225604,Yemen (North Yemen): Government,0.9867549668874173
SAU,Najrān region,5,1,2,17.493259,44.127659,IS - Civilians,0.013245033112582781
SAU,Riyadh region,1,24,46,24.71220495833333,46.624915458333334,Iraq - Kuwait; United States of America: Government; Yemen (North Yemen): Government,0.5897435897435898
SAU,Riyadh region,5,9,32,24.653664,46.71522,IS - Civilians; al-Qaida  - Civilians,0.41025641025641024
SAU,‘Asīr region,1,11,57,17.968025727272728,43.370124454545454,Yemen (North Yemen): Government,0.9827586206896551
SAU,‘Asīr region,4,1,1,18.216389,42.505278,Government of Yemen (North Yemen) - Civilians,0.017241379310344827
SDN,Bahr al Ghazal province,1,11,1735,7.295450636363636,29.09433227272727,Sudan: Government,1.0
SDN,Bahr al Ghazal state,1,5,1042,8.154916199999999,27.878851199999996,Sudan: Government,0.7007397444519166
SDN,Bahr al Ghazal state,4,8,267,7.6450765,28.7010055,Government of Sudan - Civilians,0.17955615332885003
SDN,Bahr al Ghazal state,5,3,178,6.6630329999999995,30.253438666666668,SPLM/A - Civilians; SSDF - Civilians,0.11970410221923336
SDN,Bahr-al-Jabal state,1,55,3216,4.410095290909091,31.21660170909091,Sudan: Government; Uganda: Government,0.7988077496274217
SDN,Bahr-al-Jabal state,2,16,676,4.2510603125,31.3325994375,LRA - SPLM/A; Northern Sudanese - Southern Sudanese; PDF - SSDF,0.16790859413810233
SDN,Bahr-al-Jabal state,5,19,134,4.657028578947369,31.623661736842102,LRA - Civilians,0.033283656234475906
SDN,Blue Nile province,1,1,2,10.55,34.283333,Sudan: Government,1.0
SDN,Blue Nile state,1,131,4396,11.302602496183205,34.118579122137405,Sudan: Government,0.8668901597318083
SDN,Blue Nile state,2,10,488,11.1155174,34.5096447,Hausa - Funj; Ingessana - Uduk; SPLM/A-North - SPLM/A-North - MA,0.09623348451981857
SDN,Blue Nile state,4,14,67,11.278301,34.25103714285714,Government of Sudan - Civilians,0.013212384145139026
SDN,Blue Nile state,5,4,120,10.74973275,34.187374,RSF - Civilians; SPLM/A - Civilians,0.023663971603234076
SDN,Central Darfur state,1,153,1262,13.071293359477124,24.151451444444444,Sudan: Government,0.5189144736842105
SDN,Central Darfur state,2,31,716,11.823162967741936,23.352698870967743,"Beni Hussein - Rizeigat Abbala; Fur - Newiba, Rizeigat Abbala; Misseriya - Awlad Rashid",0.2944078947368421
SDN,Central Darfur state,4,100,416,12.878880529999998,23.9839374,Government of Sudan - Civilians,0.17105263157894737
SDN,Central Darfur state,5,11,38,12.622763636363636,23.492797272727273,RSF - Civilians; SFA - Civilians; SLM/A - Civilians,0.015625
SDN,Central Equatoria state,1,4,12,4.813784999999999,31.69220025,Uganda: Government,0.075
SDN,Central Equatoria state,2,18,85,5.5604474999999995,31.775578944444444,Bari - Mundari; Bor Dinka - Mundari,0.53125
SDN,Central Equatoria state,5,13,63,4.344506153846154,31.154006076923075,LRA - Civilians,0.39375
SDN,Darfur state,1,1,0,13.0,25.0,Sudan: Government,0.0
SDN,Darfur state,2,1,17,15.083333,23.25,Arab - Zaghawa,1.0
SDN,East Darfur state,1,14,130,11.65510457142857,26.125021500000003,Sudan: Government,0.10220125786163523
SDN,East Darfur state,2,44,1107,11.40233181818182,26.49205361363636,Habaniya  - Rizeigat Baggara; Hamar - Ma'aliyah; Ma'aliyah - Rizeigat Baggara,0.8702830188679245
SDN,East Darfur state,4,6,31,11.844403999999999,25.631462833333334,Government of Sudan - Civilians,0.02437106918238994
SDN,East Darfur state,5,2,4,11.903324999999999,25.470855,RSF - Civilians; SFA - Civilians,0.0031446540880503146
SDN,Eastern Equatoria province,1,2,32,4.413333,32.567778,Sudan: Government,0.47761194029850745
SDN,Eastern Equatoria province,2,1,35,5.033333,32.45,Pari - Toposa,0.5223880597014925
SDN,Eastern Equatoria state,1,49,4271,4.144632530612245,32.78506206122449,Sudan: Government; Uganda: Government,0.8457425742574257
SDN,Eastern Equatoria state,2,10,187,4.3040854,32.8009974,Didinga - Toposa; LRA - SPLM/A; SPLM/A - WNBF,0.03702970297029703
SDN,Eastern Equatoria state,4,2,1,4.223333,32.258888999999996,Government of Sudan - Civilians; Government of Uganda - Civilians,0.00019801980198019803
SDN,Eastern Equatoria state,5,18,591,4.112248166666666,32.48090222222223,LRA - Civilians; SPLM/A - Civilians,0.11702970297029704
SDN,Equatoria state,1,30,1477,4.6882724,31.1247717,Sudan: Government,0.5290114613180515
SDN,Equatoria state,2,9,690,4.232962777777778,32.374197555555554,SPLM/A - SPLM/A - AH; SPLM/A - SPLM/A - WN; SPLM/A - SSDF,0.24713467048710602
SDN,Equatoria state,4,8,547,4.858125125,32.702604375,Government of Sudan - Civilians,0.19591690544412607
SDN,Equatoria state,5,15,78,4.4549074,32.658962933333335,SPLM/A - Civilians,0.027936962750716332
SDN,Gedaref state,1,8,146,13.372326375,35.934221375,Sudan: Government,0.8066298342541437
SDN,Gedaref state,2,1,35,14.0,35.0,Dinka  - Nuer,0.19337016574585636
SDN,Gedarif state,1,7,7,14.133396000000001,36.47800771428571,Ethiopia: Government,0.13725490196078433
SDN,Gedarif state,2,2,13,13.54065,35.2382,Beni Amir - Nuba; Fulani - Masalit,0.2549019607843137
SDN,Gedarif state,4,10,31,13.8334081,35.759150399999996,Government of Ethiopia - Civilians; Government of Sudan - Civilians,0.6078431372549019
SDN,Gezira state,1,40,1271,14.5657294,33.346981899999996,Sudan: Government,0.5743334839584274
SDN,Gezira state,4,20,256,14.509838049999999,33.40619785,Government of Sudan - Civilians,0.11568007230004519
SDN,Gezira state,5,107,686,14.716923738317757,33.23643786915888,RSF - Civilians; SFA - Civilians,0.30998644374152734
SDN,Jonglei province,1,1,6,6.233333,31.566667,Sudan: Government,1.0
SDN,Jonglei state,1,32,1082,8.29419234375,31.724967625,Sudan: Government,0.2988950276243094
SDN,Jonglei state,2,24,2533,7.386363916666667,32.30011245833333,Bor Dinka - Lou Nuer; Bor Dinka - Mundari; Bor Dinka - Murle,0.6997237569060774
SDN,Jonglei state,4,1,5,7.683333,33.616666,Government of Ethiopia - Civilians,0.0013812154696132596
SDN,Kassala state,1,63,1731,15.787299984126985,36.286200507936506,Sudan: Government,0.984641638225256
SDN,Kassala state,2,3,17,15.365645333333333,36.05139,Beni Amir - Nuba,0.009670079635949944
SDN,Kassala state,4,6,10,15.444749,36.1917495,Government of Sudan - Civilians,0.005688282138794084
SDN,Khartoum state,1,286,3327,15.647051167832167,32.48439759090909,Sudan: Government,0.8405760485093482
SDN,Khartoum state,2,3,114,15.588056,32.534167,Dinka  - Nuer; Northern Sudanese - Southern Sudanese; SSDF - SSUM/A,0.028802425467407782
SDN,Khartoum state,4,123,296,15.627469707317074,32.53862815447154,Government of Sudan - Civilians,0.07478524507326932
SDN,Khartoum state,5,35,221,15.601081771428571,32.522778228571426,RSF - Civilians; SFA - Civilians,0.05583628094997473
SDN,Kordofan province,1,6,165,11.258328,29.744400166666665,Sudan: Government,0.3855140186915888
SDN,Kordofan province,4,5,263,11.493722199999999,30.290111000000003,Government of Sudan - Civilians,0.6144859813084113
SDN,Kordofan state,1,1,109,11.0,30.0,Sudan: Government,0.05835117773019272
SDN,Kordofan state,2,1,108,13.0,29.5,Awlad Omran clan (Misseriya) - Awlad al-Zuid clan (Misseriya),0.057815845824411134
SDN,Kordofan state,4,19,1651,11.56105994736842,30.250785105263155,Government of Sudan - Civilians,0.8838329764453962
SDN,Lakes state,1,6,610,6.677433000000001,30.094277,Sudan: Government,0.5771050141911069
SDN,Lakes state,2,15,428,6.676211333333333,30.269265533333332,Agar Dinka - Gok Dinka; Aliap Dinka  - Mundari; Atuot Dinka - Ciek Dinka,0.40491958372753073
SDN,Lakes state,4,2,4,7.516667,29.783333,Government of Sudan - Civilians,0.003784295175023652
SDN,Lakes state,5,2,15,6.285,31.296944,LRA - Civilians,0.014191106906338695
SDN,North Darfur state,1,532,9529,13.774890342105264,25.2533622575188,Sudan: Government,0.13344816962160042
SDN,North Darfur state,2,28,354,14.154309642857143,24.798027642857143,Al-Zayadia - Berti; Arab - Zaghawa; Beni Hussein - Rizeigat Abbala,0.0049575665910427695
SDN,North Darfur state,4,172,404,13.947644825581394,24.958383790697674,Government of Sudan - Civilians,0.005657787860964065
SDN,North Darfur state,5,129,61119,13.706664170542636,25.299082410852712,RSF - Civilians; SFA - Civilians,0.8559364759263928
SDN,North Kordofan state,1,118,1838,13.393706372881356,30.160694923728812,Sudan: Government,0.6802368615840119
SDN,North Kordofan state,2,1,27,14.5,29.5,Hamar - Kababish,0.00999259807549963
SDN,North Kordofan state,4,10,46,13.063531399999999,30.4015648,Government of Sudan - Civilians,0.017024426350851222
SDN,North Kordofan state,5,33,791,13.17279815151515,30.656823757575758,RSF - Civilians; SFA - Civilians,0.2927461139896373
SDN,Northern Bahr-al-Ghazal state,1,7,147,8.835511142857142,27.444721714285713,Sudan: Government,0.42363112391930835
SDN,Northern Bahr-al-Ghazal state,4,10,200,8.9788968,27.3538657,Government of Sudan - Civilians,0.5763688760806917
SDN,Northern Darfur province,2,2,1518,13.3083335,23.408333499999998,"Arab - Zaghawa; Beni Halba Baggara, Salamat Baggara - Fur",0.9954098360655738
SDN,Northern Darfur province,4,1,7,14.2,24.666667,Government of Chad - Civilians,0.0045901639344262295
SDN,Northern Darfur state,1,127,4400,14.570761732283465,25.0959775511811,Sudan: Government,0.6650544135429263
SDN,Northern Darfur state,2,21,475,14.88464761904762,24.90993638095238,Al-Zayadia - Berti; Awlad Zeid - Zaghawa; Beni Hussein - Rizeigat Abbala,0.0717956469165659
SDN,Northern Darfur state,4,55,1109,14.31680989090909,25.2653598,Government of Sudan - Civilians,0.16762394195888755
SDN,Northern Darfur state,5,43,632,14.558072883720929,25.1175401627907,Janjaweed  - Civilians; SLM/A - Civilians; SLM/A - MM - Civilians,0.09552599758162031
SDN,Northern Kordofan state,1,10,158,13.955000000000002,28.825,Sudan: Government,0.7022222222222222
SDN,Northern Kordofan state,5,1,67,12.15,27.35,Janjaweed  - Civilians,0.29777777777777775
SDN,Northern state,1,5,26,18.3,30.660000000000004,Sudan: Government,0.7027027027027027
SDN,Northern state,4,6,11,19.086337166666667,30.83950366666667,Government of Sudan - Civilians,0.2972972972972973
SDN,Red Sea state,1,7,37,18.61822857142857,36.74198571428571,Sudan: Government,0.20108695652173914
SDN,Red Sea state,2,5,125,19.609829,37.213926,Beni Amir - Nuba,0.6793478260869565
SDN,Red Sea state,4,2,22,18.744106000000002,37.292052,Government of Sudan - Civilians,0.11956521739130435
SDN,River Nile province,4,1,0,17.6925,33.9852,Government of Sudan - Civilians,0.0
SDN,River Nile state,1,7,41,16.922148285714286,33.43582571428571,Sudan: Government,0.8541666666666666
SDN,River Nile state,4,4,5,17.698755,33.984814,Government of Sudan - Civilians,0.10416666666666667
SDN,River Nile state,5,1,2,16.47596,32.85835,RSF - Civilians,0.041666666666666664
SDN,Sennar state,1,19,200,13.290335894736842,33.78756894736842,Sudan: Government,0.22727272727272727
SDN,Sennar state,4,5,403,12.9213378,33.984987000000004,Government of Sudan - Civilians,0.45795454545454545
SDN,Sennar state,5,13,277,13.012328230769231,33.146269153846156,LRA - Civilians; RSF - Civilians,0.31477272727272726
SDN,South Darfur state,1,140,2080,12.29585775,24.710288914285712,Sudan: Government,0.5336069779374037
SDN,South Darfur state,2,68,1458,11.341140632352941,24.81442373529412,Arab - Zaghawa; Beni Halba Baggara - Salamat Baggara; Fulani - Habaniya,0.3740379681888148
SDN,South Darfur state,4,133,305,12.143622744360902,24.702956360902256,Government of Russia (Soviet Union) - Civilians; Government of Sudan - Civilians,0.07824525397639816
SDN,South Darfur state,5,18,55,12.04324488888889,24.83870288888889,Janjaweed  - Civilians; RSF - Civilians; SFA - Civilians,0.014109799897383273
SDN,South Kordofan state,1,161,1536,11.418314664596274,30.16806644099379,Sudan: Government,0.7653213751868461
SDN,South Kordofan state,2,11,114,11.440665727272728,30.838961636363635,"Dar Ali (Hawazma) - Kenana; Hawazma - Nuba; Kawahla, Kenana, Nuba Logan - Dar Ali (Hawazma)",0.05680119581464873
SDN,South Kordofan state,4,44,99,11.56934090909091,30.43285409090909,Government of Sudan - Civilians,0.04932735426008968
SDN,South Kordofan state,5,26,258,11.957698653846155,30.136547076923076,RSF - Civilians; SFA - Civilians,0.12855007473841554
SDN,Southern Darfur province,2,2,40,11.525,24.9416665,"Beni Halba Baggara, Salamat Baggara - Fur",1.0
SDN,Southern Darfur state,1,90,2331,11.9406767,25.07606133333333,South Sudan - Sudan; Sudan: Government; Uganda: Government,0.26359832635983266
SDN,Southern Darfur state,2,43,1521,11.57886976744186,25.107766418604648,Beni Halba Baggara - Gimir; Fulani - Habaniya; Habaniya  - Rizeigat Baggara,0.17200045233518038
SDN,Southern Darfur state,4,62,3930,11.937341290322582,24.793483241935483,Government of Sudan - Civilians,0.44441931471220175
SDN,Southern Darfur state,5,51,1061,11.819733117647058,25.05797374509804,JEM - Civilians; Janjaweed  - Civilians; SLM/A - Civilians,0.11998190659278525
SDN,Southern Kordofan province,1,1,82,11.0,30.0,Sudan: Government,1.0
SDN,Southern Kordofan state,1,129,1341,11.20024934883721,30.075339852713178,South Sudan - Sudan; Sudan: Government,0.586870897155361
SDN,Southern Kordofan state,2,9,522,10.143615555555556,28.772593222222227,"Awlad Heiban clan (Misseriya)  - Awlad Metanin clan (Misseriya), Awlad Serur clan (Misseriya); Misseriya - Ngok Dinka; Misseriya - Nuer",0.22844638949671772
SDN,Southern Kordofan state,4,46,418,11.498820565217391,30.34980554347826,Government of Sudan - Civilians,0.18293216630196937
SDN,Southern Kordofan state,5,2,4,11.0,30.0,JEM - Civilians; SPLM/A - Civilians,0.00175054704595186
SDN,Unity state,1,28,1869,9.242742892857143,29.502252714285714,Sudan: Government,0.6525837988826816
SDN,Unity state,2,11,958,9.28225209090909,29.824913636363636,SPLM/A - SSDF; SPLM/A - SSUM/A; SSDF - SSUM/A,0.3344972067039106
SDN,Unity state,4,5,37,9.1117666,29.825699800000002,Government of Sudan - Civilians,0.012918994413407821
SDN,Unity state,5,1,0,9.091134,29.098214,SPLM/A - Civilians,0.0
SDN,Upper Nile province,1,15,1204,9.4273252,32.282879533333336,Sudan: Government,1.0
SDN,Upper Nile state,1,33,1754,9.673762515151516,32.409074090909094,Sudan: Government,0.15866123925825418
SDN,Upper Nile state,2,27,5656,8.340638407407408,31.954400185185186,Jikany Nuer - Lou Nuer; Ngok Dinka - Shiluk; Northern Sudanese - Southern Sudanese,0.5116236996834012
SDN,Upper Nile state,4,19,796,9.560635210526316,32.071510157894735,Government of Sudan - Civilians,0.07200361827227499
SDN,Upper Nile state,5,43,2849,8.33824976744186,31.87865376744186,SPLM/A - Civilians; SSDF - Civilians,0.25771144278606967
SDN,Warrap state,1,18,519,7.786001333333333,29.763425222222224,Sudan: Abyei; Sudan: Government,0.4282178217821782
SDN,Warrap state,2,12,396,7.7920360833333335,30.23049075,Dinka  - Nuer; Luac Jang Dinka - Awan Dinka; Misseriya - Ngok Dinka,0.32673267326732675
SDN,Warrap state,4,2,155,9.1170635,28.294227,Government of Sudan - Civilians,0.12788778877887788
SDN,Warrap state,5,1,142,9.0,28.35,SPLM/A - Civilians,0.11716171617161716
SDN,West Darfur state,1,40,8452,13.560211999999998,22.447789425,Sudan: Government,0.6999585921325052
SDN,West Darfur state,2,38,1307,13.710124631578948,22.561353,Arab - Gimir; Arab - Masalit; Arab - Zaghawa,0.10824016563146997
SDN,West Darfur state,4,17,117,13.415390529411765,22.461967823529413,Government of Sudan - Civilians,0.00968944099378882
SDN,West Darfur state,5,39,2199,13.432806410256411,22.476150948717947,RSF - Civilians; SFA - Civilians,0.18211180124223603
SDN,West Kordofan state,1,122,2290,11.674877983606557,28.253291565573768,South Sudan - Sudan; Sudan: Government,0.6056598783390638
SDN,West Kordofan state,2,74,1087,10.052890364864865,28.464046027027027,Awlad Omran clan (Misseriya) - Awlad Serur clan (Misseriya); Awlad Omran clan (Misseriya) - Awlad al-Zuid clan (Misseriya); Hamar - Kababish,0.2874900819888918
SDN,West Kordofan state,4,7,75,11.172862857142857,28.678916714285716,Government of Sudan - Civilians,0.01983602221634488
SDN,West Kordofan state,5,23,329,12.445818913043478,28.529545913043474,RSF - Civilians; SFA - Civilians; SPLM/A - Civilians,0.08701401745569955
SDN,Western Bahr-al-Ghazal state,1,22,1504,8.010673681818181,27.095696545454544,Sudan: Government; Uganda: Government,0.7748583204533745
SDN,Western Bahr-al-Ghazal state,4,4,428,8.49166675,27.34583325,Government of Sudan - Civilians,0.22050489438433796
SDN,Western Bahr-al-Ghazal state,5,4,9,7.9398985,27.102843749999998,LRA - Civilians,0.00463678516228748
SDN,Western Darfur state,1,35,1354,13.284044399999999,22.904368057142857,Sudan: Government,0.22737195633921076
SDN,Western Darfur state,2,19,1079,13.096145631578947,22.930570210526316,"Hotiya Baggara  - Mahamid, Mahariba, Newiba; Janjaweed  - JEM; Janjaweed - Bin Kulaib faction - Janjaweed - Moro faction",0.18119227539882451
SDN,Western Darfur state,4,86,2332,13.206407930232558,22.756973930232558,Government of Sudan - Civilians,0.39160369437447523
SDN,Western Darfur state,5,35,1190,13.331218685714285,22.78897577142857,JEM - Civilians; Janjaweed  - Civilians; SLM/A - Civilians,0.1998320738874895
SDN,Western Equatoria province,1,32,2305,4.50787584375,31.0670883125,Sudan: Government,1.0
SDN,Western Equatoria province,4,1,0,4.85,31.616667,Government of Sudan - Civilians,0.0
SDN,Western Equatoria state,1,26,353,5.046650269230769,28.819388692307694,Sudan: Government; Uganda: Government,0.5175953079178885
SDN,Western Equatoria state,2,3,43,5.9446,30.0672,Atuot Dinka - Jur Beli,0.06304985337243402
SDN,Western Equatoria state,4,1,5,5.31,30.175,Government of Sudan - Civilians,0.007331378299120235
SDN,Western Equatoria state,5,82,281,4.952451817073171,28.547744036585367,LRA - Civilians,0.4120234604105572
SDN,White Nile province,4,1,1000,12.6063,32.8357,Government of Sudan - Civilians,1.0
SDN,White Nile state,1,7,32,13.557524714285714,32.40258071428571,Sudan: Government,0.06517311608961303
SDN,White Nile state,2,1,25,13.123579,32.656671,Hausa - Nuba,0.05091649694501019
SDN,White Nile state,4,3,30,13.337055333333334,32.58825833333333,Government of Sudan - Civilians,0.06109979633401222
SDN,White Nile state,5,13,404,14.408233307692306,32.202218307692306,RSF - Civilians; SFA - Civilians,0.8228105906313645
SEN,Dakar region,2,5,76,14.747775,-17.338086,Mauritanian - Senegalese,0.9743589743589743
SEN,Dakar region,4,1,2,14.714657,-17.275053,Government of Senegal - Civilians,0.02564102564102564
SEN,Diourbel region,2,3,39,14.721741666666667,-16.170100666666666,Mauritanian - Senegalese,1.0
SEN,Kolda region,1,15,171,12.7664732,-15.3295166,Senegal: Casamance,0.7066115702479339
SEN,Kolda region,4,2,6,12.7069445,-15.4543055,Government of Senegal - Civilians,0.024793388429752067
SEN,Kolda region,5,17,65,12.699382705882353,-15.675483294117646,MFDC - Civilians,0.26859504132231404
SEN,Saint-Louis region,2,1,2,15.6175,-13.330278,Mauritanian - Senegalese,0.4
SEN,Saint-Louis region,4,2,3,16.336333,-15.724375000000002,Government of Senegal - Civilians,0.6
SEN,Sédhiou region,1,2,7,13.033984,-15.809391,Senegal: Casamance,0.7
SEN,Sédhiou region,5,3,3,12.663000000000002,-15.725595666666665,MFDC - Civilians,0.3
SEN,Tambacounda region,1,1,18,13.583333,-13.966667,Senegal: Casamance,0.6666666666666666
SEN,Tambacounda region,2,2,7,14.481107999999999,-12.278071,Mauritanian - Senegalese,0.25925925925925924
SEN,Tambacounda region,4,1,2,15.021944,-12.543611,Government of Mauritania - Civilians,0.07407407407407407
SEN,Ziguinchor region,1,114,999,12.627580280701753,-16.321356166666668,Senegal: Casamance,0.670020120724346
SEN,Ziguinchor region,2,2,124,12.75,-16.5,MFDC Front Nord - MD - MFDC - S,0.08316566063044936
SEN,Ziguinchor region,4,22,113,12.5886995,-16.37224736363636,Government of Gambia - Civilians; Government of Senegal - Civilians,0.07578806170355466
SEN,Ziguinchor region,5,72,255,12.625556180555556,-16.378087500000003,MFDC - Civilians; MFDC - FN - Civilians,0.1710261569416499
SLB,Western province,1,1,2,-7.05,155.75,Papua New Guinea: Bougainville,1.0
SLE,Eastern province,1,241,3111,8.229860506224066,-10.940819796680499,Guinea: Government; Sierra Leone: Government,0.4891509433962264
SLE,Eastern province,2,6,28,7.565831333333333,-11.1796765,Kamajors - RUF; RUF - ULIMO; ULIMO - J - ULIMO - K,0.00440251572327044
SLE,Eastern province,4,37,274,8.095872594594594,-11.075411054054054,Government of Sierra Leone - Civilians,0.043081761006289306
SLE,Eastern province,5,310,2947,8.358090880645161,-10.965272470967742,AFRC - Civilians; Kamajors - Civilians; LURD - Civilians,0.4633647798742138
SLE,Northern province,1,185,3202,8.865660691891891,-12.334640535135136,Guinea: Government; Sierra Leone: Government,0.606324559742473
SLE,Northern province,4,20,87,8.8615713,-12.33196075,Government of Nigeria - Civilians; Government of Sierra Leone - Civilians,0.016474152622609355
SLE,Northern province,5,197,1992,8.978309776649747,-12.257539350253808,AFRC - Civilians; Kamajors - Civilians; RUF - Civilians,0.3772012876349176
SLE,Southern province,1,124,1834,7.662416725806452,-11.865206903225806,Sierra Leone: Government,0.40983240223463685
SLE,Southern province,2,6,53,7.637528666666667,-12.073929999999999,Kamajors - RUF; NPFL - ULIMO; RUF - ULIMO,0.011843575418994414
SLE,Southern province,4,49,210,7.878068489795918,-12.224970612244897,Government of Sierra Leone - Civilians,0.04692737430167598
SLE,Southern province,5,178,2378,7.7436285,-11.948553898876405,AFRC - Civilians; Kamajors - Civilians; NPFL - Civilians,0.5313966480446928
SLE,Western province,1,51,2673,8.424043470588236,-13.17015882352941,Sierra Leone: Government,0.7309269893355209
SLE,Western province,4,16,183,8.4541488125,-13.19670125,Government of Nigeria - Civilians; Government of Sierra Leone - Civilians,0.05004101722723544
SLE,Western province,5,37,801,8.459256702702703,-13.203272837837838,AFRC - Civilians; Kamajors - Civilians,0.21903199343724364
SLV,Ahuachapán department,5,10,20,13.8806573,-89.88901369999999,M18 - Civilians; MS-13 - Civilians,1.0
SLV,Cabañas department,1,6,46,13.883333333333333,-88.838889,El Salvador: Government,0.9787234042553191
SLV,Cabañas department,5,1,1,13.86667,-88.63333,MS-13 - Civilians,0.02127659574468085
SLV,Chalatenango department,1,22,284,14.154545272727272,-89.05151527272727,El Salvador: Government,0.9826989619377162
SLV,Chalatenango department,5,5,5,14.1679588,-89.1681014,MS-13 - Civilians,0.01730103806228374
SLV,Cuscatlán department,1,2,8,13.783332999999999,-88.958333,El Salvador: Government,0.47058823529411764
SLV,Cuscatlán department,5,5,9,13.722629799999998,-88.9489778,MS-13 - Civilians,0.5294117647058824
SLV,La Libertad department,1,4,11,13.67015025,-89.330076,El Salvador: Government,0.2619047619047619
SLV,La Libertad department,2,1,11,13.87611,-89.35972,M18 - MS-13,0.2619047619047619
SLV,La Libertad department,5,17,20,13.667237411764706,-89.3376285882353,MS-13 - Civilians,0.47619047619047616
SLV,La Paz department,1,2,23,13.466666499999999,-88.866667,El Salvador: Government,0.9583333333333334
SLV,La Paz department,5,1,1,13.472073,-89.087955,MS-13 - Civilians,0.041666666666666664
SLV,La Unión department,1,2,20,13.55,-87.95,El Salvador: Government,0.9090909090909091
SLV,La Unión department,5,2,2,13.410819499999999,-87.974473,MS-13 - Civilians,0.09090909090909091
SLV,Morazán department,1,12,88,13.81527775,-88.13194441666667,El Salvador: Government,1.0
SLV,San Miguel department,1,6,52,13.574999833333335,-88.28888866666667,El Salvador: Government,0.8813559322033898
SLV,San Miguel department,5,6,7,13.517966166666668,-88.19419433333333,MS-13 - Civilians,0.11864406779661017
SLV,San Salvador department,1,25,135,13.72256752,-89.20445812,El Salvador: Government,0.5844155844155844
SLV,San Salvador department,2,7,43,13.735159285714285,-89.15590228571429,La Raza - M18; M18 - MS-13,0.18614718614718614
SLV,San Salvador department,5,20,53,13.722216649999998,-89.1692639,M18 - Civilians; MS-13 - Civilians,0.22943722943722944
SLV,San Vicente department,1,2,20,13.6083335,-88.6583335,El Salvador: Government,0.8
SLV,San Vicente department,5,4,5,13.7021935,-88.75419099999999,MS-13 - Civilians,0.2
SLV,Santa Ana department,1,1,1,13.908889,-89.495833,El Salvador: Government,0.1
SLV,Santa Ana department,5,6,9,13.983464499999998,-89.60141366666666,MS-13 - Civilians,0.9
SLV,Sonsonate department,5,8,11,13.729122625,-89.714426,MS-13 - Civilians,1.0
SLV,Usulután department,1,9,69,13.431481222222223,-88.53333322222221,El Salvador: Government,0.9583333333333334
SLV,Usulután department,5,3,3,13.354146,-88.39942733333334,MS-13 - Civilians,0.041666666666666664
SOM,Awdal region,1,2,8,10.645,43.3283335,Somalia: Government,0.8888888888888888
SOM,Awdal region,2,1,1,10.616667,43.066667,Forces of Abdurahman Ahmed Ali 'Tur' - Republic of Somaliland,0.1111111111111111
SOM,Awdal region,4,1,0,11.353889,43.473889,Government of Djibouti - Civilians,0.0
SOM,Bakool region,1,176,1173,4.201316136363636,43.774074840909094,Somalia: Government,0.8819548872180452
SOM,Bakool region,2,18,131,4.064647444444444,43.84435333333333,Al-Shabaab - Aaro Aaro; Al-Shabaab - Hizbul Islam; RRA - RRA - MH,0.09849624060150376
SOM,Bakool region,4,2,2,4.191667,43.6916665,Government of Ethiopia - Civilians; Government of Somalia - Civilians,0.0015037593984962407
SOM,Bakool region,5,9,24,4.1084031111111114,43.69517977777778,Al-Shabaab - Civilians,0.01804511278195489
SOM,Banaadir region,1,1930,20004,2.0660937347150257,45.365445787564774,Somalia: Government; Somalia: Islamic State,0.9004321209938783
SOM,Banaadir region,2,140,1520,2.0655888428571427,45.365376035714284,ARPCT - ARS/UIC; Abgal clan (Hawiye) - Galgalo; Agon-Yar subclan of Abgal clan (Hawiye) - Warsangeli subclan of Abgal clan (Hawiye),0.06841915736406194
SOM,Banaadir region,4,93,324,2.0659437849462363,45.36489613978495,Government of Burundi - Civilians; Government of Ethiopia - Civilians; Government of Somalia - Civilians,0.01458408354339215
SOM,Banaadir region,5,200,368,2.0658275649999998,45.365241100000006,Al-Shabaab - Civilians; IS - Civilians,0.016564638098667626
SOM,Bari region,1,142,866,11.000491260563381,49.407201,Somalia: Government; Somalia: Islamic State; United States of America: Government,0.3260542168674699
SOM,Bari region,2,97,1746,10.931558958762885,49.6137355670103,AIAI - SSDF; Al-Shabaab - IS; Forces of Abdullahi Yusuf - Forces of Jama Ali Jama,0.6573795180722891
SOM,Bari region,4,2,3,10.395,49.134722,Government of Somalia - Civilians,0.0011295180722891566
SOM,Bari region,5,12,41,11.177661833333334,49.25062499999999,Al-Shabaab - Civilians; IS - Civilians,0.015436746987951807
SOM,Bay region,1,389,2326,2.973341645244216,43.53467161953728,Somalia: Government,0.7228091982597887
SOM,Bay region,2,104,715,3.0059744230769234,43.62771301923077,Al-Shabaab - Hizbul Islam; Dabare subclan of Digil clan (Digil-Mirifle) - Luway subclan of Mirifle clan (Digil-Mirifle); Gaadsan subclan of Biimaal clan (Dir) - Ma'alin Weyne subclan of Mirifle clan (Digil-Mirifle),0.22218769422001244
SOM,Bay region,4,7,10,3.0160014285714287,43.82855371428571,Government of Ethiopia - Civilians; Government of Somalia - Civilians,0.003107520198881293
SOM,Bay region,5,39,167,2.914737538461538,43.568980256410256,Al-Shabaab - Civilians; RRA - Civilians,0.05189558732131759
SOM,Galgudud region,1,174,2325,4.953257655172414,46.60840476436781,Somalia: Government; United States of America: Government,0.6094364351245085
SOM,Galgudud region,2,74,1317,5.2839629189189194,46.50074901351352,Abgal clan (Hawiye) - Xawaadle clan (Hawiye); Ahlu Sunna Waljamaca - Al-Shabaab; Ali-Gaf subclan of Abgal clan (Hawiye)  - Mahadade subclan of Abgal clan (Hawiye),0.34521625163826997
SOM,Galgudud region,4,2,120,4.92486,46.760765,Government of Ethiopia - Civilians; Government of Somalia - Civilians,0.03145478374836173
SOM,Galgudud region,5,23,53,4.938618217391305,46.67042321739131,Al-Shabaab - Civilians,0.013892529488859764
SOM,Gedo region,1,329,2691,3.056803075987842,42.04098525835866,Ethiopia: Ogaden; Kenya: Northeastern Province and Coast; Somalia: Government,0.8252069917203312
SOM,Gedo region,2,32,475,3.29004059375,41.89530959375,Ahlu Sunna Waljamaca - Al-Shabaab; Ahlu Sunna Waljamaca - Hizbul Islam; Al-Shabaab - IS,0.14566084023305734
SOM,Gedo region,4,13,32,3.179605538461538,41.74940792307692,Government of Ethiopia - Civilians; Government of Kenya - Civilians; Government of Somalia - Civilians,0.009812940815700706
SOM,Gedo region,5,33,63,3.0357493333333334,42.0829696060606,Al-Shabaab - Civilians,0.019319227230910764
SOM,Hiran region,1,375,3512,4.277356965333333,45.493561088,Ethiopia: Ogaden; Somalia: Government,0.8580503298314195
SOM,Hiran region,2,60,435,4.48689685,45.43148315,Abgal clan (Hawiye) - Xawaadle clan (Hawiye); Abtisame subclan of Galje'el clan (Hawiye) - Afi subclan of Galje'el clan (Hawiye); Ahlu Sunna Waljamaca - Al-Shabaab,0.10627901294893721
SOM,Hiran region,4,11,69,4.6122663636363646,45.23961,Government of Ethiopia - Civilians; Government of Somalia - Civilians,0.01685805032983142
SOM,Hiran region,5,36,77,4.431470861111111,45.348376944444446,Al-Shabaab - Civilians,0.018812606889811873
SOM,Lower Juba region,1,631,5578,-0.14605038510301108,42.201992664025354,Kenya: Northeastern Province and Coast; Somalia: Government; United States of America: Government,0.7667353951890035
SOM,Lower Juba region,2,79,1421,-0.17187782278481012,42.28391812658227,Al-Shabaab - Hizbul Islam; Al-Shabaab - ONLF; Forces of General Morgan - Forces of Omar Jess,0.19532646048109967
SOM,Lower Juba region,4,5,72,-0.2865384,42.436291999999995,Government of Somalia - Civilians,0.009896907216494845
SOM,Lower Juba region,5,48,204,-0.105563375,42.240558791666665,Al-Shabaab - Civilians; SPM/SNA  - Civilians,0.028041237113402062
SOM,Lower Shabelle region,1,848,5158,1.9779079280660377,44.825677481132075,Somalia: Government; Somalia: Islamic State; United States of America: Government,0.9230493915533285
SOM,Lower Shabelle region,2,43,254,1.9948636279069767,44.683815558139536,Abgal clan (Hawiye) - Garre subclan of Digil clan (Digil-Mirifle); Ahlu Sunna Waljamaca - Al-Shabaab; Al-Shabaab - Hizbul Islam,0.045454545454545456
SOM,Lower Shabelle region,4,22,52,2.0395731363636362,44.9330995,Government of Ethiopia - Civilians; Government of Somalia - Civilians; Government of Uganda - Civilians,0.009305654974946313
SOM,Lower Shabelle region,5,64,124,1.858946890625,44.74372790625,Al-Shabaab - Civilians; RRA - Civilians,0.02219040801717967
SOM,Middle Juba region,1,119,725,0.7936774705882353,42.8354014789916,Somalia: Government; United States of America: Government,0.8713942307692307
SOM,Middle Juba region,2,2,1,0.789583,42.6780555,Al-Shabaab - IS; SPM - SPM/SNA,0.001201923076923077
SOM,Middle Juba region,5,28,106,0.8452150357142857,42.798441821428575,Al-Shabaab - Civilians,0.12740384615384615
SOM,Middle Shabelle region,1,326,3174,2.8206418128834354,45.72719943558282,Somalia: Government,0.8792243767313019
SOM,Middle Shabelle region,2,47,383,2.9096910638297873,45.82937848936171,ARPCT - ARS/UIC; Abdalle-Aroneh subclan of Abgal clan (Hawiye) - Eli-Omar subclan of Abgal clan (Hawiye); Abdalleh-Agon-Yar subclan of Abgal clan (Hawiye) - Eli-Agon-Yar subclan of Abgal clan (Hawiye),0.10609418282548476
SOM,Middle Shabelle region,4,3,4,2.833333666666667,45.52222233333333,Government of Somalia - Civilians,0.00110803324099723
SOM,Middle Shabelle region,5,19,49,2.793614052631579,45.61726963157895,Al-Shabaab - Civilians,0.013573407202216066
SOM,Mudug region,1,130,1873,5.854386361538462,47.81014716153846,Somalia: Government,0.6544374563242488
SOM,Mudug region,2,41,750,6.088849170731708,48.00205217073171,Ahlu Sunna Waljamaca - Al-Shabaab; Al-Shabaab - Ma'awisley; Dir clan  - Sa'ad subclan of Habar Gidir clan (Hawiye),0.2620545073375262
SOM,Mudug region,4,3,205,6.863148,47.337222,Government of Somalia - Civilians,0.0716282320055905
SOM,Mudug region,5,18,34,6.677790555555555,47.517777499999994,Al-Shabaab - Civilians,0.011879804332634521
SOM,Nugaal region,1,7,43,7.933412714285715,48.75123014285714,Somalia: Government,0.4673913043478261
SOM,Nugaal region,2,5,46,8.406389,48.483056,AIAI - SSDF; Forces of Abdullahi Yusuf - Forces of Jama Ali Jama; Puntland State of Somalia - Republic of Somaliland,0.5
SOM,Nugaal region,4,1,1,8.406389,48.483056,Government of Somalia - Civilians,0.010869565217391304
SOM,Nugaal region,5,2,2,8.406389,48.483056,Al-Shabaab - Civilians,0.021739130434782608
SOM,Sanaag region,1,11,67,10.615828363636364,48.12285363636364,Somalia: Government; Somalia: Somaliland,0.43506493506493504
SOM,Sanaag region,2,10,87,10.220308,47.6642986,Biide subclan of Habar Jeclo (Isaaq) - Sa'ad subclan of Habar Yonis (Isaaq); Puntland State of Somalia - Republic of Somaliland; SSC-Khatumo Administration - Republic of Somaliland,0.564935064935065
SOM,Sool region,1,10,124,8.6507776,47.5013575,Somalia: Government; Somalia: Somaliland,0.20097244732576985
SOM,Sool region,2,36,492,8.446014194444444,47.30042044444445,Bahararsame subclan of Dhulbahante clan (Darod) - Qayaad subclan of Dhulbahante clan (Darod); Puntland State of Somalia - Republic of Somaliland; SSC-Khatumo Administration - Republic of Somaliland,0.7974068071312804
SOM,Sool region,4,1,1,8.475556,47.357778,Government of Somalia - Civilians,0.0016207455429497568
SOM,Togdheer region,1,10,170,9.420722399999999,45.4115278,Somalia: Government,0.19406392694063926
SOM,Togdheer region,2,13,706,8.757053923076922,46.01581738461538,Forces of Abdurahman Ahmed Ali 'Tur' - Republic of Somaliland; Puntland State of Somalia - Republic of Somaliland; Republic of Somaliland - SNM - 'Calan cas',0.8059360730593608
SOM,Woqooyi Galbeed region,1,44,1608,9.130470431818182,44.31395693181818,Somalia: Government,0.3545755237045204
SOM,Woqooyi Galbeed region,2,18,2418,9.528653333333333,44.305034944444444,Abdalle subclan of Habar Awal clan (Isaaq) - Aidagalla subclan of Habar Garhadjis clan (Isaaq); Forces of Abdurahman Ahmed Ali 'Tur' - Republic of Somaliland; Republic of Somaliland - SNM - 'Calan cas',0.533186328555678
SOM,Woqooyi Galbeed region,4,4,504,7.913959,44.36270225,Government of Ethiopia - Civilians; Government of Somalia - Civilians,0.111135611907387
SOM,Woqooyi Galbeed region,5,2,5,9.3670835,44.3544445,Al-Shabaab - Civilians,0.0011025358324145535
SRB,Belgrade city,1,11,34,44.75659090909091,20.422651727272726,Serbia (Yugoslavia): Kosovo,1.0
SRB,Bor district,1,1,1,44.078333,22.095278,Serbia (Yugoslavia): Kosovo,1.0
SRB,Jablanica district,1,5,26,42.8978334,21.7588888,Serbia (Yugoslavia): Kosovo,1.0
SRB,Kolubara district,1,2,2,44.2938885,19.92,Serbia (Yugoslavia): Kosovo,0.5
SRB,Kolubara district,4,1,2,44.316944,19.955833,Government of Serbia (Yugoslavia) - Civilians,0.5
SRB,Kosovo province,1,395,1763,42.561386744303796,20.795641425316454,North Macedonia: Government; Serbia (Yugoslavia): Kosovo,0.6413241178610404
SRB,Kosovo province,4,102,986,42.539404235294114,20.75844399019608,Government of Serbia (Yugoslavia) - Civilians,0.3586758821389596
SRB,Kosovo province,5,1,0,42.666667,21.166667,"Serbian irregulars, Serbian Republic of Bosnia-Herzegovina - Civilians",0.0
SRB,Mačva district,4,1,0,44.395278,19.115833,Government of Bosnia-Herzegovina - Civilians,0.0
SRB,Montenegro district,1,6,11,42.6347685,19.805792666666665,Serbia (Yugoslavia): Kosovo,1.0
SRB,Moravica district,1,3,5,43.891389,20.349722,Serbia (Yugoslavia): Kosovo,1.0
SRB,Nišava district,1,12,46,43.36215275,21.845671166666666,Serbia (Yugoslavia): Kosovo,1.0
SRB,Pcinja district,1,10,51,42.5575556,21.9402778,Serbia (Yugoslavia): Kosovo,1.0
SRB,Pomoravlje district,1,1,1,43.9275,21.37,Serbia (Yugoslavia): Kosovo,1.0
SRB,Pozega-Slavonia district,1,2,16,45.3883335,17.4370835,Serbia (Yugoslavia): Croatia,1.0
SRB,Rasina district,1,2,11,43.6675,21.187639,Serbia (Yugoslavia): Kosovo,1.0
SRB,Raška district,1,1,11,43.136667,20.512222,Serbia (Yugoslavia): Kosovo,1.0
SRB,Republic of Bosnia Herzegovina,1,7,37,43.77770185714286,17.928102285714285,Bosnia-Herzegovina: Serb; Croatia: Serb,0.024487094639311716
SRB,Republic of Bosnia Herzegovina,2,248,1444,44.18241260080645,18.2579957983871,Republic of Bosnia-Herzegovina - Serbian Republic of Bosnia-Herzegovina; Republic of Croatia - Serbian Republic of Krajina,0.9556585043017869
SRB,Republic of Bosnia Herzegovina,5,14,30,44.60422428571428,18.844296571428572,"Croatian Republic of Bosnia-Herzegovina - Civilians; Serbian Republic of Bosnia-Herzegovina - Civilians; Serbian irregulars, Serbian Republic of Bosnia-Herzegovina - Civilians",0.01985440105890139
SRB,Republic of Croatia,1,223,3069,45.07091175784753,17.787801448430493,Bosnia-Herzegovina: Serb; Serbia (Yugoslavia): Croatia; Serbia (Yugoslavia): Slovenia,0.8696514593369227
SRB,Republic of Croatia,2,115,459,45.069137295652176,17.544266773913044,"Republic of Bosnia-Herzegovina - Serbian Republic of Bosnia-Herzegovina; Republic of Croatia - SAO Eastern Slavonia, Baranja and Western Symria; Republic of Croatia - SAO Krajina",0.13006517427033154
SRB,Republic of Croatia,4,1,1,45.8,16.0,Government of Serbia (Yugoslavia) - Civilians,0.00028336639274582036
SRB,Republic of Serbia,1,3,7,45.21620333333333,19.229815000000002,Serbia (Yugoslavia): Croatia,1.0
SRB,Republic of Slovenia,1,14,57,46.111646428571426,14.988656,Serbia (Yugoslavia): Slovenia,1.0
SRB,Sisak-Moslavina district,1,5,15,45.4101668,16.6001108,Serbia (Yugoslavia): Croatia,1.0
SRB,Split-Dalmatia district,1,2,3,43.513889,16.455833,Serbia (Yugoslavia): Croatia,1.0
SRB,Toplica district,1,2,1,43.130972,21.2913885,Serbia (Yugoslavia): Kosovo,1.0
SRB,Vojvodina province,1,6,7,45.3643925,19.79213783333333,Serbia (Yugoslavia): Kosovo,1.0
SRB,Zlatibor district,1,1,3,43.65419,19.64024,Serbia (Yugoslavia): Kosovo,1.0
SSD,Central Equatoria state,1,103,994,4.2530721456310685,31.09839332038835,South Sudan: Government,0.5136950904392765
SSD,Central Equatoria state,2,14,112,4.166263571428572,31.043042142857143,Bari - Mundari; Bor Dinka - Mundari; NAS - SPLM/A - IO,0.05788113695090439
SSD,Central Equatoria state,4,99,779,4.399837454545454,31.212661767676767,Government of South Sudan - Civilians,0.40258397932816536
SSD,Central Equatoria state,5,9,50,4.144181444444445,31.00219577777778,SPLM/A - IO - Civilians,0.025839793281653745
SSD,East Equatoria state,1,14,79,4.2550671428571425,32.61498814285714,South Sudan: Government,0.1297208538587849
SSD,East Equatoria state,2,15,442,4.7006482,33.4122548,"Bor Dinka - Acholi, Murle; Buya, Murle, Tenet - Toposa; Jie - Murle",0.7257799671592775
SSD,East Equatoria state,4,9,87,4.128696555555556,32.54771122222222,Government of South Sudan - Civilians,0.14285714285714285
SSD,East Equatoria state,5,2,1,3.816479,32.002691,SPLM/A - IO - Civilians,0.0016420361247947454
SSD,Jonglei state,1,55,868,7.555677254545455,31.87172947272727,South Sudan: Government,0.2136878385032004
SSD,Jonglei state,2,87,2891,7.256024908045977,32.3438588275862,"Anuak - Nuer; Bor Dinka - Murle; Bor Dinka, Gawaar Nuer, Lou Nuer - Murle",0.7117183653372723
SSD,Jonglei state,4,31,154,6.826287064516129,32.639558290322576,Government of South Sudan - Civilians,0.0379123584441162
SSD,Jonglei state,5,16,149,6.6129476875,31.693306687499998,SPLM/A - IO - Civilians,0.03668143771541113
SSD,Lakes state,1,3,7,6.671610666666666,30.238866,South Sudan: Government,0.004797806716929404
SSD,Lakes state,2,43,1404,7.023159976744186,29.685070534883717,Agar Dinka - Gok Dinka; Aliap Dinka  - Atuot Dinka; Amothnhom Dinka  - Panyon Dinka,0.9623029472241261
SSD,Lakes state,4,11,32,6.728126818181818,29.80117,Government of South Sudan - Civilians,0.02193283070596299
SSD,Lakes state,5,1,16,6.4212,30.8876,SPLM/A - IO - Civilians,0.010966415352981495
SSD,North Bahr-al-Ghazal state,1,11,135,8.861424727272727,27.060921545454548,South Sudan - Sudan; South Sudan: Government,0.9642857142857143
SSD,North Bahr-al-Ghazal state,2,1,5,9.57441,27.69937,Misseriya - Ngok Dinka,0.03571428571428571
SSD,North Bahr-al-Ghazal state,4,1,0,8.85,27.0,Government of Sudan - Civilians,0.0
SSD,Unity state,1,92,1806,8.825776000000001,29.84055565217391,South Sudan - Sudan; South Sudan: Government,0.6105476673427992
SSD,Unity state,2,12,186,8.839511083333333,29.585544416666664,Bul Nuer - Luac Jang Dinka; Bul Nuer - Twic Dinka; Dinka  - Nuer,0.06288032454361055
SSD,Unity state,4,89,564,8.67442802247191,29.982690483146065,Government of South Sudan - Civilians,0.19066937119675456
SSD,Unity state,5,10,402,9.1533645,29.7143228,SLM/A - Civilians; SPLM/A - IO - Civilians,0.1359026369168357
SSD,Upper Nile state,1,72,1244,9.888930722222222,32.49132768055556,South Sudan - Sudan; South Sudan: Government; Sudan: Government,0.6753528773072747
SSD,Upper Nile state,2,10,291,9.6356057,32.5824619,Cie Kho - Cie Guandong; Dinka  - Nuer; Ingessana - Uduk,0.15798045602605862
SSD,Upper Nile state,4,22,180,9.402694454545454,32.644591863636364,Government of South Sudan - Civilians; Government of Sudan - Civilians,0.09771986970684039
SSD,Upper Nile state,5,22,127,9.954363636363636,32.110355454545456,SPLM/A - IO - Civilians,0.06894679695982628
SSD,Warap state,1,1,8,8.95115,28.79002,South Sudan: Government,0.005788712011577424
SSD,Warap state,2,49,1299,8.094720265306123,28.891389653061225,Aguok - Apuk Giir; Apuk Padoc - Atok Buk; Apuk Padoc - Nuer,0.9399421128798843
SSD,Warap state,4,7,68,8.04026942857143,28.75904957142857,Government of South Sudan - Civilians,0.049204052098408106
SSD,Warap state,5,1,7,8.212464,28.858307,SPLM/A - IO - Civilians,0.005065123010130246
SSD,West Bahr-al-Ghazal state,1,36,336,7.824427194444444,27.163832305555555,South Sudan - Sudan; South Sudan: Government; Uganda: Government,0.6733466933867736
SSD,West Bahr-al-Ghazal state,2,3,54,7.675070000000001,27.929963333333333,Apuk Giir - Marial Wau; Balanda - Dinka,0.10821643286573146
SSD,West Bahr-al-Ghazal state,4,22,105,7.625767681818181,28.017146136363635,Government of South Sudan - Civilians,0.21042084168336672
SSD,West Bahr-al-Ghazal state,5,3,4,7.809162333333333,27.180190999999997,LRA - Civilians; SPLM/A - IO - Civilians,0.008016032064128256
SSD,West Equatoria state,1,27,90,5.377833185185185,29.057518222222225,South Sudan: Government,0.23376623376623376
SSD,West Equatoria state,2,15,237,5.545879,28.253417133333336,Balanda - Azande; NAS - SPLM/A - IO,0.6155844155844156
SSD,West Equatoria state,4,9,40,5.514745222222222,28.639415,Government of South Sudan - Civilians,0.1038961038961039
SSD,West Equatoria state,5,6,18,5.0472953333333335,28.0173905,LRA - Civilians; SPLM/A - IO - Civilians,0.046753246753246755
SWE,Stockholms län,5,1,5,59.329444,18.068611,IS - Civilians,1.0
SWZ,Hhohho region,4,5,20,-26.316283,31.129289,Government of eSwatini (Swaziland) - Civilians,1.0
SWZ,Lubombo region,4,2,0,-26.431114,31.768635,Government of eSwatini (Swaziland) - Civilians,0.0
SWZ,Manzini district,4,2,2,-26.55,31.01667,Government of South Africa - Civilians,1.0
SWZ,Manzini region,4,7,30,-26.502457857142854,31.283150428571428,Government of eSwatini (Swaziland) - Civilians,1.0
SWZ,Shiselweni region,4,2,2,-27.185279,31.475149000000002,Government of eSwatini (Swaziland) - Civilians,1.0
SYR,Al Hasakah governorate,1,637,3030,36.54770293249607,40.82046136420722,Iran - Israel; Iraq: Government; Syria: Government,0.27478008524530695
SYR,Al Hasakah governorate,2,1349,7472,36.52884802446256,40.74307776723499,"23rd Division, Ahrar al-Sham, Jaysh al Nasr, Jaysh al-Nukhba, Nour al-Din Zenki, Sham Legion, SNA - SDF; Ahfad al Rasoul Brigade, Ahrar al-Sham, IS, Islamic Kurdish Front, Jabhat Fateh al-Sham - PYD; Ahfad al Rasoul Brigade, Ahrar al-Sham, al-Farouq Brigades, Ghuraba al-Sham, IS, Jabhat Fateh al-Sham, Jazeera-Euphrates Liberation Front, Liwa al-Fateh - PYD",0.6776095039448626
SYR,Al Hasakah governorate,4,17,30,36.73100452941176,40.89905864705882,Government of Syria - Civilians; Government of Turkey - Civilians,0.0027205949034188807
SYR,Al Hasakah governorate,5,186,495,36.44277976344086,40.97381538709677,IS - Civilians; PYD - Civilians; SDF - Civilians,0.044889815906411536
SYR,Aleppo governorate,1,12310,55009,36.2207198432169,37.24509490966693,Iran - Israel; Iraq: Government; Russia (Soviet Union): Caucasus Emirate,0.7310457559769825
SYR,Aleppo governorate,2,3346,17929,36.50618791811117,37.489184162582184,"23rd Division, Ahrar al-Sham, Jaysh al Nasr, Jaysh al-Nukhba, Nour al-Din Zenki, Sham Legion, SNA - SDF; 23rd Division, Jaysh al Nasr, Jaysh al-Nukhba, Sham Legion, SNA, Syrian Liberation Front - SDF; Ahrar al-Sham - HTS",0.23826863529443035
SYR,Aleppo governorate,4,219,1124,36.191440045662105,37.26717574429224,Government of Syria - Civilians; Government of Turkey - Civilians,0.014937472590269379
SYR,Aleppo governorate,5,388,1185,36.41189971907217,37.50706775,IS - Civilians; PYD - Civilians; SDF - Civilians,0.015748136138317808
SYR,Ar Raqqah governorate,1,1163,6427,35.95852660963027,38.93253288650043,Iraq: Government; Syria: Government; Syria: Government/Rojava Kurdistan,0.37232070443749277
SYR,Ar Raqqah governorate,2,1859,10363,36.08258031737493,38.93529863905326,"Ahfad al Rasoul Brigade - IS; Dawn of Freedom Brigades, Euphrates Islamic Liberation Front, Islamic Front, Jabhat al-Akrad, Liwa Thuwar ar-Raqqa - IS; Euphrates Islamic Liberation Front, Islamic Front, Jabhat Fateh al-Sham, Liwa Thuwar ar-Raqqa - IS",0.6003359981462171
SYR,Ar Raqqah governorate,4,12,25,36.12588291666667,39.069144083333335,Government of Syria - Civilians; Government of Turkey - Civilians,0.001448267871625536
SYR,Ar Raqqah governorate,5,237,447,36.01836808016878,38.95134755274262,IS - Civilians; SDF - Civilians; Syrian insurgents - Civilians,0.02589502954466458
SYR,As Suwayda governorate,1,267,1364,32.81331060299626,36.667481876404494,Iran - Israel; Israel - Syria; Syria: Government,0.7461706783369803
SYR,As Suwayda governorate,2,6,269,32.8753015,36.591200666666666,"Southern Tribes Gathering - Suwayda Military Council; Southern Tribes Gathering, Syrian Council of Tribes and Clans - Suwayda Military Council",0.14715536105032823
SYR,As Suwayda governorate,4,30,184,32.73911783333333,36.630255766666664,Government of Syria - Civilians,0.10065645514223195
SYR,As Suwayda governorate,5,6,11,32.78294033333333,36.727107833333335,IS - Civilians; Syrian insurgents - Civilians,0.006017505470459519
SYR,Damascus governorate,1,3187,11480,33.513364711013494,36.29157146846564,Iran - Israel; Israel - Syria; Israel: Palestine,0.9004627813946192
SYR,Damascus governorate,2,129,405,33.513364,36.291575,"Ahrar al-Sham, Jabhat Fateh al-Sham, Jaysh al-Islam, Jaysh Usud al-Sharqiya, Martyr Lieutenant Ahmed Abdou Brigades, Rahman Corps - IS; Aknaf Bait al-Maqdis, HTS, Jaysh al-Islam - IS; Aknaf Bait al-Maqdis, HTS, Jaysh al-Islam, Sons of Yarmouk Movement, Southern Front - IS",0.0317671974272492
SYR,Damascus governorate,4,203,731,33.513364,36.291575,Government of Syria - Civilians,0.05733783041807201
SYR,Damascus governorate,5,37,133,33.513364,36.291575,IS - Civilians; Saraya Ansar al-Sunna - Civilians; Syrian insurgents - Civilians,0.010432190760059613
SYR,Daraa governorate,1,7582,19377,32.77605281469269,36.159206397784224,Iran - Israel; Iraq: Government; Israel - Syria,0.8777405327052002
SYR,Daraa governorate,2,490,1615,32.8114626877551,36.02108523469388,"Ahrar al-Sham, HTS, Southern Front - IS; Ahrar al-Sham, Jabhat Fateh al-Sham - IS; Ahrar al-Sham, Jabhat Fateh al-Sham, Southern Front - IS",0.07315636890741076
SYR,Daraa governorate,4,264,949,32.80007351515152,36.165855784090915,Government of Syria - Civilians,0.042987860119586885
SYR,Daraa governorate,5,70,135,32.8087727,36.02736357142857,IS - Civilians; Syrian insurgents - Civilians,0.006115238267802138
SYR,Deir ez Zor governorate,1,4925,19652,35.1777289061929,40.28005580527919,Iran - Israel; Iraq: Government; Syria: Government,0.6158377988781298
SYR,Deir ez Zor governorate,2,1933,9221,34.98093522400414,40.56432018830833,"16th Division, Islamic Front, Jabhat Fateh al-Sham - IS; Army of Maoata al-Islami, Authenticity and Development Front, Islamic Front, Jabhat Fateh al-Sham - IS; Authenticity and Development Front - IS",0.28895991977687946
SYR,Deir ez Zor governorate,4,93,373,35.171346139784944,40.2824809032258,Government of Syria - Civilians,0.011688759361975495
SYR,Deir ez Zor governorate,5,603,2665,35.057395159203985,40.45834163018242,IS - Civilians; SDF - Civilians; Syrian insurgents - Civilians,0.08351352198301526
SYR,Hamah governorate,1,6235,20032,35.28506834418605,36.84069979823577,Iran - Israel; Iraq: Government; Syria: Government,0.9037264278624921
SYR,Hamah governorate,2,62,646,35.29419451612903,37.327966983870965,"Ahrar al-Sham, Jabhat Fateh al-Sham - IS; IS - HTS; IS - Islamic Front, Jabhat Fateh al-Sham",0.029143733646124697
SYR,Hamah governorate,4,257,1225,35.233955346303496,36.72925448249027,Government of Syria - Civilians,0.0552648199945863
SYR,Hamah governorate,5,39,263,35.21802276923077,37.04394317948718,IS - Civilians; Syrian insurgents - Civilians,0.011865018496796897
SYR,Homs governorate,1,7591,27736,34.6921639347912,37.18106119312343,Iran - Israel; Iraq: Government; Israel - Syria,0.9035410626445581
SYR,Homs governorate,2,60,329,34.568287133333335,37.81084138333333,"Ahrar al-Sham, FSA, HTS, Jaysh al-Islam - IS; Ahrar al-Sham, Jabhat Fateh al-Sham, Jaysh al-Islam, Jaysh Usud al-Sharqiya, Martyr Lieutenant Ahmed Abdou Brigades, Rahman Corps - IS; Eastern Qalamoun Operations Room - IS",0.010717659706160211
SYR,Homs governorate,4,345,1978,34.684704852173915,36.84840515362319,Government of Syria - Civilians,0.06443626413004529
SYR,Homs governorate,5,108,654,34.5643470462963,37.851374388888885,IS - Civilians; Saraya Ansar al-Sunna - Civilians; Syrian insurgents - Civilians,0.02130501351923641
SYR,Idlib governorate,1,9203,31079,35.75397797153102,36.63400686939042,Iran - Israel; Iraq: Government; Syria: Government,0.9046690341736042
SYR,Idlib governorate,2,455,2164,35.86678345934066,36.64613758021978,"23rd Division, Ahrar al-Sham, Jaysh al Nasr, Jaysh al-Nukhba, Nour al-Din Zenki, Sham Legion, SNA - SDF; Ahrar al-Sham - HTS; Ahrar al-Sham - Jabhat Fateh al-Sham",0.06299120917505967
SYR,Idlib governorate,4,216,921,35.803582157407405,36.626288574074074,Government of Syria - Civilians; Government of Turkey - Civilians,0.026809105198812366
SYR,Idlib governorate,5,88,190,35.846458431818185,36.63700096590909,IS - Civilians; Syrian insurgents - Civilians,0.0055306514525237235
SYR,Latakia governorate,1,1927,7217,35.69012592682927,36.09143925895174,Iran - Israel; Israel - Syria; Syria: Government,0.8572276992516926
SYR,Latakia governorate,4,83,857,35.48274368674699,35.92045615662651,Government of Syria - Civilians,0.10179356218078156
SYR,Latakia governorate,5,24,345,35.63739533333334,36.104438583333334,"IS - Civilians; IS, Syrian insurgents - Civilians",0.04097873856752583
SYR,Quneitra governorate,1,988,3102,33.1104179534413,35.8856778451417,Iran - Israel; Israel - Syria; Israel: Southern Lebanon,0.9705882352941176
SYR,Quneitra governorate,2,12,75,33.09018766666667,35.85226733333334,"Ahrar al-Sham, Furqan Brigades, Jabhat Fateh al-Sham, Jaysh al-Islam, Yarmouk Army - Jaysh al-Jihad (Saraya al- Jihad); Ahrar al-Sham, Jabhat Fateh al-Sham, Southern Front - IS; IS - Jabhat Fateh al-Sham",0.02346683354192741
SYR,Quneitra governorate,4,9,16,33.132199222222226,35.887635333333336,Government of Israel - Civilians; Government of Syria - Civilians,0.0050062578222778474
SYR,Quneitra governorate,5,4,3,33.163738249999994,35.87373325,Syrian insurgents - Civilians,0.0009386733416770963
SYR,Rif Dimashq governorate,1,16503,50491,33.54801364660971,36.444257304247714,Iran - Israel; Israel - Syria; Israel: Palestine,0.9257778837162397
SYR,Rif Dimashq governorate,2,456,1993,33.603227407894735,36.54340015350877,"Ahrar al-Sham, FSA, HTS, Jaysh al-Islam - IS; Ahrar al-Sham, Jabhat Fateh al-Sham, Jaysh al-Islam, Jaysh Usud al-Sharqiya, Martyr Lieutenant Ahmed Abdou Brigades, Rahman Corps - IS; Aknaf Bait al-Maqdis, HTS, Jaysh al-Islam - IS",0.036542657547809825
SYR,Rif Dimashq governorate,4,474,1844,33.55751337130802,36.38453333966245,Government of Syria - Civilians,0.033810667595665485
SYR,Rif Dimashq governorate,5,72,211,33.584328291666665,36.43648772222222,IS - Civilians; Syrian insurgents - Civilians,0.0038687911402849337
SYR,Tartus governorate,1,42,494,35.05928633333333,35.98555869047619,Iran - Israel; Israel - Syria; Syria: Government,0.39206349206349206
SYR,Tartus governorate,4,39,718,35.096254435897436,35.99631782051282,Government of Syria - Civilians,0.5698412698412698
SYR,Tartus governorate,5,1,48,34.88902,35.88659,IS - Civilians,0.0380952380952381
TCD,Batha Ouest department,2,2,72,13.383333,18.433333,Khozam   - Oulad Rachid,1.0
TCD,Batha region,2,2,33,13.102034,18.272145000000002,Arab - Bulala,1.0
TCD,Bet department,1,2,91,20.4245835,19.3805555,Chad: Government,1.0
TCD,Biltine department,1,2,237,14.5,22.05,Chad: Government,1.0
TCD,Biltine region,1,6,400,14.952778,22.383333166666663,Chad: Government,0.9433962264150944
TCD,Biltine region,4,1,24,15.116667,22.25,Government of Chad - Civilians,0.05660377358490566
TCD,Borkou department,1,1,4,17.917,19.111,Chad: Government,1.0
TCD,Borkou-Ennedi-Tibesti region,1,12,154,19.071794333333333,19.17718375,Algeria: Government; Chad: Government,1.0
TCD,Chari-Baguirmi region,1,4,56,12.108502,15.048173,Chad: Government,0.37583892617449666
TCD,Chari-Baguirmi region,4,12,69,12.108502,15.048173,Government of Chad - Civilians,0.46308724832214765
TCD,Chari-Baguirmi region,5,1,24,10.4795,16.7117,CSNPD - Civilians,0.1610738255033557
TCD,Ennedi department,1,5,222,17.5765862,21.81984,Chad: Government,1.0
TCD,Ennedi region,1,2,2,15.55,22.91,Sudan: Government,1.0
TCD,Guera region,1,1,10,12.184412,18.693031,Chad: Government,1.0
TCD,Guéra region,2,3,26,12.369695666666667,19.22394266666667,Farmers (Chad) - Herders (Chad),0.21138211382113822
TCD,Guéra region,4,3,97,11.5,18.5,Government of Chad - Civilians,0.7886178861788617
TCD,Hadjer-Lamis region,2,1,33,12.962823,16.555474,Bulala - Kreda,0.66
TCD,Hadjer-Lamis region,5,4,17,12.83717325,15.08748975,JAS - Civilians,0.34
TCD,Kanem region,1,3,431,14.280992333333336,15.136705333333333,Chad: Government,0.9976851851851852
TCD,Kanem region,2,1,1,14.129343,15.314126,Farmers (Chad) - Herders (Chad),0.0023148148148148147
TCD,Lac region,1,93,1802,13.499743559139786,14.361196451612901,Chad: Government; Chad: Islamic State; Nigeria: Government,0.878167641325536
TCD,Lac region,5,36,250,13.538991194444444,14.419626194444444,IS - Civilians; JAS - Civilians,0.12183235867446393
TCD,Logone Occidental region,1,2,67,8.566667,16.083333,Chad: Government,0.23103448275862068
TCD,Logone Occidental region,2,5,76,8.7793998,15.4851966,Farmers (Chad) - Herders (Chad); Fulani - Ngambay,0.2620689655172414
TCD,Logone Occidental region,4,18,119,8.706358833333333,16.07887988888889,Government of Chad - Civilians,0.4103448275862069
TCD,Logone Occidental region,5,4,28,8.566667,16.083333,FARF - Civilians,0.09655172413793103
TCD,Logone Oriental department,1,1,4,7.916667,16.633333,Chad: Government,0.4444444444444444
TCD,Logone Oriental department,4,2,5,8.27506,16.77784,Government of Chad - Civilians,0.5555555555555556
TCD,Logone Oriental region,1,3,50,8.256406666666667,16.56056,Chad: Government,0.10351966873706005
TCD,Logone Oriental region,2,11,55,8.123113454545454,16.31854636363636,Farmers (Chad) - Herders (Chad),0.11387163561076605
TCD,Logone Oriental region,4,15,375,8.391877866666666,16.600631133333334,Government of Chad - Civilians,0.7763975155279503
TCD,Logone Oriental region,5,3,3,8.418833999999999,16.411891333333333,CSNPD - Civilians; FARF - Civilians,0.006211180124223602
TCD,Mandoul region,2,4,24,8.605935,17.35179275,Farmers (Chad) - Herders (Chad),1.0
TCD,Mayo-Kebbi Est region,2,1,10,9.5244,15.439,Farmers (Chad) - Herders (Chad),1.0
TCD,Mayo-Kebbi Ouest region,2,2,5,9.1886395,14.9927155,Farmers (Chad) - Herders (Chad),1.0
TCD,Mayo-Kebbi region,4,1,2,10.280556,15.372222,Government of Chad - Civilians,1.0
TCD,Moyen-Chari region,1,1,0,8.118049,17.506613,Chad: Government,0.0
TCD,Moyen-Chari region,2,7,72,9.132658857142857,18.640789,Farmers (Chad) - Herders (Chad),0.6153846153846154
TCD,Moyen-Chari region,4,1,5,8.3404,17.7663,Government of Chad - Civilians,0.042735042735042736
TCD,Moyen-Chari region,5,3,40,9.134788666666665,18.778957666666667,CSNPD - Civilians; FARF - Civilians; Janjaweed  - Civilians,0.3418803418803419
TCD,N'Djamena department,4,2,0,12.108502,15.048173,Government of Chad - Civilians,0.0
TCD,N'Djamena region,1,4,51,12.108502,15.048173,Chad: Government; Chad: Islamic State,0.7285714285714285
TCD,N'Djamena region,4,6,5,12.110016,15.043230833333334,Government of Chad - Civilians,0.07142857142857142
TCD,N'Djamena region,5,1,14,12.108502,15.048173,IS - Civilians,0.2
TCD,Ouaddai department,5,1,3,13.816667,20.816667,Janjaweed  - Civilians,1.0
TCD,Ouaddai region,1,18,874,12.842845388888888,21.860781666666668,Chad: Government,0.4773347897323867
TCD,Ouaddai region,2,1,2,12.8,21.3,Farmers (Chad) - Herders (Chad),0.0010922992900054614
TCD,Ouaddai region,4,6,272,13.631942333333333,21.066355666666666,Government of Chad - Civilians; Government of Sudan - Civilians,0.14855270344074276
TCD,Ouaddai region,5,35,683,12.471145628571428,21.754449542857145,JEM - Civilians; Janjaweed  - Civilians,0.3730202075368651
TCD,Salamat region,1,3,96,10.666364,20.490212333333332,Chad: Government,0.24060150375939848
TCD,Salamat region,2,2,299,11.0297,20.2827,"Arab - Kagal, Kibete; Darsalim - Kibete",0.7493734335839599
TCD,Salamat region,5,1,4,11.4014,20.9183,Janjaweed  - Civilians,0.010025062656641603
TCD,Sila region,1,9,136,12.312284666666667,21.444905444444444,Chad: Government,0.5596707818930041
TCD,Sila region,2,3,107,12.057005666666667,21.176061333333333,Birgid - Kibete; Dadjo - Mouro,0.4403292181069959
TCD,Tibesti department,1,17,1256,21.284267,17.239009705882353,Chad: Government,1.0
TCD,Tibesti region,1,7,132,22.526976285714284,16.346382714285713,Chad: Government,0.8098159509202454
TCD,Tibesti region,2,4,31,21.186192499999997,16.306542,Toubou  - Zaghawa,0.1901840490797546
TCD,Ville de N'Djamena,1,7,1025,12.108502,15.048173,Chad: Government,0.9990253411306043
TCD,Ville de N'Djamena,4,2,1,12.108502,15.048173,Government of Chad - Civilians,0.0009746588693957114
TCD,Wadi Fira region,1,15,310,14.446666733333332,21.688889,Chad: Government; Sudan: Government,0.5827067669172933
TCD,Wadi Fira region,2,10,204,14.413333399999999,22.2316666,Awlad Zeid - Zaghawa; Tama - Zaghawa,0.38345864661654133
TCD,Wadi Fira region,4,1,0,14.516667,22.083333,Government of Chad - Civilians,0.0
TCD,Wadi Fira region,5,2,18,14.189923499999999,22.2365415,Janjaweed  - Civilians,0.03383458646616541
TGO,Centrale region,4,2,4,8.984011,1.14948,Government of Togo - Civilians,1.0
TGO,Kara region,4,2,5,9.353445,1.2992035,Government of Togo - Civilians,1.0
TGO,Maritime region,4,78,358,6.233955320512821,1.3166413461538462,Government of Togo - Civilians,1.0
TGO,Plateaux region,4,20,136,7.4007606500000005,0.9730945999999999,Government of Togo - Civilians,1.0
TGO,Savanes region,1,30,122,10.9080604,0.5583318333333334,Togo: Government,0.488
TGO,Savanes region,2,1,31,10.550833,0.302222,Moba - Chakosi,0.124
TGO,Savanes region,5,17,97,10.826784882352941,0.6378263529411764,JNIM - Civilians,0.388
THA,Chanthaburi province,5,1,2,12.934668,102.371887,KR - Civilians,1.0
THA,Chiang Rai province,1,1,2,20.433528,99.876167,Myanmar (Burma): Shan,0.6666666666666666
THA,Chiang Rai province,4,1,1,19.913611,99.826944,Government of Myanmar (Burma) - Civilians,0.3333333333333333
THA,Kanchanaburi province,1,1,7,15.155528,98.453611,Myanmar (Burma): Karen,1.0
THA,Mae Hong Son province,1,2,4,19.0739935,97.95834550000001,Myanmar (Burma): Karenni,0.4444444444444444
THA,Mae Hong Son province,4,2,5,18.625,97.94888850000001,Government of Myanmar (Burma) - Civilians,0.5555555555555556
THA,Narathiwat province,1,481,713,6.2509663659043655,101.714971016632,Thailand: Patani,0.5312965722801788
THA,Narathiwat province,5,503,629,6.221089347912525,101.73731906759443,Patani insurgents - Civilians,0.46870342771982115
THA,Pattani province,1,471,740,6.739275307855626,101.37171303184714,Thailand: Patani,0.5441176470588235
THA,Pattani province,5,501,620,6.745187932135728,101.35711306387226,Patani insurgents - Civilians,0.45588235294117646
THA,Sa Kaeo province,1,5,10,13.9285078,102.61731660000001,Cambodia (Kampuchea) - Thailand,1.0
THA,Sa Keao province,1,1,4,13.48796,102.31078,Cambodia (Kampuchea): Government,1.0
THA,Sa Keao province,4,1,0,13.48796,102.31078,Government of Cambodia (Kampuchea) - Civilians,0.0
THA,Sisaket province,1,19,43,14.531769368421052,104.52960331578947,Cambodia (Kampuchea) - Thailand,1.0
THA,Songkhla province,1,38,62,6.777994368421052,100.80182368421053,Thailand: Patani,0.5166666666666667
THA,Songkhla province,5,35,58,6.7544308,100.72336617142857,Patani insurgents - Civilians,0.48333333333333334
THA,Surin province,1,21,39,14.42039980952381,103.40116852380953,Cambodia (Kampuchea) - Thailand; Cambodia (Kampuchea): Government,1.0
THA,Tak province,1,3,46,16.66629633333333,98.53518533333333,Myanmar (Burma): Karen,0.9583333333333334
THA,Tak province,2,1,1,17.128889,98.380556,DKBA - KNU,0.020833333333333332
THA,Tak province,4,1,1,16.716667,98.566667,Government of Myanmar (Burma) - Civilians,0.020833333333333332
THA,Trat province,1,1,1,12.294778,102.616028,Cambodia (Kampuchea) - Thailand,1.0
THA,Ubon Ratchathani province,1,7,10,14.415410428571429,104.97751142857143,Cambodia (Kampuchea) - Thailand,1.0
THA,Yala province,1,355,581,6.395148078873239,101.28321647887324,Thailand: Patani,0.5281818181818182
THA,Yala province,5,398,519,6.361146819095477,101.26198357537687,Patani insurgents - Civilians,0.4718181818181818
TJK,Dushanbe independent city,1,31,3186,38.56,68.773889,Tajikistan: Government,0.9946924758039338
TJK,Dushanbe independent city,4,3,17,38.56,68.773889,Government of Tajikistan - Civilians,0.005307524196066188
TJK,Gorno-Badakhshan Autonomous region,1,31,719,38.06049680645161,71.79600958064516,Tajikistan: Government,0.9930939226519337
TJK,Gorno-Badakhshan Autonomous region,4,1,5,37.489744,71.553045,Government of Tajikistan - Civilians,0.006906077348066298
TJK,Khatlon region,1,45,782,37.76892142222222,69.25949393333333,Tajikistan: Government; Tajikistan: Islamic State,0.6226114649681529
TJK,Khatlon region,2,6,408,37.86385833333333,68.95298166666667,PFT - UTO,0.3248407643312102
TJK,Khatlon region,4,1,12,38.01,68.6,Government of Tajikistan - Civilians,0.009554140127388535
TJK,Khatlon region,5,2,54,38.1995965,69.1538955,IS - Civilians; PFT - Civilians,0.042993630573248405
TJK,Leninobod region,1,11,511,40.04700954545454,69.42879936363636,Tajikistan: Government,1.0
TJK,Region of Republican Subordination,1,119,3432,38.82825908403362,70.16855659663865,Tajikistan: Government; Uzbekistan: Government,0.9916209188095926
TJK,Region of Republican Subordination,4,3,29,38.515326,69.37505,Government of Tajikistan - Civilians,0.008379081190407396
TJK,Regions of Republican Subordination,1,26,157,39.052592653846155,70.13253819230769,Kyrgyzstan - Tajikistan; Tajikistan: Government; Tajikistan: Islamic State,1.0
TJK,Sughd region,1,42,167,40.07856988095238,70.29804545238095,Kyrgyzstan - Tajikistan; Tajikistan: Government; Tajikistan: Islamic State,1.0
TTO,Port of Spain city,1,3,39,10.65,-61.51669999999999,Trinidad and Tobago: Government,1.0
TUN,Gafsa governorate,1,3,16,34.525380000000006,9.04137,Tunisia: Government,1.0
TUN,Jendouba governorate,1,3,14,36.54257166666667,8.495074,Tunisia: Government,1.0
TUN,Kassérine governorate,1,66,150,35.21836060606061,8.76830884848485,Tunisia: Government; Tunisia: Islamic State,0.9868421052631579
TUN,Kassérine governorate,5,2,2,35.2506865,8.751149999999999,AQIM - Civilians,0.013157894736842105
TUN,Kebili governorate,1,2,4,35.0105285,9.592852,Tunisia: Government,1.0
TUN,Le Kef governorate,1,9,15,36.20987433333333,8.588037777777778,Tunisia: Government,1.0
TUN,Medenine governorate,1,8,73,33.1173715,11.21511625,Tunisia: Government; Tunisia: Islamic State,0.776595744680851
TUN,Medenine governorate,5,1,21,33.8,10.9,al-Qaida  - Civilians,0.22340425531914893
TUN,Sfax governorate,1,1,2,34.733333,10.766667,Tunisia: Government,1.0
TUN,Sidi Bou Zid governorate,1,18,40,35.19476227777778,9.252743777777779,Tunisia: Government,1.0
TUN,Siliana governorate,1,1,7,35.69778,9.14561,Tunisia: Government,1.0
TUN,Sousse governorate,1,3,6,35.85442366666667,10.618197333333335,Tunisia: Islamic State,0.13636363636363635
TUN,Sousse governorate,5,1,38,35.912491,10.580612,IS - Civilians,0.8636363636363636
TUN,Tunis governorate,1,5,24,36.806112,10.171078,Tunisia: Islamic State,0.5333333333333333
TUN,Tunis governorate,5,1,21,36.806112,10.171078,IS - Civilians,0.4666666666666667
TUR,Adana province,1,24,45,37.12937183333333,35.56327941666667,Turkey: Government; Turkey: Kurdistan,0.9183673469387755
TUR,Adana province,4,1,1,37.0,35.321333,Government of Turkey - Civilians,0.02040816326530612
TUR,Adana province,5,1,3,37.024722,35.8175,PKK - Civilians,0.061224489795918366
TUR,Adıyaman province,1,29,86,37.77529706896552,38.234530793103445,Turkey: Kurdistan,0.86
TUR,Adıyaman province,5,2,14,37.8287825,38.2722635,PKK - Civilians,0.14
TUR,Amasya province,1,2,2,40.726192,35.886701,Turkey: Government; Turkey: Kurdistan,1.0
TUR,Ankara province,1,18,262,39.877024,32.80249333333333,Turkey: Government; Turkey: Islamic State; Turkey: Kurdistan,0.7024128686327078
TUR,Ankara province,4,1,1,39.911652,32.840305,Government of Turkey - Civilians,0.002680965147453083
TUR,Ankara province,5,4,110,40.017351749999996,32.72704975,IS - Civilians; PKK - Civilians,0.2949061662198391
TUR,Antalya province,1,6,18,36.95405933333333,30.847781666666666,Turkey: Government; Turkey: Kurdistan,1.0
TUR,Ardahan province,1,5,13,41.048383799999996,42.754930200000004,Turkey: Kurdistan,1.0
TUR,Artvin province,1,7,10,41.21329971428571,42.12718328571429,Turkey: Government; Turkey: Kurdistan,1.0
TUR,Aydın province,1,3,7,37.85008,27.260585000000003,Turkey: Government; Turkey: Kurdistan,1.0
TUR,Ağrı province,1,128,536,39.59032753125,43.5707336171875,Turkey: Kurdistan,0.950354609929078
TUR,Ağrı province,5,11,28,39.60241345454545,43.56589672727272,PKK - Civilians,0.04964539007092199
TUR,Batman province,1,228,821,38.04712348245614,41.38886534649122,Turkey: Kurdistan,0.9308390022675737
TUR,Batman province,5,17,61,38.018213470588236,41.381633058823525,PKK - Civilians,0.0691609977324263
TUR,Bayburt province,1,1,1,40.479973,40.329582,Turkey: Kurdistan,1.0
TUR,Bingöl province,1,483,2244,39.04556764803312,40.693097527950314,Turkey: Kurdistan,0.9488372093023256
TUR,Bingöl province,5,31,121,39.02382958064516,40.629876,PKK - Civilians,0.05116279069767442
TUR,Bitlis province,1,240,1159,38.365072383333334,42.25986548333333,Turkey: Kurdistan,0.9507793273174734
TUR,Bitlis province,5,13,60,38.37609046153846,42.33187169230769,PKK - Civilians,0.04922067268252666
TUR,Bolu province,1,1,2,40.641309,31.582161,Turkey: Government,1.0
TUR,Bursa province,1,3,3,40.193663333333326,29.06815333333333,Turkey: Government; Turkey: Kurdistan,1.0
TUR,Denizli province,1,1,3,37.774167,29.0875,Turkey: Government,1.0
TUR,Diyarbakır province,1,684,2559,38.17021570906432,40.54584342690058,Turkey: Government; Turkey: Islamic State; Turkey: Kurdistan,0.9516548902937895
TUR,Diyarbakır province,4,1,0,37.848611,40.665833,Government of Turkey - Civilians,0.0
TUR,Diyarbakır province,5,40,130,38.1530329,40.483273350000005,IS - Civilians; PKK - Civilians,0.04834510970621049
TUR,Elazığ province,1,86,218,38.6476328372093,39.767890860465116,Turkey: Government; Turkey: Kurdistan,0.7898550724637681
TUR,Elazığ province,5,12,58,38.578474666666665,39.616622666666665,PKK - Civilians,0.21014492753623187
TUR,Erzincan province,1,68,239,39.626455058823524,39.28677954411765,Turkey: Government; Turkey: Kurdistan,0.9157088122605364
TUR,Erzincan province,5,7,22,39.78878457142857,39.54294328571429,PKK - Civilians,0.0842911877394636
TUR,Erzurum province,1,37,115,39.934176756756756,41.559126216216214,Turkey: Kurdistan,0.5450236966824644
TUR,Erzurum province,5,10,96,39.9725579,41.3933314,PKK - Civilians,0.4549763033175355
TUR,Gaziantep province,1,28,81,37.02067553571429,37.19209571428571,Turkey: Islamic State; Turkey: Kurdistan,0.5472972972972973
TUR,Gaziantep province,2,1,3,36.83452,37.9983,SNA - SDF,0.02027027027027027
TUR,Gaziantep province,5,7,64,37.04202371428572,37.31230157142857,IS - Civilians; PKK - Civilians,0.43243243243243246
TUR,Giresun province,1,6,7,40.581952,38.48584266666666,Turkey: Government; Turkey: Kurdistan,1.0
TUR,Gümüşhane province,1,10,24,40.3693977,39.4257752,Turkey: Kurdistan,1.0
TUR,Hakkari province,1,882,5339,37.399785577097504,44.0641901201814,Turkey: Kurdistan,0.9927482335440684
TUR,Hakkari province,4,1,1,37.248056,43.613611,Government of Turkey - Civilians,0.0001859427296392711
TUR,Hakkari province,5,14,38,37.39325385714285,44.29633664285715,PKK - Civilians,0.007065823726292302
TUR,Hatay province,1,65,171,36.59270916923077,36.27156743076923,Turkey: Government; Turkey: Islamic State; Turkey: Kurdistan,0.6923076923076923
TUR,Hatay province,2,5,7,36.353363,36.3957108,"23rd Division, Ahrar al-Sham, Jaysh al Nasr, Jaysh al-Nukhba, Nour al-Din Zenki, Sham Legion, SNA - SDF; SNA - SDF",0.02834008097165992
TUR,Hatay province,5,5,69,36.661077,36.4165968,PKK - Civilians; THKP-C Acilciler - Civilians,0.2793522267206478
TUR,Iğdır province,1,27,87,39.88874311111111,44.0617862962963,Turkey: Kurdistan,0.9886363636363636
TUR,Iğdır province,5,1,1,39.893611,43.997778,PKK - Civilians,0.011363636363636364
TUR,Kahramanmaraş province,1,52,143,37.81373251923077,37.01896875,Turkey: Kurdistan,0.7486910994764397
TUR,Kahramanmaraş province,5,14,48,37.81875885714286,37.18043278571429,PKK - Civilians,0.2513089005235602
TUR,Kars province,1,72,397,40.29948651388889,43.14182894444444,Turkey: Kurdistan,0.931924882629108
TUR,Kars province,5,15,29,40.28895206666666,43.4131496,PKK - Civilians,0.06807511737089202
TUR,Kayseri province,1,2,17,38.725,35.85,Turkey: Government; Turkey: Kurdistan,0.9444444444444444
TUR,Kayseri province,5,1,1,38.75,35.916667,PKK - Civilians,0.05555555555555555
TUR,Kilis province,1,9,17,36.720863333333334,37.15506166666667,Turkey: Islamic State,0.8947368421052632
TUR,Kilis province,5,1,2,36.71611,37.115,IS - Civilians,0.10526315789473684
TUR,Konya province,1,2,6,37.632511,32.396305999999996,Turkey: Islamic State; Turkey: Kurdistan,1.0
TUR,Kırıkkale province,5,1,4,39.845278,33.506389,PKK - Civilians,1.0
TUR,Malatya province,1,13,46,38.402878461538464,38.180253615384615,Turkey: Kurdistan,0.9787234042553191
TUR,Malatya province,5,1,1,38.5,38.0,PKK - Civilians,0.02127659574468085
TUR,Manisa province,1,1,1,38.613772,27.429298,Turkey: Kurdistan,1.0
TUR,Mardin province,1,481,1506,37.327267453222454,41.057723203742206,Turkey: Kurdistan,0.9088714544357273
TUR,Mardin province,2,4,14,37.178284250000004,40.9846015,SNA - SDF,0.008449004224502113
TUR,Mardin province,5,49,137,37.350503387755104,40.96428202040816,PKK - Civilians,0.08267954133977067
TUR,Mersin province,1,4,7,36.6795745,34.292570999999995,Turkey: Government; Turkey: Islamic State; Turkey: Kurdistan,1.0
TUR,Muğla province,1,5,10,37.119806,27.871256999999996,Turkey: Government; Turkey: Islamic State; Turkey: Kurdistan,1.0
TUR,Muğla province,5,1,0,36.855,28.274167,PKK - Civilians,0.0
TUR,Muş province,1,95,311,38.950159210526316,41.6959132,Turkey: Kurdistan,0.9395770392749244
TUR,Muş province,5,7,20,38.951887428571425,41.64453757142858,PKK - Civilians,0.06042296072507553
TUR,Ordu province,1,10,21,40.646339,37.6698306,Turkey: Government; Turkey: Kurdistan,1.0
TUR,Osmaniye province,1,14,36,37.17097242857143,36.27846814285714,Turkey: Kurdistan,1.0
TUR,Rize province,1,1,1,41.21032,41.04857,Turkey: Kurdistan,1.0
TUR,Siirt province,1,459,1684,37.827865355119826,42.24814546623094,Turkey: Kurdistan,0.9314159292035398
TUR,Siirt province,5,31,124,37.735582096774195,42.26927180645161,PKK - Civilians,0.06858407079646017
TUR,Sivas province,1,43,189,39.65529734883721,37.6846946744186,Turkey: Government; Turkey: Kurdistan,0.8669724770642202
TUR,Sivas province,5,7,29,39.56452671428571,37.59036114285714,PKK - Civilians,0.13302752293577982
TUR,Tokat province,1,39,90,40.446820692307696,36.66075753846154,Turkey: Government; Turkey: Kurdistan,1.0
TUR,Trabzon province,1,1,1,40.869457,39.81255,Turkey: Kurdistan,1.0
TUR,Tunceli province,1,621,2517,39.14473495974235,39.47241177133655,Turkey: Government; Turkey: Kurdistan,0.9786158631415242
TUR,Tunceli province,5,20,55,39.13691015,39.429477750000004,PKK - Civilians,0.021384136858475893
TUR,Van province,1,309,1137,38.34990885760518,43.5720585987055,Turkey: Kurdistan,0.9451371571072319
TUR,Van province,5,12,66,38.427808166666665,43.020232416666666,PKK - Civilians,0.05486284289276808
TUR,Yalova province,1,1,9,40.60951,29.30866,Turkey: Islamic State,1.0
TUR,Çanakkale province,1,1,1,39.492146,26.334567,Turkey: Kurdistan,1.0
TUR,Çankırı province,1,1,3,40.735556,33.366111,Turkey: Government,1.0
TUR,Çorum province,1,2,1,40.493586,34.738647,Iran: Kurdistan; Turkey: Kurdistan,1.0
TUR,İstanbul province,1,92,391,41.01382433695652,28.956871413043476,Iran: Government; Russia (Soviet Union): Caucasus Emirate; Turkey: Government,0.660472972972973
TUR,İstanbul province,4,3,5,41.013611,28.955,Government of Iran - Civilians; Government of Iraq - Civilians; Government of Turkey - Civilians,0.008445945945945946
TUR,İstanbul province,5,21,196,41.031567238095235,28.909637476190476,IS - Civilians; PKK - Civilians; al-Qaida  - Civilians,0.3310810810810811
TUR,İzmir province,1,9,21,38.358484000000004,27.258917333333336,Turkey: Government; Turkey: Kurdistan,1.0
TUR,İzmir province,5,1,0,38.412726,27.138376,PKK - Civilians,0.0
TUR,İçel province,1,2,8,36.732778,34.644167,Turkey: Kurdistan,1.0
TUR,Şanlıurfa province,1,44,104,37.229147477272726,39.10140231818182,Syria: Government; Turkey: Islamic State; Turkey: Kurdistan,0.6227544910179641
TUR,Şanlıurfa province,2,9,13,36.88044333333333,39.327484,"IS, Jabhat Fateh al-Sham - PYD; SNA - SDF",0.07784431137724551
TUR,Şanlıurfa province,4,1,1,36.976116,38.425329,Government of Turkey - Civilians,0.005988023952095809
TUR,Şanlıurfa province,5,10,49,37.1978959,38.718376899999996,IS - Civilians; PKK - Civilians,0.2934131736526946
TUR,Şırnak province,1,1113,5124,37.436460846361186,42.50464688319856,Turkey: Kurdistan,0.9884259259259259
TUR,Şırnak province,5,24,60,37.401511291666665,42.437896583333334,PKK - Civilians,0.011574074074074073
TZA,Arusha region,4,4,9,-3.3848,36.6717,Government of Tanzania - Civilians,1.0
TZA,Dar es Salaam region,1,1,5,-6.8,39.283333,Tanzania: Islamic State,0.01006036217303823
TZA,Dar es Salaam region,4,33,492,-6.813534848484849,39.267966,Government of Tanzania - Civilians,0.9899396378269618
TZA,Dodoma region,4,1,0,-6.1722,35.75182,Government of Tanzania - Civilians,0.0
TZA,Kagera region,2,1,10,-2.512222,30.655833,CNDD - Palipehutu-FNL,0.7692307692307693
TZA,Kagera region,5,1,3,-1.91667,31.25,FDLR-FOCA - Civilians,0.23076923076923078
TZA,Kigoma region,4,4,6,-4.12234775,30.37469275,Government of Burundi - Civilians; Government of Tanzania - Civilians,1.0
TZA,Lindi region,4,1,0,-10.020078,38.406322,Government of Tanzania - Civilians,0.0
TZA,Mara region,4,12,21,-1.452947,34.51381841666667,Government of Tanzania - Civilians,1.0
TZA,Mbeya region,4,4,5,-9.01367525,33.3369445,Government of Tanzania - Civilians,1.0
TZA,Morogoro region,4,1,1,-6.82102,37.66122,Government of Tanzania - Civilians,1.0
TZA,Mtwara region,1,6,36,-10.851445,39.55901016666667,Tanzania: Islamic State,0.6545454545454545
TZA,Mtwara region,4,1,1,-10.26667,40.1833,Government of Tanzania - Civilians,0.01818181818181818
TZA,Mtwara region,5,5,18,-10.797385199999999,39.8507568,IS - Civilians,0.32727272727272727
TZA,Mwanza region,4,8,194,-2.554315,32.9617255,Government of Tanzania - Civilians,1.0
TZA,Pemba North region,4,7,32,-5.025405,39.77335171428571,Government of Tanzania - Civilians,1.0
TZA,Pemba South region,4,2,6,-5.240897,39.794574499999996,Government of Tanzania - Civilians,1.0
TZA,Shinyanga region,4,1,1,-3.66393,33.42118,Government of Tanzania - Civilians,1.0
TZA,Songwe region,4,3,5,-9.31,32.771,Government of Tanzania - Civilians,1.0
TZA,Tabora region,4,1,0,-5.133333,32.533333,Government of Tanzania - Civilians,0.0
TZA,Zanzibar North region,4,2,2,-5.72651,39.2987,Government of Tanzania - Civilians,1.0
TZA,Zanzibar Urban West region,4,3,3,-6.16394,39.19793,Government of Tanzania - Civilians,1.0
TZA,Zanzibar Urban/West region,4,2,7,-6.166667,39.183333,Government of Tanzania - Civilians,1.0
UGA,Adjumani district,1,11,64,3.1945635454545456,31.73755990909091,Uganda: Government,0.810126582278481
UGA,Adjumani district,5,5,15,3.2530279999999996,31.723178,LRA - Civilians,0.189873417721519
UGA,Amuria district,5,1,1,2.1999,33.598,LRA - Civilians,1.0
UGA,Amuru district,1,5,15,2.803736,31.944957999999996,Uganda: Government,0.6818181818181818
UGA,Amuru district,5,1,7,3.0,32.0,LRA - Civilians,0.3181818181818182
UGA,Apac district,1,14,93,2.253902357142857,32.549952,Uganda: Government,0.45588235294117646
UGA,Apac district,5,20,111,2.3197562,32.5905143,LRA - Civilians,0.5441176470588235
UGA,Arua district,1,17,239,3.320361588235294,31.055133411764707,Sudan: Government; Uganda: Government,0.956
UGA,Arua district,5,1,11,3.411389,30.986667,WNBF - Civilians,0.044
UGA,Buikwe district,1,1,2,0.442099,33.172011,Uganda: Islamic State,1.0
UGA,Bukwa district,2,1,13,1.27115,34.66778,Pokot - Sabiny,0.9285714285714286
UGA,Bukwa district,4,1,1,1.260811,34.618048,Government of Uganda - Civilians,0.07142857142857142
UGA,Bundibugyo district,1,50,521,0.781561,30.14937478,Uganda: Government,0.7040540540540541
UGA,Bundibugyo district,2,3,30,0.8502436666666666,30.12440433333333,Bakonzo - Bamba; Hema - Lendu,0.04054054054054054
UGA,Bundibugyo district,4,1,7,0.64983,30.08316,Government of Uganda - Civilians,0.00945945945945946
UGA,Bundibugyo district,5,36,182,0.7694824722222222,30.104290583333334,ADF - Civilians,0.24594594594594596
UGA,Bushenyi district,1,5,11,-0.3925556,29.991889000000004,Uganda: Government,1.0
UGA,Gulu district,1,293,2190,2.8452508464163824,32.196378204778156,Uganda: Government,0.6456367924528302
UGA,Gulu district,4,20,39,2.79708895,32.179219,Government of Uganda - Civilians,0.011497641509433961
UGA,Gulu district,5,146,1163,2.808653664383562,32.21651149315068,LRA - Civilians,0.3428655660377358
UGA,Hoima district,1,5,15,1.3108102,31.025014199999998,Uganda: Government,0.45454545454545453
UGA,Hoima district,5,5,18,1.3144954,31.0129174,ADF - Civilians,0.5454545454545454
UGA,Jinja district,5,1,0,0.424444,33.204167,ADF - Civilians,0.0
UGA,Kaabong district,2,7,69,3.609403,34.10059514285714,Dodoth - Jie; Dodoth - Turkana,1.0
UGA,Kabarole district,1,11,36,0.5394724545454546,30.30763281818182,Uganda: Government,0.1267605633802817
UGA,Kabarole district,5,26,248,0.6018108846153847,30.33473796153846,ADF - Civilians,0.8732394366197183
UGA,Kaberamaido district,1,2,22,1.7925,33.3416685,Uganda: Government,0.5641025641025641
UGA,Kaberamaido district,2,1,10,1.9,33.25,Arrow Boys - LRA,0.2564102564102564
UGA,Kaberamaido district,5,2,7,1.75732,33.22576,LRA - Civilians,0.1794871794871795
UGA,Kampala district,1,10,20,0.30740080000000003,32.5708803,Uganda: Islamic State,0.145985401459854
UGA,Kampala district,4,5,23,0.3155968,32.5718848,Government of Uganda - Civilians,0.1678832116788321
UGA,Kampala district,5,13,94,0.315556,32.565556,ADF - Civilians; Al-Shabaab - Civilians,0.6861313868613139
UGA,Kamwenge district,1,3,43,0.49919399999999997,30.45453466666667,Uganda: Government; Uganda: Islamic State,0.8431372549019608
UGA,Kamwenge district,5,2,8,0.24783500000000003,30.364485,IS - Civilians,0.1568627450980392
UGA,Kanungu district,5,1,8,-1.032941,29.67906,ALiR - Civilians,1.0
UGA,Kapchorwa district,2,5,57,1.3620234,34.6515014,Bokora Karimojong - Jie; Bokora Karimojong - Pian Karimojong; Pokot - Sabiny,1.0
UGA,Kasese district,1,38,713,0.11553715789473686,29.903001394736844,Uganda: Government; Uganda: Islamic State,0.8348946135831382
UGA,Kasese district,5,23,141,0.11024369565217393,29.929202043478263,ADF - Civilians; IS - Civilians,0.16510538641686182
UGA,Katakwi district,1,7,62,2.077618,33.735358000000005,Uganda: Government,0.21754385964912282
UGA,Katakwi district,2,2,38,1.9205554999999999,33.7580555,Arrow Boys - LRA; Iteso - Karimojong,0.13333333333333333
UGA,Katakwi district,5,13,185,2.091379538461539,33.65739030769231,LRA - Civilians,0.6491228070175439
UGA,Kayunga district,4,1,1,1.0,32.86667,Government of Uganda - Civilians,1.0
UGA,Kibale district,1,5,19,0.9550713999999999,31.1597826,Uganda: Government,0.5588235294117647
UGA,Kibale district,5,3,15,1.0003166666666667,30.892486666666667,ADF - Civilians,0.4411764705882353
UGA,Kiboga district,1,1,3,0.8024,31.9103,Uganda: Islamic State,1.0
UGA,Kiboga district,5,1,0,1.0,31.75,ADF - Civilians,0.0
UGA,Kisoro district,1,1,7,-1.206624,29.681132,DR Congo (Zaire): Government,0.4666666666666667
UGA,Kisoro district,5,2,8,-1.2769445,29.6575,ALiR - Civilians,0.5333333333333333
UGA,Kitgum district,1,175,1441,3.37163296,32.89505776,Uganda: Government,0.5860105734038227
UGA,Kitgum district,4,3,43,3.141887666666667,32.802149,Government of Uganda - Civilians,0.017486783245221633
UGA,Kitgum district,5,61,975,3.256766868852459,32.940607754098366,LRA - Civilians; SPLM/A - Civilians,0.3965026433509557
UGA,Kotido district,1,1,23,2.701667,33.676111,Uganda: Government,0.03945111492281304
UGA,Kotido district,2,24,552,3.307718625,34.00428241666666,Bokora Karimojong - Jie; Bokora Karimojong - Matheniko Karimojong; Dodoth - Jie,0.9468267581475128
UGA,Kotido district,4,2,5,3.166665,34.0,Government of Uganda - Civilians,0.008576329331046312
UGA,Kotido district,5,1,3,2.66667,33.75,LRA - Civilians,0.005145797598627788
UGA,Kumi district,1,7,405,1.4532165714285714,33.95027771428572,Uganda: Government,0.9642857142857143
UGA,Kumi district,5,3,15,1.4264826666666668,33.85148133333333,UPA - Civilians,0.03571428571428571
UGA,Kyenjojo district,1,4,11,0.501665,30.989375,Uganda: Government,1.0
UGA,Lira district,1,33,317,2.3555014848484848,33.1727096969697,Uganda: Government,0.28328865058087577
UGA,Lira district,2,2,3,2.3823815,33.995102,Matheniko Karimojong - Pokot; Pokot - Turkana,0.002680965147453083
UGA,Lira district,5,45,799,2.3172696444444445,33.14622337777778,LRA - Civilians,0.7140303842716711
UGA,Masindi district,1,3,100,2.2264816666666665,32.10370366666667,Uganda: Government,0.6993006993006993
UGA,Masindi district,4,1,1,1.674444,31.715,Government of Uganda - Civilians,0.006993006993006993
UGA,Masindi district,5,3,42,2.122222333333333,32.111111,FDLR-FOCA - Civilians; LRA - Civilians,0.2937062937062937
UGA,Mbale district,1,2,48,1.064444,34.179444,Uganda: Government,1.0
UGA,Mbarara district,1,1,3,-0.153889,30.531944,Uganda: Government,1.0
UGA,Mityana district,1,1,1,0.404839,32.022012,Uganda: Islamic State,0.5
UGA,Mityana district,4,1,1,0.399545,32.039474,Government of Uganda - Civilians,0.5
UGA,Moroto district,1,1,13,2.020556,34.584167,Uganda: Government,0.020833333333333332
UGA,Moroto district,2,29,606,2.3111675862068966,34.36947106896552,"Bokora Karimojong - Jie; Bokora Karimojong - Jie, Matheniko Karimojong; Bokora Karimojong - Jie, Matheniko Karimojong, Turkana",0.9711538461538461
UGA,Moroto district,4,2,4,2.38153,34.16834,Government of Uganda - Civilians,0.00641025641025641
UGA,Moroto district,5,1,1,2.020556,34.584167,UPA - Civilians,0.0016025641025641025
UGA,Moyo district,1,3,9,3.6280559999999995,31.753610999999996,Sudan: Government; Uganda: Government,0.2903225806451613
UGA,Moyo district,5,2,22,3.469585,31.585259999999998,LRA - Civilians; WNBF - Civilians,0.7096774193548387
UGA,Mpigi district,5,1,0,0.23708,32.34845,IS - Civilians,0.0
UGA,Mubende district,1,2,4,0.5166664999999999,31.4666685,Uganda: Government,1.0
UGA,Mubende district,5,1,0,0.589167,31.36,LRA - Civilians,0.0
UGA,Nakapiripirit district,2,9,75,1.8712794444444445,34.662175,Bokora Karimojong - Pian Karimojong; Matheniko Karimojong - Pokot; Pian Karimojong - Pokot,0.974025974025974
UGA,Nakapiripirit district,4,1,2,1.83333,34.91667,Government of Uganda - Civilians,0.025974025974025976
UGA,Nebbi district,1,5,17,2.471228,31.03289,Uganda: Government,0.5666666666666667
UGA,Nebbi district,2,1,12,2.49199,30.8079,Alur - Lendu,0.4
UGA,Nebbi district,4,1,1,2.285278,31.345278,Government of DR Congo (Zaire) - Civilians,0.03333333333333333
UGA,Ntoroko district,1,3,21,0.9734996666666667,30.318138,Uganda: Islamic State,1.0
UGA,Pader district,1,174,1016,2.8809205689655175,33.04175757471264,Uganda: Government,0.7257142857142858
UGA,Pader district,5,40,384,2.86729605,33.10376814999999,LRA - Civilians,0.2742857142857143
UGA,Rukungiri district,4,1,0,-0.841111,29.941944,Government of Uganda - Civilians,0.0
UGA,Rukungiri district,5,1,2,-0.765833,29.653333,ALiR - Civilians,1.0
UGA,Soroti district,1,13,490,1.7552806153846154,33.50843953846154,Uganda: Government,0.7596899224806202
UGA,Soroti district,2,2,45,1.8160855,33.549012000000005,Arrow Boys - LRA,0.06976744186046512
UGA,Soroti district,4,3,47,1.6758600000000001,33.492853333333336,Government of Uganda - Civilians,0.07286821705426356
UGA,Soroti district,5,15,63,1.7300210666666667,33.558355999999996,LRA - Civilians; UPA - Civilians,0.09767441860465116
UGA,Tororo district,1,2,8,0.602222,34.0795815,Uganda: Government,0.38095238095238093
UGA,Tororo district,4,1,12,1.16667,33.83333,Government of Uganda - Civilians,0.5714285714285714
UGA,Tororo district,5,1,1,1.16667,33.83333,UPA - Civilians,0.047619047619047616
UGA,Wakiso district,1,3,4,0.2946303333333333,32.62390366666667,Uganda: Government; Uganda: Islamic State,0.8
UGA,Wakiso district,4,1,1,0.16667,32.5,Government of Uganda - Civilians,0.2
UGA,Yumbe district,1,1,0,3.46667,31.25,South Sudan: Government,0.0
UKR,Autonomous Republic of Crimea,1,40,280,45.186433449999996,33.850496199999995,Russia - Ukraine,1.0
UKR,Cherkasy oblast,1,19,54,49.227680368421055,31.595659210526318,Russia - Ukraine,1.0
UKR,Chernihiv oblast,1,284,1019,51.53019957746479,31.84281251056338,Russia - Ukraine,0.954119850187266
UKR,Chernihiv oblast,4,22,49,51.038292590909094,31.666698636363638,Government of Russia (Soviet Union) - Civilians,0.04588014981273408
UKR,Chernivtsi oblast,1,1,5,48.29045,25.93241,Russia - Ukraine,1.0
UKR,Dnipropetrovsk oblast,1,754,1516,48.11645298143235,35.327645571618035,Russia - Ukraine; Ukraine: Donetsk; Ukraine: Novorossiya,1.0
UKR,Donetsk oblast,1,20256,136762,48.25374377187006,37.69588471030806,Russia - Ukraine; Ukraine: Donetsk; Ukraine: Novorossiya,0.9972000641651962
UKR,Donetsk oblast,4,26,384,48.66988319230769,37.697703269230765,Government of Russia (Soviet Union) - Civilians,0.002799935834803786
UKR,Ivano-Frankivsk oblast,1,8,8,48.8984505,24.67511225,Russia - Ukraine,1.0
UKR,Kharkiv oblast,1,4223,11641,49.80629344423396,37.11486419085958,Russia - Ukraine,0.992497229090289
UKR,Kharkiv oblast,4,28,88,49.63284657142857,37.088229392857144,Government of Russia (Soviet Union) - Civilians,0.007502770909710973
UKR,Kherson oblast,1,3432,7438,46.71829463403264,32.87634354108391,Russia - Ukraine,0.942234608563466
UKR,Kherson oblast,4,32,456,46.699866156249996,32.93154840625,Government of Russia (Soviet Union) - Civilians,0.05776539143653408
UKR,Khmelnytskyi oblast,1,15,23,49.56976626666666,27.026167133333335,Russia - Ukraine,1.0
UKR,Kiev Special Republican city,1,6,88,50.45000000000001,30.52333,Ukraine: Government,1.0
UKR,Kirovohrad oblast,1,15,46,48.585567133333335,32.51226666666667,Russia - Ukraine,1.0
UKR,Kyiv Special Republican city,1,82,703,50.45106726829268,30.521268000000003,Russia - Ukraine,0.9929378531073446
UKR,Kyiv Special Republican city,4,3,5,50.45000000000001,30.52333,Government of Russia (Soviet Union) - Civilians,0.007062146892655367
UKR,Kyiv oblast,1,179,1519,50.45543474301676,30.29571541340782,Russia - Ukraine,0.7667844522968198
UKR,Kyiv oblast,4,100,462,50.571101559999995,30.19917019,Government of Russia (Soviet Union) - Civilians,0.2332155477031802
UKR,Luhansk oblast,1,3634,16309,48.94463798266373,38.511842782883875,Russia - Ukraine; Ukraine: Donetsk; Ukraine: Lugansk,0.9995709732777641
UKR,Luhansk oblast,4,3,7,49.041997,38.210206,Government of Russia (Soviet Union) - Civilians,0.00042902672223584214
UKR,Lviv oblast,1,22,190,49.81909922727273,23.945102545454542,Russia - Ukraine,1.0
UKR,Mykolayiv oblast,1,281,1029,46.973098099644126,32.11824333807829,Russia - Ukraine,0.997093023255814
UKR,Mykolayiv oblast,4,2,3,47.2625495,32.294716,Government of Russia (Soviet Union) - Civilians,0.0029069767441860465
UKR,Odessa oblast,1,116,303,46.291805284482756,30.500915810344825,Russia - Ukraine,0.8706896551724138
UKR,Odessa oblast,2,1,45,46.466667,30.733333,Supporters of independence for Eastern Ukraine - Supporters of Ukrainian unity,0.12931034482758622
UKR,Poltava oblast,1,31,133,49.636777838709676,34.11494177419355,Russia - Ukraine,1.0
UKR,Rivne oblast,1,15,37,50.87723353333333,26.469226066666668,Russia - Ukraine,1.0
UKR,Sevastopol City State Administration,1,11,69,44.630289090909095,33.54836472727273,Russia - Ukraine,1.0
UKR,Sumy oblast,1,834,2252,51.04507946282974,34.50781490167866,Russia - Ukraine,0.9925077126487439
UKR,Sumy oblast,4,14,17,50.82216842857143,34.2544665,Government of Russia (Soviet Union) - Civilians,0.00749228735125606
UKR,Ternopil oblast,1,8,45,49.487493,25.679316,Russia - Ukraine,1.0
UKR,Vinnytsya oblast,1,9,51,49.11410522222222,28.529179777777774,Russia - Ukraine,1.0
UKR,Volyn oblast,1,14,20,50.94036542857143,24.883585500000002,Russia - Ukraine,1.0
UKR,Zakarpattia oblast,1,2,3,48.4332615,22.9628325,Russia - Ukraine,1.0
UKR,Zaporizhzhya oblast,1,3190,7295,47.58243713667712,35.75125113260188,Russia - Ukraine,0.9982211275314724
UKR,Zaporizhzhya oblast,4,6,13,47.13552816666667,36.207823999999995,Government of Russia (Soviet Union) - Civilians,0.0017788724685276409
UKR,Zhytomyr oblast,1,43,98,50.65682455813954,28.716702488372093,Russia - Ukraine,1.0
USA,Alabama state,5,1,1,34.584917,-86.457749,Sinaloa Cartel - Civilians,1.0
USA,California state,2,1,1,32.716153,-117.161047,Jalisco Cartel New Generation - Sinaloa Cartel,0.06666666666666667
USA,California state,5,2,14,33.967645000000005,-117.60725,IS - Civilians; MS-13 - Civilians,0.9333333333333333
USA,Florida state,2,2,5,27.619020499999998,-81.2167295,AQAP - Forces of the Presidential Leadership Council; M18 - MS-13,0.8333333333333334
USA,Florida state,5,2,1,26.4119445,-80.29041649999999,MS-13 - Civilians,0.16666666666666666
USA,Maryland state,5,1,1,39.14344,-77.20137,MS-13 - Civilians,1.0
USA,New York state,2,3,3,40.73328766666666,-73.61363766666666,M18 - MS-13,0.001083815028901734
USA,New York state,5,6,2765,40.736745,-73.65833199999999,IS - Civilians; M18 - Civilians; MS-13 - Civilians,0.9989161849710982
USA,Pennsylvania state,1,1,44,40.054457,-78.90116,United States of America: Government,1.0
USA,Tennessee state,2,6,7,36.163518333333336,-86.77537000000001,M18 - MS-13,0.6363636363636364
USA,Tennessee state,5,4,4,36.162222,-86.774444,MS-13 - Civilians,0.36363636363636365
USA,Texas state,2,1,2,31.25044,-99.25061,Gulf Cartel - Los Zetas,0.6666666666666666
USA,Texas state,5,1,1,29.783217,-95.369716,MS-13 - Civilians,0.3333333333333333
USA,Virginia state,1,1,189,38.877129,-77.101913,United States of America: Government,0.9947368421052631
USA,Virginia state,5,1,1,37.404624,-79.178849,MS-13 - Civilians,0.005263157894736842
UZB,Andijon viloyati,1,3,17,40.787669333333334,72.560743,Uzbekistan: Government,1.0
UZB,Buxoro viloyati,1,1,9,39.53542,64.39921,Uzbekistan: Government,1.0
UZB,Sirdaryo viloyati,1,1,13,40.275,68.8225,Uzbekistan: Government,1.0
UZB,Surxondaryo viloyati,1,11,267,38.50639327272727,67.74591718181819,Uzbekistan: Government,1.0
UZB,Toshkent shahari,1,11,55,41.316667,69.25,Uzbekistan: Government,1.0
UZB,Toshkent viloyati,1,5,39,41.558889199999996,70.0215556,Uzbekistan: Government,1.0
VEN,Amazonas state,4,3,6,4.687446666666667,-66.69251333333334,Government of Venezuela - Civilians,1.0
VEN,Anzoátegui state,4,113,84,9.851889654867257,-64.61148050442478,Government of Venezuela - Civilians,1.0
VEN,Apure state,2,5,9,7.011279999999999,-70.242106,FARC-EMC - ELN,0.21951219512195122
VEN,Apure state,4,5,8,7.5054864,-69.3457492,Government of Venezuela - Civilians,0.1951219512195122
VEN,Apure state,5,8,24,7.157932875,-69.288849,AUC - Civilians; ELN - Civilians; FARC - Civilians,0.5853658536585366
VEN,Aragua state,1,1,0,10.21844,-67.33017,Colombia: Government,0.0
VEN,Aragua state,4,97,77,10.141839195876289,-67.38950057731958,Government of Venezuela - Civilians,1.0
VEN,Barinas state,4,8,6,8.559871874999999,-70.190585125,Government of Venezuela - Civilians,1.0
VEN,Bolívar state,2,2,30,6.715023,-61.637734,El Dorado long-term inmates - Former Sabaneta inmates,0.2857142857142857
VEN,Bolívar state,4,94,68,7.915415563829787,-62.96860610638298,Government of Venezuela - Civilians,0.6476190476190476
VEN,Bolívar state,5,1,7,7.24809,-61.53151,ELN - Civilians,0.06666666666666667
VEN,Carabobo state,4,85,63,10.196410352941177,-68.00315049411765,Government of Venezuela - Civilians,1.0
VEN,Cojedes state,4,2,3,9.66124,-68.58268,Government of Venezuela - Civilians,1.0
VEN,Delta Amacuro state,4,1,0,9.25,-61.75,Government of Venezuela - Civilians,0.0
VEN,Distrito Capital state,4,8,7,10.452658750000001,-66.828068375,Government of Venezuela - Civilians,1.0
VEN,Distrito Federal,1,4,144,10.488011,-66.879193,Venezuela: Government,0.4022346368715084
VEN,Distrito Federal,4,226,214,10.490768920353982,-66.8823839380531,Government of Venezuela - Civilians,0.5977653631284916
VEN,Falcón state,4,9,7,11.333076555555557,-69.652663,Government of Venezuela - Civilians,1.0
VEN,Guárico state,4,7,2,9.136036428571428,-66.47170657142857,Government of Venezuela - Civilians,1.0
VEN,Lara state,4,73,68,10.060056671232877,-69.43516608219178,Government of Venezuela - Civilians,1.0
VEN,Miranda state,2,1,25,10.177867,-66.746621,Yare I - The Towers sector gang  - Yare I - The Workshop sector gang,0.1592356687898089
VEN,Miranda state,4,172,132,10.310295313953487,-66.7339819883721,Government of Venezuela - Civilians,0.8407643312101911
VEN,Monagas state,4,15,9,9.595200933333333,-63.071866533333335,Government of Venezuela - Civilians,1.0
VEN,Mérida state,4,11,12,8.55490490909091,-71.37135672727273,Government of Venezuela - Civilians,1.0
VEN,Nueva Esparta state,4,8,3,10.980564750000001,-64.00322,Government of Venezuela - Civilians,1.0
VEN,Portuguesa state,4,8,1,9.45692475,-69.26414762499999,Government of Venezuela - Civilians,1.0
VEN,Sucre state,4,27,29,10.475543518518519,-63.74247911111111,Government of Venezuela - Civilians,1.0
VEN,Trujillo state,4,13,17,9.378967692307693,-70.52735053846155,Government of Venezuela - Civilians,1.0
VEN,Táchira state,2,4,14,7.6821157499999995,-72.09008325,AUC - ELN; FARC-EMC - ELN,0.23728813559322035
VEN,Táchira state,4,23,27,7.835168043478261,-72.23312665217391,Government of Venezuela - Civilians,0.4576271186440678
VEN,Táchira state,5,11,18,7.88417390909091,-72.30605936363636,AUC - Civilians; EGC - Civilians; ELN - Civilians,0.3050847457627119
VEN,Vargas state,4,24,16,10.593638083333333,-66.94218358333333,Government of Venezuela - Civilians,1.0
VEN,Yaracuy state,4,6,8,10.219986666666667,-68.87168333333334,Government of Venezuela - Civilians,1.0
VEN,Zulia state,2,1,127,10.63167,-71.64056,Sabaneta - Pavilion I gang - Sabaneta - Re-education sector gang,0.5906976744186047
VEN,Zulia state,4,123,88,10.47367,-71.6813717398374,Government of Venezuela - Civilians,0.40930232558139534
YEM,Abyan governorate,1,399,3767,13.424951734335838,45.66667470175439,Yemen (North Yemen): Government; Yemen (North Yemen): South Yemen,0.742705047318612
YEM,Abyan governorate,2,252,1303,13.727455626984128,46.1123501468254,AQAP - Forces of the Presidential Leadership Council; AQAP - Free Yemeni Army; AQAP - STC,0.2569006309148265
YEM,Abyan governorate,4,1,2,13.088611,45.364722,Government of Yemen (North Yemen) - Civilians,0.0003943217665615142
YEM,Aden governorate,1,122,1573,12.78490637704918,45.031010524590165,Yemen (North Yemen): Government,0.6978704525288376
YEM,Aden governorate,2,61,650,12.78389018032787,45.03405308196721,AQAP - Forces of the Presidential Leadership Council; Forces of the Presidential Leadership Council - STC; IS - Forces of the Presidential Leadership Council,0.2883762200532387
YEM,Aden governorate,4,16,29,12.8068830625,45.0171924375,Government of Yemen (North Yemen) - Civilians,0.012866015971606033
YEM,Aden governorate,5,2,2,12.779444,45.036667,IS - Civilians,0.0008873114463176575
YEM,Amran governorate,1,35,599,16.201706771428572,43.93160088571429,Yemen (North Yemen): Government,0.9787581699346405
YEM,Amran governorate,4,6,13,16.39318283333333,43.88434483333333,Government of Yemen (North Yemen) - Civilians,0.021241830065359478
YEM,Amānat al ‘Āşimah governorate,1,224,2471,15.35863436607143,44.20673445535714,"Iran - Israel; Israel - Yemen; United Kingdom, United States of America - Yemen",0.9151851851851852
YEM,Amānat al ‘Āşimah governorate,2,3,55,15.354722,44.206667,Ansarallah - AQAP,0.020370370370370372
YEM,Amānat al ‘Āşimah governorate,4,24,170,15.357576583333334,44.20752525,Government of Yemen (North Yemen) - Civilians,0.06296296296296296
YEM,Amānat al ‘Āşimah governorate,5,1,4,15.354722,44.206667,IS - Civilians,0.0014814814814814814
YEM,Bayda governorate,1,283,2204,14.307962505300354,45.30357414134276,"United Kingdom, United States of America - Yemen; Yemen (North Yemen): Government; Yemen (North Yemen): Islamic State",0.7391012743125419
YEM,Bayda governorate,2,103,747,14.434825786407766,45.080976368932035,AQAP - Forces of the Presidential Leadership Council; AQAP - IS; Ansarallah - AQAP,0.2505030181086519
YEM,Bayda governorate,4,14,30,14.317882785714286,45.050407285714286,Government of Yemen (North Yemen) - Civilians,0.01006036217303823
YEM,Bayda governorate,5,1,1,14.339995,44.908741,IS - Civilians,0.00033534540576794097
YEM,Dali governorate,1,189,1969,13.903024793650795,44.679051804232806,Yemen (North Yemen): Government; Yemen (North Yemen): Islamic State; Yemen (North Yemen): South Yemen,0.9919395465994962
YEM,Dali governorate,2,5,16,13.8048904,44.7420514,AQAP - Forces of the Presidential Leadership Council; Forces of the Presidential Leadership Council - STC,0.008060453400503778
YEM,Dhamār governorate,1,15,278,14.593905066666668,44.2857054,"United Kingdom, United States of America - Yemen; Yemen (North Yemen): Government",0.9686411149825784
YEM,Dhamār governorate,2,2,5,14.6128535,44.339040999999995,AQAP - IS; Ansarallah - AQAP,0.017421602787456445
YEM,Dhamār governorate,4,4,4,14.4132405,44.1697885,Government of Yemen (North Yemen) - Civilians,0.013937282229965157
YEM,Hudaydah governorate,1,637,5460,14.490463791208793,43.14878632810047,"Israel - Yemen; Israel: Palestine; United Kingdom, United States of America - Yemen",0.9963503649635036
YEM,Hudaydah governorate,2,1,13,14.797812,42.954516,Ansarallah - AQAP,0.0023722627737226276
YEM,Hudaydah governorate,4,6,7,14.414100499999998,43.117963833333334,Government of Eritrea - Civilians; Government of Yemen (North Yemen) - Civilians,0.0012773722627737226
YEM,Ibb governorate,1,43,209,14.03980353488372,44.23911960465116,"United Kingdom, United States of America - Yemen; Yemen (North Yemen): Government; Yemen (North Yemen): Islamic State",0.7385159010600707
YEM,Ibb governorate,2,3,67,14.028053333333332,44.30631066666666,Ansarallah - AQAP; Ansarallah - Islah; IS - Forces of the Presidential Leadership Council,0.23674911660777384
YEM,Ibb governorate,4,10,7,13.996118200000002,44.2063225,Government of Yemen (North Yemen) - Civilians,0.024734982332155476
YEM,Laḩij governorate,1,147,1222,13.323182448979592,44.667562768707484,Yemen (North Yemen): Government; Yemen (North Yemen): South Yemen,0.9058561897702001
YEM,Laḩij governorate,2,17,118,13.189777235294118,44.73483547058824,AQAP - Forces of the Presidential Leadership Council; Forces of the Presidential Leadership Council - STC; IS - Forces of the Presidential Leadership Council,0.08747220163083766
YEM,Laḩij governorate,4,5,9,13.420686,44.650461,Government of Yemen (North Yemen) - Civilians,0.006671608598962194
YEM,Marib governorate,1,621,25095,15.351976476650563,45.22454796457327,"United Kingdom, United States of America - Yemen; Yemen (North Yemen): Government",0.9930747922437673
YEM,Marib governorate,2,51,167,15.443881392156863,45.32519856862745,AQAP - Forces of the Presidential Leadership Council; Ansarallah - AQAP; IS - Forces of the Presidential Leadership Council,0.006608626830233479
YEM,Marib governorate,4,2,8,15.9087085,46.26375,Government of Yemen (North Yemen) - Civilians,0.0003165809259992085
YEM,Raymah governorate,1,3,8,14.733680999999999,43.61067566666666,"United Kingdom, United States of America - Yemen; Yemen (North Yemen): Government",1.0
YEM,Shabwah governorate,1,190,2237,14.710772036842105,46.60707692631579,Yemen (North Yemen): Government; Yemen (North Yemen): South Yemen,0.8390847711927982
YEM,Shabwah governorate,2,110,429,14.612737854545456,46.78570702727273,AQAP - Forces of the Presidential Leadership Council; AQAP - STC; Forces of the Presidential Leadership Council - STC,0.1609152288072018
YEM,Socotra governorate,2,1,2,12.65008,54.022336,Forces of the Presidential Leadership Council - STC,1.0
YEM,Ta'izz governorate,1,27,95,13.569889814814815,43.992163222222224,Yemen (North Yemen): Government; Yemen (North Yemen): South Yemen,0.4567307692307692
YEM,Ta'izz governorate,4,25,113,13.564263600000002,44.01703352,Government of Yemen (North Yemen) - Civilians,0.5432692307692307
YEM,Taiz governorate,1,634,5005,13.50400243690852,43.92194452523659,"United Kingdom, United States of America - Yemen; Yemen (North Yemen): Government; Yemen (North Yemen): Islamic State",0.9860126083530338
YEM,Taiz governorate,2,13,41,13.532931307692309,44.01569069230769,AQAP - Forces of the Presidential Leadership Council; Abu al-Abbas Brigades - Forces of the Presidential Leadership Council; IS - Forces of the Presidential Leadership Council,0.008077226162332545
YEM,Taiz governorate,4,16,30,13.5906795625,44.062233125,Government of Yemen (North Yemen) - Civilians,0.00591016548463357
YEM,al-Bayḑā’ governorate,1,46,237,14.327287739130435,45.08246256521739,Yemen (North Yemen): Government; Yemen (North Yemen): South Yemen,0.8745387453874539
YEM,al-Bayḑā’ governorate,2,4,30,14.45626325,44.8153715,AQAP - Popular Committee - Rada'a,0.11070110701107011
YEM,al-Bayḑā’ governorate,4,2,4,14.163443000000001,45.4835695,Government of Yemen (North Yemen) - Civilians,0.014760147601476014
YEM,al-Jawf governorate,1,219,1899,16.4394103652968,45.16258883105022,"Israel - Yemen; United Kingdom, United States of America - Yemen; Yemen (North Yemen): Government",0.8504254366323332
YEM,al-Jawf governorate,2,15,306,16.4870422,45.254938333333335,AQAP - Forces of the Presidential Leadership Council; Al-Maraziq - Al-Saida; Ansarallah - AQAP,0.13703537841468877
YEM,al-Jawf governorate,4,20,28,16.429534999999998,44.9193777,Government of Yemen (North Yemen) - Civilians,0.012539184952978056
YEM,al-Mahrah governorate,2,1,3,16.211462,52.186928,AQAP - Forces of the Presidential Leadership Council,1.0
YEM,al-Maḩwīt governorate,1,5,21,15.4423532,43.646066000000005,Yemen (North Yemen): Government,1.0
YEM,al-Ḩudaydah governorate,4,3,3,14.974710333333334,42.972384,Government of Yemen (North Yemen) - Civilians,1.0
YEM,aḑ-Ḑāli‘ governorate,1,3,7,13.846935,44.75597,Yemen (North Yemen): Government,1.0
YEM,Şan‘ā’ governorate,1,148,1792,15.629988871621624,44.43968358108108,"Israel - Yemen; United Kingdom, United States of America - Yemen; Yemen (North Yemen): Government",0.9977728285077951
YEM,Şan‘ā’ governorate,4,5,4,15.492996,44.319624,Government of Yemen (North Yemen) - Civilians,0.0022271714922048997
YEM,Şa‘dah governorate,1,715,3855,17.064283524475524,43.460711286713284,"United Kingdom, United States of America - Yemen; Yemen (North Yemen): Government; Yemen (North Yemen): Islamic State",0.8977643223102003
YEM,Şa‘dah governorate,2,44,381,16.933568295454545,43.85921475,Ansarallah - AQAP; Ansarallah - Dar al-Hadith,0.08872845831392641
YEM,Şa‘dah governorate,4,5,58,16.9569464,43.613815599999995,Government of Yemen (North Yemen) - Civilians,0.01350721937587331
YEM,Ḩajjah governorate,1,194,2754,16.25057998969072,43.11426215463918,"United Kingdom, United States of America - Yemen; Yemen (North Yemen): Government",0.8193989883963106
YEM,Ḩajjah governorate,2,19,602,16.161036947368423,43.36939836842105,Ansarallah - Dar al-Hadith; Ansarallah - Islah,0.17911335911930973
YEM,Ḩajjah governorate,4,3,5,16.13282,42.863299000000005,Government of Yemen (North Yemen) - Civilians,0.001487652484379649
YEM,Ḩaḑramawt governorate,1,133,610,15.360196969924813,48.89628793233083,United States of America: Government; Yemen (North Yemen): Government; Yemen (North Yemen): South Yemen,0.4468864468864469
YEM,Ḩaḑramawt governorate,2,91,749,15.500355978021979,48.82618543956043,AQAP - Forces of the Presidential Leadership Council; AQAP - STC; Ansarallah - AQAP,0.5487179487179488
YEM,Ḩaḑramawt governorate,4,3,2,14.542481,49.124244,Government of Yemen (North Yemen) - Civilians,0.0014652014652014652
YEM,Ḩaḑramawt governorate,5,1,4,15.5125,48.334444,al-Qaida  - Civilians,0.0029304029304029304
YEM,‘Adan governorate,1,39,423,12.78572241025641,45.0291047948718,Yemen (North Yemen): South Yemen,1.0
YEM,‘Amrān governorate,1,44,658,16.45883009090909,44.054278295454544,Yemen (North Yemen): Government,0.7861409796893668
YEM,‘Amrān governorate,2,9,179,16.24933088888889,43.913809666666666,Ansarallah - Dar al-Hadith; Ansarallah - Islah; Dhu Mohammed - Sufyan,0.21385902031063322
ZAF,Bophuthatswana homeland,4,4,4,-25.6201935,27.474503249999998,Government of South Africa - Civilians,0.5714285714285714
ZAF,Bophuthatswana homeland,5,1,3,-25.86522,25.644213,AWB - Civilians,0.42857142857142855
ZAF,Cape province,2,16,44,-33.920833625,18.426042,Lagunya  - Webta,0.3384615384615385
ZAF,Cape province,4,45,52,-32.20931613333333,23.010692444444445,Government of South Africa - Civilians,0.4
ZAF,Cape province,5,10,34,-33.276300500000005,24.376719700000002,ANC - Civilians; PAC - Civilians,0.26153846153846155
ZAF,Ciskei homeland,4,1,1,-32.175153,26.823476,Government of South Africa - Civilians,0.14285714285714285
ZAF,Ciskei homeland,5,3,6,-32.933245,27.776556,PAC - Civilians,0.8571428571428571
ZAF,Eastern Cape province,4,2,1,-31.5566985,27.5866805,Government of South Africa - Civilians,1.0
ZAF,Free State province,4,1,1,-29.0,26.0,Government of South Africa - Civilians,1.0
ZAF,Gauteng province,2,11,31,-26.357537,27.627173727272726,Supporters of ANC - Supporters of IFP; Supporters of ANC - Supporters of UDM; Supporters of NUM  - Supporters of Uwusa,0.8378378378378378
ZAF,Gauteng province,4,4,4,-26.18959825,28.009373,Government of South Africa - Civilians,0.10810810810810811
ZAF,Gauteng province,5,1,2,-26.202222,28.043611,IS - Civilians,0.05405405405405406
ZAF,Gazankulu homeland,4,2,2,-23.8766965,30.6837855,Government of South Africa - Civilians,1.0
ZAF,KaNgwane homeland,4,1,1,-25.522972,31.356925,Government of South Africa - Civilians,1.0
ZAF,KwaNdebele homeland,4,1,0,-25.113194,29.044538,Government of South Africa - Civilians,0.0
ZAF,KwaZulu homeland,2,596,657,-29.50931284228188,30.88332776174497,Supporters of ANC - Supporters of AZAPO; Supporters of ANC - Supporters of IFP; Supporters of IFP - Supporters of UDF,0.9125
ZAF,KwaZulu homeland,4,40,37,-29.653531725,30.71927575,Government of South Africa - Civilians,0.05138888888888889
ZAF,KwaZulu homeland,5,27,26,-28.710396222222222,31.004308037037035,ANC - Civilians; IFP - Civilians,0.03611111111111111
ZAF,KwaZulu-Natal province,2,105,324,-29.679144552380954,30.54312941904762,Black - Indian; Black Axe - SVC; Supporters of ANC - Supporters of IFP,0.9938650306748467
ZAF,KwaZulu-Natal province,4,4,1,-29.3126515,30.9981585,Government of South Africa - Civilians,0.003067484662576687
ZAF,KwaZulu-Natal province,5,1,1,-29.650631,31.039203,IS - Civilians,0.003067484662576687
ZAF,Lebowa homeland,4,1,1,-24.43944,29.94556,Government of South Africa - Civilians,0.5
ZAF,Lebowa homeland,5,1,1,-24.583333,30.166667,ANC - Civilians,0.5
ZAF,Mpumalanga province,4,2,2,-26.4404115,29.8604675,Government of South Africa - Civilians,1.0
ZAF,Natal province,2,1007,1705,-29.731188609731877,30.674074485600794,ANC - 'Greens'  - ANC - 'Reds'; Mangweni - Mgodini; Supporters of ANC - Supporters of IFP,0.9378437843784379
ZAF,Natal province,4,49,48,-29.439689714285713,30.70174928571429,Government of South Africa - Civilians,0.026402640264026403
ZAF,Natal province,5,41,65,-29.54995563414634,30.737119146341463,ANC - Civilians; AWB - Civilians; IFP - Civilians,0.035753575357535754
ZAF,North-West province,2,1,0,-26.85,26.783333,Supporters of NUM  - Supporters of Uwusa,0.0
ZAF,Northern Cape province,4,1,1,-28.843264,21.972987,Government of South Africa - Civilians,1.0
ZAF,Northern Province province,2,1,6,-24.95,27.266667,Supporters of NUM  - Supporters of Uwusa,1.0
ZAF,Northern Province province,4,1,0,-23.05,29.9,Government of South Africa - Civilians,0.0
ZAF,Orange Free State province,2,1,1,-30.418267,26.836559,Supporters of ANC - Supporters of IFP,0.0125
ZAF,Orange Free State province,4,52,63,-28.01263426923077,26.952960442307692,Government of South Africa - Civilians,0.7875
ZAF,Orange Free State province,5,8,16,-28.507989375,27.028596125,ANC - Civilians; AWB - Civilians; PAC - Civilians,0.2
ZAF,Pretoria-Witwatersrand-Vereeniging province,2,3,10,-26.338888999999998,28.011111333333332,Supporters of ANC - Supporters of IFP,1.0
ZAF,South West Africa (Namibia),1,57,361,-17.714175228070175,15.858403561403508,South Africa: Namibia,1.0
ZAF,South West Africa (Namibia),4,1,0,-17.783333,15.683333,Government of South Africa - Civilians,0.0
ZAF,Transkei homeland,2,1,1,-30.155118,29.550883,Supporters of ANC - Supporters of IFP,0.07142857142857142
ZAF,Transkei homeland,4,6,11,-31.16656383333333,28.8732935,Government of South Africa - Civilians,0.7857142857142857
ZAF,Transkei homeland,5,1,2,-31.588926,28.784431,PAC - Civilians,0.14285714285714285
ZAF,Transvaal province,2,448,1398,-26.31037416964286,28.02181549107143,Supporters of ANC - Supporters of AZAPO; Supporters of ANC - Supporters of IFP; Supporters of NUM  - Supporters of Uwusa,0.801605504587156
ZAF,Transvaal province,4,169,189,-26.299720674556212,28.09191750887574,Government of South Africa - Civilians,0.10837155963302753
ZAF,Transvaal province,5,74,157,-26.26013406756757,28.289029986486486,ANC - Civilians; AWB - Civilians; IFP - Civilians,0.09002293577981652
ZAF,Venda homeland,4,1,0,-22.945642,30.484972,Government of South Africa - Civilians,0.0
ZAF,Venda homeland,5,1,1,-23.1135,30.40644,ANC - Civilians,1.0
ZAF,Western Cape province,2,88,287,-33.923858477272724,18.54167569318182,CATA  - Codeta; Supporters of ANC - Supporters of UDM,0.9930795847750865
ZAF,Western Cape province,4,3,2,-33.87288066666667,18.515792,Government of South Africa - Civilians,0.006920415224913495
ZMB,Eastern province,5,33,123,-13.448079787878788,31.659868333333332,Renamo - Civilians,1.0
ZMB,Lusaka province,5,1,1,-15.416667,28.283333,ANC - Civilians,1.0
ZMB,Northwestern province,4,1,1,-12.0,24.583333,Government of DR Congo (Zaire) - Civilians,0.5
ZMB,Northwestern province,5,1,1,-13.08333,22.13333,UNITA - Civilians,0.5
ZMB,Western province,4,2,7,-16.323491,22.105782,Government of Angola - Civilians,1.0
ZWE,Bulawayo province,4,3,4,-20.15,28.583333,Government of Zimbabwe (Rhodesia) - Civilians,1.0
ZWE,Harare province,4,18,21,-17.835943944444445,31.065564000000002,Government of Zimbabwe (Rhodesia) - Civilians,1.0
ZWE,Manica province,1,1,4,-20.820104,32.21004,Mozambique: Government,0.15384615384615385
ZWE,Manica province,5,3,22,-19.666666666666668,32.611111,Renamo - Civilians,0.8461538461538461
ZWE,Manicaland province,4,10,222,-19.0734156,32.1977203,Government of Zimbabwe (Rhodesia) - Civilians,1.0
ZWE,Mashonaland Central province,4,9,9,-17.05264888888889,31.28467377777778,Government of Zimbabwe (Rhodesia) - Civilians,0.4090909090909091
ZWE,Mashonaland Central province,5,2,13,-16.783333,31.583333,Renamo - Civilians,0.5909090909090909
ZWE,Mashonaland East province,4,5,3,-17.284329800000002,32.192044800000005,Government of Zimbabwe (Rhodesia) - Civilians,1.0
ZWE,Mashonaland West province,4,3,3,-17.197135666666668,29.92940366666667,Government of Zimbabwe (Rhodesia) - Civilians,1.0
ZWE,Masvingo province,4,3,7,-20.898386666666667,31.056758000000002,Government of Zimbabwe (Rhodesia) - Civilians,1.0
ZWE,Matabeleland North province,4,1,2,-17.93285,25.83066,Government of Zimbabwe (Rhodesia) - Civilians,1.0
ZWE,Midlands province,4,5,4,-18.9485704,29.5739584,Government of Zimbabwe (Rhodesia) - Civilians,1.0
