iso3,country,code_id,code_label,status,domestic_share,origin_share,event_count,displaced,idps_total,refugees_hosted,rationale,local_examples
AB9,AB9,1,Armed conflict or war,LOW_SALIENCE,0.0,0.0,0,0,0.0,0.0,Sources cover this country and show little or no displacement from this cause - candidate for de-emphasis in enumerator support material only,
AB9,AB9,2,Widespread violence / breakdown of public order,RECOMMENDED,1.0,0.0,0,2463,0.0,0.0,"100% of internal displacement in-country (2,463 people, IDMC 2025)","other situations of violence (2,463 displaced)"
AB9,AB9,3,Discrimination or persecution,UNEVIDENCED,0.0,0.0,0,0,0.0,0.0,"No supporting evidence found, but global data is structurally blind to this cause - retain and test in cognitive interviews",
AB9,AB9,4,Human rights violations by authorities,UNEVIDENCED,0.0,0.0,0,0,0.0,0.0,"No supporting evidence found, but global data is structurally blind to this cause - retain and test in cognitive interviews",
AB9,AB9,5,Other threats of violence,RESIDUAL,0.0,0.0,0,0,0.0,0.0,Residual code - retained on every showcard by design,
AB9,AB9,6,Natural disasters,LOW_SALIENCE,0.0,0.0,0,0,0.0,0.0,Sources cover this country and show little or no displacement from this cause - candidate for de-emphasis in enumerator support material only,
AB9,AB9,7,"Man-made events (eviction, pollution)",UNEVIDENCED,0.0,0.0,0,0,0.0,0.0,"No supporting evidence found, but global data is structurally blind to this cause - retain and test in cognitive interviews",
AB9,AB9,8,A different threat,RESIDUAL,0.0,0.0,0,0,0.0,0.0,Residual code - retained on every showcard by design,
AFG,Afghanistan,1,Armed conflict or war,RECOMMENDED,0.3996,0.0759,0,168265,3199023.0,21251.0,"40% of internal displacement in-country (168,265 people, IDMC 2025) | 8% origin-weighted - refugees hosted here come from countries where this is a major cause","international armed conflict (160,896 displaced); non-international armed conflict (7,369 displaced); [via Pakistan refugees] non-international armed conflict (228,214 displaced)"
AFG,Afghanistan,2,Widespread violence / breakdown of public order,LOW_SALIENCE,0.0,0.0,0,0,3199023.0,21251.0,Sources cover this country and show little or no displacement from this cause - candidate for de-emphasis in enumerator support material only,
AFG,Afghanistan,3,Discrimination or persecution,RECOMMENDED,0.0,0.0,0,0,3199023.0,21251.0,"57% asylum recognition rate for people originating here (947,051 decisions) - the protection system judges these claims well-founded",
AFG,Afghanistan,4,Human rights violations by authorities,RECOMMENDED,0.0,0.0,0,0,3199023.0,21251.0,"7,506 civilian deaths attributed to state forces, UCDP one-sided 1989-2025",
AFG,Afghanistan,5,Other threats of violence,RESIDUAL,0.0,0.0,0,0,3199023.0,21251.0,Residual code - retained on every showcard by design,
AFG,Afghanistan,6,Natural disasters,RECOMMENDED,0.6004,0.9192,0,252815,3199023.0,21251.0,"60% of internal displacement in-country (252,815 people, IDMC 2025) | 92% origin-weighted - refugees hosted here come from countries where this is a major cause","Drought (206,197 displaced); Mixed disasters (24,284 displaced); Flood (14,152 displaced); [via Pakistan refugees] Flood (3,044,719 displaced); [via Pakistan refugees] Earthquake (14 displaced)"
AFG,Afghanistan,7,"Man-made events (eviction, pollution)",UNEVIDENCED,0.0,0.0,0,0,3199023.0,21251.0,"No supporting evidence found, but global data is structurally blind to this cause - retain and test in cognitive interviews",
AFG,Afghanistan,8,A different threat,RESIDUAL,0.0,0.0,0,0,3199023.0,21251.0,Residual code - retained on every showcard by design,
AGO,Angola,1,Armed conflict or war,RECOMMENDED,0.0,0.3152,0,0,0.0,55657.0,32% origin-weighted - refugees hosted here come from countries where this is a major cause,"[via Dem. Rep. of the Congo refugees] non-international armed conflict (7,664,444 displaced)"
AGO,Angola,2,Widespread violence / breakdown of public order,RECOMMENDED,0.0,0.133,0,0,0.0,55657.0,13% origin-weighted - refugees hosted here come from countries where this is a major cause,"[via Cote d'Ivoire refugees] other situations of violence (300 displaced); [via Dem. Rep. of the Congo refugees] other situations of violence (455,778 displaced)"
AGO,Angola,3,Discrimination or persecution,UNEVIDENCED,0.0,0.0,0,0,0.0,55657.0,"No supporting evidence found, but global data is structurally blind to this cause - retain and test in cognitive interviews",
AGO,Angola,4,Human rights violations by authorities,RECOMMENDED,0.0,0.0,0,0,0.0,55657.0,"100 civilian deaths attributed to state forces, UCDP one-sided 1989-2025",
AGO,Angola,5,Other threats of violence,RESIDUAL,0.0,0.0,0,0,0.0,55657.0,Residual code - retained on every showcard by design,
AGO,Angola,6,Natural disasters,RECOMMENDED,0.9995,0.2823,0,43880,0.0,55657.0,"100% of internal displacement in-country (43,880 people, IDMC 2025) | 28% origin-weighted - refugees hosted here come from countries where this is a major cause","Flood (38,114 displaced); Storm (5,766 displaced); [via Dem. Rep. of the Congo refugees] Flood (280,211 displaced); [via Dem. Rep. of the Congo refugees] Storm (32,641 displaced); [via Guinea refugees] Flood (512 displaced)"
AGO,Angola,7,"Man-made events (eviction, pollution)",UNEVIDENCED,0.0005,0.0,0,20,0.0,55657.0,"No supporting evidence found, but global data is structurally blind to this cause - retain and test in cognitive interviews",
AGO,Angola,8,A different threat,RESIDUAL,0.0,0.0,0,0,0.0,55657.0,Residual code - retained on every showcard by design,
ALB,Albania,1,Armed conflict or war,RECOMMENDED,0.0,0.0,20,0,0.0,4684.0,20 ACLED events 2018+ (7% of political-violence events here),
ALB,Albania,2,Widespread violence / breakdown of public order,RECOMMENDED,0.0,0.0,229,0,0.0,4684.0,229 ACLED events 2018+ (81% of political-violence events here),
ALB,Albania,3,Discrimination or persecution,UNEVIDENCED,0.0,0.0,0,0,0.0,4684.0,"No supporting evidence found, but global data is structurally blind to this cause - retain and test in cognitive interviews",
ALB,Albania,4,Human rights violations by authorities,UNEVIDENCED,0.0,0.0,4,0,0.0,4684.0,"No supporting evidence found, but global data is structurally blind to this cause - retain and test in cognitive interviews",
ALB,Albania,5,Other threats of violence,RESIDUAL,0.0,0.0,29,0,0.0,4684.0,Residual code - retained on every showcard by design,
ALB,Albania,6,Natural disasters,RECOMMENDED,0.258,0.0,0,747,0.0,4684.0,"26% of internal displacement in-country (747 people, IDMC 2025)",Flood (747 displaced)
ALB,Albania,7,"Man-made events (eviction, pollution)",RECOMMENDED,0.742,0.0,0,2148,0.0,4684.0,"74% of internal displacement in-country (2,148 people, IDMC 2025)",
ALB,Albania,8,A different threat,RESIDUAL,0.0,0.0,0,0,0.0,4684.0,Residual code - retained on every showcard by design,
AND,Andorra,1,Armed conflict or war,LOW_SALIENCE,,0.0,0,0,0.0,0.0,Sources cover this country and show little or no displacement from this cause - candidate for de-emphasis in enumerator support material only,
AND,Andorra,2,Widespread violence / breakdown of public order,LOW_SALIENCE,,0.0,1,0,0.0,0.0,Sources cover this country and show little or no displacement from this cause - candidate for de-emphasis in enumerator support material only,
AND,Andorra,3,Discrimination or persecution,UNEVIDENCED,,0.0,0,0,0.0,0.0,"No supporting evidence found, but global data is structurally blind to this cause - retain and test in cognitive interviews",
AND,Andorra,4,Human rights violations by authorities,UNEVIDENCED,,0.0,0,0,0.0,0.0,"No supporting evidence found, but global data is structurally blind to this cause - retain and test in cognitive interviews",
AND,Andorra,5,Other threats of violence,RESIDUAL,,0.0,1,0,0.0,0.0,Residual code - retained on every showcard by design,
AND,Andorra,6,Natural disasters,LOW_SALIENCE,,0.0,0,0,0.0,0.0,Sources cover this country and show little or no displacement from this cause - candidate for de-emphasis in enumerator support material only,
AND,Andorra,7,"Man-made events (eviction, pollution)",UNEVIDENCED,,0.0,0,0,0.0,0.0,"No supporting evidence found, but global data is structurally blind to this cause - retain and test in cognitive interviews",
AND,Andorra,8,A different threat,RESIDUAL,,0.0,0,0,0.0,0.0,Residual code - retained on every showcard by design,
ARE,United Arab Emirates,1,Armed conflict or war,RECOMMENDED,,0.9271,223,0,0.0,7634.0,93% origin-weighted - refugees hosted here come from countries where this is a major cause | 223 ACLED events 2018+ (94% of political-violence events here),"[via Iraq refugees] non-international armed conflict (31,919 displaced); [via Syrian Arab Rep. refugees] non-international armed conflict (531,246 displaced)"
ARE,United Arab Emirates,2,Widespread violence / breakdown of public order,LOW_SALIENCE,,0.0,4,0,0.0,7634.0,Sources cover this country and show little or no displacement from this cause - candidate for de-emphasis in enumerator support material only,
ARE,United Arab Emirates,3,Discrimination or persecution,RECOMMENDED,,0.0,0,0,0.0,7634.0,81% origin-weighted recognition rate for the refugee population hosted here,
ARE,United Arab Emirates,4,Human rights violations by authorities,UNEVIDENCED,,0.0,5,0,0.0,7634.0,"No supporting evidence found, but global data is structurally blind to this cause - retain and test in cognitive interviews",
ARE,United Arab Emirates,5,Other threats of violence,RESIDUAL,,0.0,6,0,0.0,7634.0,Residual code - retained on every showcard by design,
ARE,United Arab Emirates,6,Natural disasters,LOW_SALIENCE,,0.0499,0,0,0.0,7634.0,Sources cover this country and show little or no displacement from this cause - candidate for de-emphasis in enumerator support material only,"[via Iraq refugees] Drought (15,768 displaced)"
ARE,United Arab Emirates,7,"Man-made events (eviction, pollution)",UNEVIDENCED,,0.0,0,0,0.0,7634.0,"No supporting evidence found, but global data is structurally blind to this cause - retain and test in cognitive interviews",
ARE,United Arab Emirates,8,A different threat,RESIDUAL,,0.0,0,0,0.0,7634.0,Residual code - retained on every showcard by design,
ARG,Argentina,1,Armed conflict or war,RECOMMENDED,0.0,0.1256,0,0,0.0,8882.0,13% origin-weighted - refugees hosted here come from countries where this is a major cause,"[via Russian Federation refugees] international armed conflict (2,653 displaced)"
ARG,Argentina,2,Widespread violence / breakdown of public order,LOW_SALIENCE,0.0,0.0,0,0,0.0,8882.0,Sources cover this country and show little or no displacement from this cause - candidate for de-emphasis in enumerator support material only,
ARG,Argentina,3,Discrimination or persecution,UNEVIDENCED,0.0,0.0,0,0,0.0,8882.0,"No supporting evidence found, but global data is structurally blind to this cause - retain and test in cognitive interviews",
ARG,Argentina,4,Human rights violations by authorities,UNEVIDENCED,0.0,0.0,0,0,0.0,8882.0,"No supporting evidence found, but global data is structurally blind to this cause - retain and test in cognitive interviews",
ARG,Argentina,5,Other threats of violence,RESIDUAL,0.0,0.0,0,0,0.0,8882.0,Residual code - retained on every showcard by design,
ARG,Argentina,6,Natural disasters,RECOMMENDED,0.9201,0.1658,0,29516,0.0,8882.0,"92% of internal displacement in-country (29,516 people, IDMC 2025) | 17% origin-weighted - refugees hosted here come from countries where this is a major cause","Flood (27,597 displaced); Storm (1,902 displaced); Tornado (12 displaced); [via Russian Federation refugees] Tsunami (2,700 displaced); [via Russian Federation refugees] Flood (456 displaced)"
ARG,Argentina,7,"Man-made events (eviction, pollution)",RECOMMENDED,0.0799,0.0057,0,2564,0.0,8882.0,"8% of internal displacement in-country (2,564 people, IDMC 2025)",
ARG,Argentina,8,A different threat,RESIDUAL,0.0,0.0,0,0,0.0,8882.0,Residual code - retained on every showcard by design,
ARM,Armenia,1,Armed conflict or war,RECOMMENDED,,0.0,4457,0,0.0,124085.0,"4,457 ACLED events 2018+ (92% of political-violence events here)",
ARM,Armenia,2,Widespread violence / breakdown of public order,RECOMMENDED,,0.0,332,0,0.0,124085.0,332 ACLED events 2018+ (7% of political-violence events here),
ARM,Armenia,3,Discrimination or persecution,UNEVIDENCED,,0.0,0,0,0.0,124085.0,"No supporting evidence found, but global data is structurally blind to this cause - retain and test in cognitive interviews",
ARM,Armenia,4,Human rights violations by authorities,UNEVIDENCED,,0.0,11,0,0.0,124085.0,"No supporting evidence found, but global data is structurally blind to this cause - retain and test in cognitive interviews",
ARM,Armenia,5,Other threats of violence,RESIDUAL,,0.0,43,0,0.0,124085.0,Residual code - retained on every showcard by design,
ARM,Armenia,6,Natural disasters,RECOMMENDED,,0.9296,0,0,0.0,124085.0,93% origin-weighted - refugees hosted here come from countries where this is a major cause,[via Azerbaijan refugees] Flood (157 displaced)
ARM,Armenia,7,"Man-made events (eviction, pollution)",UNEVIDENCED,,0.0,0,0,0.0,124085.0,"No supporting evidence found, but global data is structurally blind to this cause - retain and test in cognitive interviews",
ARM,Armenia,8,A different threat,RESIDUAL,,0.0,0,0,0.0,124085.0,Residual code - retained on every showcard by design,
ATF,French Southern Territories,1,Armed conflict or war,LOW_SALIENCE,0.0,0.0,0,0,0.0,0.0,Sources cover this country and show little or no displacement from this cause - candidate for de-emphasis in enumerator support material only,
ATF,French Southern Territories,2,Widespread violence / breakdown of public order,LOW_SALIENCE,0.0,0.0,0,0,0.0,0.0,Sources cover this country and show little or no displacement from this cause - candidate for de-emphasis in enumerator support material only,
ATF,French Southern Territories,3,Discrimination or persecution,UNEVIDENCED,0.0,0.0,0,0,0.0,0.0,"No supporting evidence found, but global data is structurally blind to this cause - retain and test in cognitive interviews",
ATF,French Southern Territories,4,Human rights violations by authorities,UNEVIDENCED,0.0,0.0,0,0,0.0,0.0,"No supporting evidence found, but global data is structurally blind to this cause - retain and test in cognitive interviews",
ATF,French Southern Territories,5,Other threats of violence,RESIDUAL,0.0,0.0,0,0,0.0,0.0,Residual code - retained on every showcard by design,
ATF,French Southern Territories,6,Natural disasters,LOW_SALIENCE,0.0,0.0,0,0,0.0,0.0,Sources cover this country and show little or no displacement from this cause - candidate for de-emphasis in enumerator support material only,
ATF,French Southern Territories,7,"Man-made events (eviction, pollution)",RECOMMENDED,1.0,0.0,0,31,0.0,0.0,"100% of internal displacement in-country (31 people, IDMC 2025)",
ATF,French Southern Territories,8,A different threat,RESIDUAL,0.0,0.0,0,0,0.0,0.0,Residual code - retained on every showcard by design,
AUS,Australia,1,Armed conflict or war,RECOMMENDED,0.0,0.0641,0,0,0.0,116340.0,6% origin-weighted - refugees hosted here come from countries where this is a major cause,"[via India refugees] international armed conflict (125,000 displaced); [via Iran (Islamic Rep. of) refugees] international armed conflict (10,000,000 displaced)"
AUS,Australia,2,Widespread violence / breakdown of public order,LOW_SALIENCE,0.0,0.0003,0,0,0.0,116340.0,Sources cover this country and show little or no displacement from this cause - candidate for de-emphasis in enumerator support material only,"[via India refugees] other situations of violence (3,198 displaced)"
AUS,Australia,3,Discrimination or persecution,UNEVIDENCED,0.0,0.0,0,0,0.0,116340.0,"No supporting evidence found, but global data is structurally blind to this cause - retain and test in cognitive interviews",
AUS,Australia,4,Human rights violations by authorities,UNEVIDENCED,0.0,0.0,0,0,0.0,116340.0,"No supporting evidence found, but global data is structurally blind to this cause - retain and test in cognitive interviews",
AUS,Australia,5,Other threats of violence,RESIDUAL,0.0,0.0,0,0,0.0,116340.0,Residual code - retained on every showcard by design,
AUS,Australia,6,Natural disasters,RECOMMENDED,0.9363,0.1409,0,9278,0.0,116340.0,"94% of internal displacement in-country (9,278 people, IDMC 2025) | 14% origin-weighted - refugees hosted here come from countries where this is a major cause","Flood (7,213 displaced); Typhoon/Hurricane/Cyclone (1,961 displaced); Landslide/Wet mass movement (61 displaced); [via China refugees] Typhoon/Hurricane/Cyclone (2,743,317 displaced); [via China refugees] Flood (598,553 displaced)"
AUS,Australia,7,"Man-made events (eviction, pollution)",RECOMMENDED,0.0637,0.0,0,631,0.0,116340.0,"6% of internal displacement in-country (631 people, IDMC 2025)",
AUS,Australia,8,A different threat,RESIDUAL,0.0,0.0,0,0,0.0,116340.0,Residual code - retained on every showcard by design,
AUT,Austria,1,Armed conflict or war,RECOMMENDED,0.0,0.7218,2,0,0.0,308665.0,72% origin-weighted - refugees hosted here come from countries where this is a major cause,"[via Afghanistan refugees] international armed conflict (160,896 displaced); [via Syrian Arab Rep. refugees] non-international armed conflict (531,246 displaced); [via Ukraine refugees] international armed conflict (167,869 displaced)"
AUT,Austria,2,Widespread violence / breakdown of public order,RECOMMENDED,0.0,0.0,265,0,0.0,308665.0,265 ACLED events 2018+ (93% of political-violence events here),
AUT,Austria,3,Discrimination or persecution,RECOMMENDED,0.0,0.0,0,0,0.0,308665.0,72% origin-weighted recognition rate for the refugee population hosted here,
AUT,Austria,4,Human rights violations by authorities,UNEVIDENCED,0.0,0.0,6,0,0.0,308665.0,"No supporting evidence found, but global data is structurally blind to this cause - retain and test in cognitive interviews",
AUT,Austria,5,Other threats of violence,RESIDUAL,0.0,0.0,11,0,0.0,308665.0,Residual code - retained on every showcard by design,
AUT,Austria,6,Natural disasters,RECOMMENDED,1.0,0.0959,0,125,0.0,308665.0,"100% of internal displacement in-country (125 people, IDMC 2025) | 10% origin-weighted - refugees hosted here come from countries where this is a major cause","Landslide/Wet mass movement (125 displaced); [via Afghanistan refugees] Drought (206,197 displaced); [via Afghanistan refugees] Mixed disasters (24,284 displaced)"
AUT,Austria,7,"Man-made events (eviction, pollution)",UNEVIDENCED,0.0,0.0001,0,0,0.0,308665.0,"No supporting evidence found, but global data is structurally blind to this cause - retain and test in cognitive interviews",
AUT,Austria,8,A different threat,RESIDUAL,0.0,0.0,0,0,0.0,308665.0,Residual code - retained on every showcard by design,
AZE,Azerbaijan,1,Armed conflict or war,RECOMMENDED,0.0,0.8301,17896,0,657155.0,6588.0,"83% origin-weighted - refugees hosted here come from countries where this is a major cause | 17,896 ACLED events 2018+ (98% of political-violence events here)","[via Afghanistan refugees] international armed conflict (160,896 displaced); [via Ukraine refugees] international armed conflict (167,869 displaced)"
AZE,Azerbaijan,2,Widespread violence / breakdown of public order,LOW_SALIENCE,0.0,0.0,290,0,657155.0,6588.0,Sources cover this country and show little or no displacement from this cause - candidate for de-emphasis in enumerator support material only,
AZE,Azerbaijan,3,Discrimination or persecution,RECOMMENDED,0.0,0.0,0,0,657155.0,6588.0,59% origin-weighted recognition rate for the refugee population hosted here,
AZE,Azerbaijan,4,Human rights violations by authorities,UNEVIDENCED,0.0,0.0,10,0,657155.0,6588.0,"No supporting evidence found, but global data is structurally blind to this cause - retain and test in cognitive interviews",
AZE,Azerbaijan,5,Other threats of violence,RESIDUAL,0.0,0.0,110,0,657155.0,6588.0,Residual code - retained on every showcard by design,
AZE,Azerbaijan,6,Natural disasters,RECOMMENDED,1.0,0.0974,0,157,657155.0,6588.0,"100% of internal displacement in-country (157 people, IDMC 2025) | 10% origin-weighted - refugees hosted here come from countries where this is a major cause","Flood (157 displaced); [via Afghanistan refugees] Drought (206,197 displaced); [via Afghanistan refugees] Mixed disasters (24,284 displaced)"
AZE,Azerbaijan,7,"Man-made events (eviction, pollution)",UNEVIDENCED,0.0,0.0003,0,0,657155.0,6588.0,"No supporting evidence found, but global data is structurally blind to this cause - retain and test in cognitive interviews",
AZE,Azerbaijan,8,A different threat,RESIDUAL,0.0,0.0,0,0,657155.0,6588.0,Residual code - retained on every showcard by design,
BDI,Burundi,1,Armed conflict or war,RECOMMENDED,0.0,0.7545,0,0,6815.0,112266.0,75% origin-weighted - refugees hosted here come from countries where this is a major cause,"[via Dem. Rep. of the Congo refugees] non-international armed conflict (7,664,444 displaced)"
BDI,Burundi,2,Widespread violence / breakdown of public order,LOW_SALIENCE,0.0,0.0449,0,0,6815.0,112266.0,Sources cover this country and show little or no displacement from this cause - candidate for de-emphasis in enumerator support material only,"[via Dem. Rep. of the Congo refugees] other situations of violence (455,778 displaced)"
BDI,Burundi,3,Discrimination or persecution,RECOMMENDED,0.0,0.0,0,0,6815.0,112266.0,"81% asylum recognition rate for people originating here (109,655 decisions) - the protection system judges these claims well-founded | 68% origin-weighted recognition rate for the refugee population hosted here",
BDI,Burundi,4,Human rights violations by authorities,RECOMMENDED,0.0,0.0,0,0,6815.0,112266.0,"284,478 civilian deaths attributed to state forces, UCDP one-sided 1989-2025",
BDI,Burundi,5,Other threats of violence,RESIDUAL,0.0,0.0,0,0,6815.0,112266.0,Residual code - retained on every showcard by design,
BDI,Burundi,6,Natural disasters,RECOMMENDED,0.9484,0.0308,0,18737,6815.0,112266.0,"95% of internal displacement in-country (18,737 people, IDMC 2025)","Flood (14,386 displaced); Storm (3,702 displaced); Hailstorm (649 displaced); [via Dem. Rep. of the Congo refugees] Flood (280,211 displaced); [via Dem. Rep. of the Congo refugees] Storm (32,641 displaced)"
BDI,Burundi,7,"Man-made events (eviction, pollution)",UNEVIDENCED,0.0,0.0,0,0,6815.0,112266.0,"No supporting evidence found, but global data is structurally blind to this cause - retain and test in cognitive interviews",
BDI,Burundi,8,A different threat,RESIDUAL,0.0,0.0,0,0,6815.0,112266.0,Residual code - retained on every showcard by design,
BEL,Belgium,1,Armed conflict or war,RECOMMENDED,,0.56,5,0,0.0,245118.0,56% origin-weighted - refugees hosted here come from countries where this is a major cause,"[via Afghanistan refugees] international armed conflict (160,896 displaced); [via Palestinian refugees] international armed conflict (2,754,121 displaced); [via Syrian Arab Rep. refugees] non-international armed conflict (531,246 displaced)"
BEL,Belgium,2,Widespread violence / breakdown of public order,RECOMMENDED,,0.0,319,0,0.0,245118.0,319 ACLED events 2018+ (94% of political-violence events here),"[via Palestinian refugees] other situations of violence (1,658 displaced)"
BEL,Belgium,3,Discrimination or persecution,RECOMMENDED,,0.0,0,0,0.0,245118.0,62% origin-weighted recognition rate for the refugee population hosted here,
BEL,Belgium,4,Human rights violations by authorities,UNEVIDENCED,,0.0,9,0,0.0,245118.0,"No supporting evidence found, but global data is structurally blind to this cause - retain and test in cognitive interviews",
BEL,Belgium,5,Other threats of violence,RESIDUAL,,0.0,8,0,0.0,245118.0,Residual code - retained on every showcard by design,
BEL,Belgium,6,Natural disasters,LOW_SALIENCE,,0.0412,0,0,0.0,245118.0,Sources cover this country and show little or no displacement from this cause - candidate for de-emphasis in enumerator support material only,"[via Afghanistan refugees] Drought (206,197 displaced); [via Afghanistan refugees] Mixed disasters (24,284 displaced)"
BEL,Belgium,7,"Man-made events (eviction, pollution)",UNEVIDENCED,,0.0001,0,0,0.0,245118.0,"No supporting evidence found, but global data is structurally blind to this cause - retain and test in cognitive interviews",
BEL,Belgium,8,A different threat,RESIDUAL,,0.0,0,0,0.0,245118.0,Residual code - retained on every showcard by design,
BEN,Benin,1,Armed conflict or war,RECOMMENDED,0.0,0.7769,0,0,27294.0,28921.0,78% origin-weighted - refugees hosted here come from countries where this is a major cause,"[via Burkina Faso refugees] non-international armed conflict (315,738 displaced); [via Central African Rep. refugees] non-international armed conflict (142,765 displaced); [via Niger refugees] non-international armed conflict (166,128 displaced)"
BEN,Benin,2,Widespread violence / breakdown of public order,RECOMMENDED,0.8547,0.0004,0,4704,27294.0,28921.0,"85% of internal displacement in-country (4,704 people, IDMC 2025)","other situations of violence (4,704 displaced); [via Central African Rep. refugees] other situations of violence (1,211 displaced)"
BEN,Benin,3,Discrimination or persecution,RECOMMENDED,0.0,0.0,0,0,27294.0,28921.0,75% origin-weighted recognition rate for the refugee population hosted here,
BEN,Benin,4,Human rights violations by authorities,UNEVIDENCED,0.0,0.0,0,0,27294.0,28921.0,"No supporting evidence found, but global data is structurally blind to this cause - retain and test in cognitive interviews",
BEN,Benin,5,Other threats of violence,RESIDUAL,0.0,0.0,0,0,27294.0,28921.0,Residual code - retained on every showcard by design,
BEN,Benin,6,Natural disasters,RECOMMENDED,0.1453,0.0079,0,800,27294.0,28921.0,"15% of internal displacement in-country (800 people, IDMC 2025)","Storm (800 displaced); [via Burkina Faso refugees] Flood (211 displaced); [via Central African Rep. refugees] Flood (11,563 displaced); [via Central African Rep. refugees] Storm (5,756 displaced); [via Niger refugees] Flood (1,894 displaced)"
BEN,Benin,7,"Man-made events (eviction, pollution)",UNEVIDENCED,0.0,0.0,0,0,27294.0,28921.0,"No supporting evidence found, but global data is structurally blind to this cause - retain and test in cognitive interviews",
BEN,Benin,8,A different threat,RESIDUAL,0.0,0.0,0,0,27294.0,28921.0,Residual code - retained on every showcard by design,
BFA,Burkina Faso,1,Armed conflict or war,RECOMMENDED,0.9993,0.8885,0,315738,2062534.0,42953.0,"100% of internal displacement in-country (315,738 people, IDMC 2025) | 89% origin-weighted - refugees hosted here come from countries where this is a major cause","non-international armed conflict (315,738 displaced); [via Mali refugees] non-international armed conflict (95,460 displaced)"
BFA,Burkina Faso,2,Widespread violence / breakdown of public order,LOW_SALIENCE,0.0,0.0,0,0,2062534.0,42953.0,Sources cover this country and show little or no displacement from this cause - candidate for de-emphasis in enumerator support material only,
BFA,Burkina Faso,3,Discrimination or persecution,RECOMMENDED,0.0,0.0,0,0,2062534.0,42953.0,"87% asylum recognition rate for people originating here (74,723 decisions) - the protection system judges these claims well-founded",
BFA,Burkina Faso,4,Human rights violations by authorities,RECOMMENDED,0.0,0.0,0,0,2062534.0,42953.0,"2,258 civilian deaths attributed to state forces, UCDP one-sided 1989-2025",
BFA,Burkina Faso,5,Other threats of violence,RESIDUAL,0.0,0.0,0,0,2062534.0,42953.0,Residual code - retained on every showcard by design,
BFA,Burkina Faso,6,Natural disasters,RECOMMENDED,0.0007,0.0547,0,211,2062534.0,42953.0,5% origin-weighted - refugees hosted here come from countries where this is a major cause,"Flood (211 displaced); [via Mali refugees] Flood (5,878 displaced)"
BFA,Burkina Faso,7,"Man-made events (eviction, pollution)",UNEVIDENCED,0.0,0.0,0,0,2062534.0,42953.0,"No supporting evidence found, but global data is structurally blind to this cause - retain and test in cognitive interviews",
BFA,Burkina Faso,8,A different threat,RESIDUAL,0.0,0.0,0,0,2062534.0,42953.0,Residual code - retained on every showcard by design,
BGD,Bangladesh,1,Armed conflict or war,RECOMMENDED,0.0,0.5853,0,0,0.0,1178105.0,59% origin-weighted - refugees hosted here come from countries where this is a major cause,"[via Myanmar refugees] non-international armed conflict (572,538 displaced)"
BGD,Bangladesh,2,Widespread violence / breakdown of public order,LOW_SALIENCE,0.0021,0.0,0,221,0.0,1178105.0,Sources cover this country and show little or no displacement from this cause - candidate for de-emphasis in enumerator support material only,other situations of violence (221 displaced)
BGD,Bangladesh,3,Discrimination or persecution,RECOMMENDED,0.0,0.0,0,0,0.0,1178105.0,83% origin-weighted recognition rate for the refugee population hosted here,
BGD,Bangladesh,4,Human rights violations by authorities,RECOMMENDED,0.0,0.0,0,0,0.0,1178105.0,"1,107 civilian deaths attributed to state forces, UCDP one-sided 1989-2025",
BGD,Bangladesh,5,Other threats of violence,RESIDUAL,0.0,0.0,0,0,0.0,1178105.0,Residual code - retained on every showcard by design,
BGD,Bangladesh,6,Natural disasters,RECOMMENDED,0.9979,0.4146,0,105169,0.0,1178105.0,"100% of internal displacement in-country (105,169 people, IDMC 2025) | 41% origin-weighted - refugees hosted here come from countries where this is a major cause","Flood (93,597 displaced); Erosion (9,850 displaced); Tornado (1,704 displaced); [via Myanmar refugees] Earthquake (326,906 displaced); [via Myanmar refugees] Typhoon/Hurricane/Cyclone (60,470 displaced)"
BGD,Bangladesh,7,"Man-made events (eviction, pollution)",UNEVIDENCED,0.0,0.0,0,0,0.0,1178105.0,"No supporting evidence found, but global data is structurally blind to this cause - retain and test in cognitive interviews",
BGD,Bangladesh,8,A different threat,RESIDUAL,0.0,0.0,0,0,0.0,1178105.0,Residual code - retained on every showcard by design,
BGR,Bulgaria,1,Armed conflict or war,RECOMMENDED,0.0,0.9751,7,0,0.0,106913.0,98% origin-weighted - refugees hosted here come from countries where this is a major cause,"[via Syrian Arab Rep. refugees] non-international armed conflict (531,246 displaced); [via Ukraine refugees] international armed conflict (167,869 displaced)"
BGR,Bulgaria,2,Widespread violence / breakdown of public order,RECOMMENDED,0.0,0.0,110,0,0.0,106913.0,110 ACLED events 2018+ (75% of political-violence events here),
BGR,Bulgaria,3,Discrimination or persecution,RECOMMENDED,0.0,0.0,0,0,0.0,106913.0,66% origin-weighted recognition rate for the refugee population hosted here,
BGR,Bulgaria,4,Human rights violations by authorities,RECOMMENDED,0.0,0.0,16,0,0.0,106913.0,16 ACLED events 2018+ (11% of political-violence events here),
BGR,Bulgaria,5,Other threats of violence,RESIDUAL,0.0,0.0,13,0,0.0,106913.0,Residual code - retained on every showcard by design,
BGR,Bulgaria,6,Natural disasters,LOW_SALIENCE,0.0,0.0,0,0,0.0,106913.0,Sources cover this country and show little or no displacement from this cause - candidate for de-emphasis in enumerator support material only,
BGR,Bulgaria,7,"Man-made events (eviction, pollution)",RECOMMENDED,1.0,0.0003,0,46,0.0,106913.0,"100% of internal displacement in-country (46 people, IDMC 2025)",
BGR,Bulgaria,8,A different threat,RESIDUAL,0.0,0.0,0,0,0.0,106913.0,Residual code - retained on every showcard by design,
BHR,Bahrain,1,Armed conflict or war,RECOMMENDED,,0.0,207,0,0.0,362.0,207 ACLED events 2018+ (9% of political-violence events here),
BHR,Bahrain,2,Widespread violence / breakdown of public order,RECOMMENDED,,0.0,2067,0,0.0,362.0,"2,067 ACLED events 2018+ (87% of political-violence events here)",
BHR,Bahrain,3,Discrimination or persecution,UNEVIDENCED,,0.0,0,0,0.0,362.0,"No supporting evidence found, but global data is structurally blind to this cause - retain and test in cognitive interviews",
BHR,Bahrain,4,Human rights violations by authorities,UNEVIDENCED,,0.0,44,0,0.0,362.0,"No supporting evidence found, but global data is structurally blind to this cause - retain and test in cognitive interviews",
BHR,Bahrain,5,Other threats of violence,RESIDUAL,,0.0,66,0,0.0,362.0,Residual code - retained on every showcard by design,
BHR,Bahrain,6,Natural disasters,LOW_SALIENCE,,0.0,0,0,0.0,362.0,Sources cover this country and show little or no displacement from this cause - candidate for de-emphasis in enumerator support material only,
BHR,Bahrain,7,"Man-made events (eviction, pollution)",UNEVIDENCED,,0.0,0,0,0.0,362.0,"No supporting evidence found, but global data is structurally blind to this cause - retain and test in cognitive interviews",
BHR,Bahrain,8,A different threat,RESIDUAL,,0.0,0,0,0.0,362.0,Residual code - retained on every showcard by design,
BHS,Bahamas,1,Armed conflict or war,LOW_SALIENCE,0.0,0.0,0,0,0.0,10.0,Sources cover this country and show little or no displacement from this cause - candidate for de-emphasis in enumerator support material only,
BHS,Bahamas,2,Widespread violence / breakdown of public order,LOW_SALIENCE,0.0,0.0,0,0,0.0,10.0,Sources cover this country and show little or no displacement from this cause - candidate for de-emphasis in enumerator support material only,
BHS,Bahamas,3,Discrimination or persecution,RECOMMENDED,0.0,0.0,0,0,0.0,10.0,"62% asylum recognition rate for people originating here (2,723 decisions) - the protection system judges these claims well-founded",
BHS,Bahamas,4,Human rights violations by authorities,UNEVIDENCED,0.0,0.0,0,0,0.0,10.0,"No supporting evidence found, but global data is structurally blind to this cause - retain and test in cognitive interviews",
BHS,Bahamas,5,Other threats of violence,RESIDUAL,0.0,0.0,0,0,0.0,10.0,Residual code - retained on every showcard by design,
BHS,Bahamas,6,Natural disasters,RECOMMENDED,1.0,0.0,0,14782,0.0,10.0,"100% of internal displacement in-country (14,782 people, IDMC 2025)","Typhoon/Hurricane/Cyclone (14,782 displaced)"
BHS,Bahamas,7,"Man-made events (eviction, pollution)",UNEVIDENCED,0.0,0.0,0,0,0.0,10.0,"No supporting evidence found, but global data is structurally blind to this cause - retain and test in cognitive interviews",
BHS,Bahamas,8,A different threat,RESIDUAL,0.0,0.0,0,0,0.0,10.0,Residual code - retained on every showcard by design,
BIH,Bosnia and Herzegovina,1,Armed conflict or war,RECOMMENDED,0.0,0.0,44,0,94796.0,750.0,44 ACLED events 2018+ (19% of political-violence events here),
BIH,Bosnia and Herzegovina,2,Widespread violence / breakdown of public order,RECOMMENDED,0.0,0.0,103,0,94796.0,750.0,103 ACLED events 2018+ (44% of political-violence events here),
BIH,Bosnia and Herzegovina,3,Discrimination or persecution,UNEVIDENCED,0.0,0.0,0,0,94796.0,750.0,"No supporting evidence found, but global data is structurally blind to this cause - retain and test in cognitive interviews",
BIH,Bosnia and Herzegovina,4,Human rights violations by authorities,RECOMMENDED,0.0,0.0,17,0,94796.0,750.0,"17 ACLED events 2018+ (7% of political-violence events here) | 339 civilian deaths attributed to state forces, UCDP one-sided 1989-2025",
BIH,Bosnia and Herzegovina,5,Other threats of violence,RESIDUAL,0.0,0.0,68,0,94796.0,750.0,Residual code - retained on every showcard by design,
BIH,Bosnia and Herzegovina,6,Natural disasters,RECOMMENDED,1.0,0.0,0,166,94796.0,750.0,"100% of internal displacement in-country (166 people, IDMC 2025)",Flood (144 displaced); Landslide/Wet mass movement (22 displaced)
BIH,Bosnia and Herzegovina,7,"Man-made events (eviction, pollution)",UNEVIDENCED,0.0,0.0,0,0,94796.0,750.0,"No supporting evidence found, but global data is structurally blind to this cause - retain and test in cognitive interviews",
BIH,Bosnia and Herzegovina,8,A different threat,RESIDUAL,0.0,0.0,0,0,94796.0,750.0,Residual code - retained on every showcard by design,
BLR,Belarus,1,Armed conflict or war,RECOMMENDED,,0.9939,64,0,0.0,42264.0,99% origin-weighted - refugees hosted here come from countries where this is a major cause | 64 ACLED events 2018+ (8% of political-violence events here),"[via Ukraine refugees] international armed conflict (167,869 displaced)"
BLR,Belarus,2,Widespread violence / breakdown of public order,RECOMMENDED,,0.0,421,0,0.0,42264.0,421 ACLED events 2018+ (52% of political-violence events here),
BLR,Belarus,3,Discrimination or persecution,RECOMMENDED,,0.0,0,0,0.0,42264.0,60% origin-weighted recognition rate for the refugee population hosted here,
BLR,Belarus,4,Human rights violations by authorities,RECOMMENDED,,0.0,123,0,0.0,42264.0,123 ACLED events 2018+ (15% of political-violence events here),
BLR,Belarus,5,Other threats of violence,RESIDUAL,,0.0,197,0,0.0,42264.0,Residual code - retained on every showcard by design,
BLR,Belarus,6,Natural disasters,LOW_SALIENCE,,0.0,0,0,0.0,42264.0,Sources cover this country and show little or no displacement from this cause - candidate for de-emphasis in enumerator support material only,
BLR,Belarus,7,"Man-made events (eviction, pollution)",UNEVIDENCED,,0.0004,0,0,0.0,42264.0,"No supporting evidence found, but global data is structurally blind to this cause - retain and test in cognitive interviews",
BLR,Belarus,8,A different threat,RESIDUAL,,0.0,0,0,0.0,42264.0,Residual code - retained on every showcard by design,
BLZ,Belize,1,Armed conflict or war,LOW_SALIENCE,0.0,0.0,0,0,0.0,2183.0,Sources cover this country and show little or no displacement from this cause - candidate for de-emphasis in enumerator support material only,
BLZ,Belize,2,Widespread violence / breakdown of public order,LOW_SALIENCE,0.0,0.0,0,0,0.0,2183.0,Sources cover this country and show little or no displacement from this cause - candidate for de-emphasis in enumerator support material only,
BLZ,Belize,3,Discrimination or persecution,UNEVIDENCED,0.0,0.0,0,0,0.0,2183.0,"No supporting evidence found, but global data is structurally blind to this cause - retain and test in cognitive interviews",
BLZ,Belize,4,Human rights violations by authorities,UNEVIDENCED,0.0,0.0,0,0,0.0,2183.0,"No supporting evidence found, but global data is structurally blind to this cause - retain and test in cognitive interviews",
BLZ,Belize,5,Other threats of violence,RESIDUAL,0.0,0.0,0,0,0.0,2183.0,Residual code - retained on every showcard by design,
BLZ,Belize,6,Natural disasters,RECOMMENDED,1.0,0.0,0,162,0.0,2183.0,"100% of internal displacement in-country (162 people, IDMC 2025)",Flood (162 displaced)
BLZ,Belize,7,"Man-made events (eviction, pollution)",UNEVIDENCED,0.0,0.0,0,0,0.0,2183.0,"No supporting evidence found, but global data is structurally blind to this cause - retain and test in cognitive interviews",
BLZ,Belize,8,A different threat,RESIDUAL,0.0,0.0,0,0,0.0,2183.0,Residual code - retained on every showcard by design,
BMU,Bermuda,1,Armed conflict or war,LOW_SALIENCE,0.0,0.0,0,0,0.0,0.0,Sources cover this country and show little or no displacement from this cause - candidate for de-emphasis in enumerator support material only,
BMU,Bermuda,2,Widespread violence / breakdown of public order,LOW_SALIENCE,0.0,0.0,0,0,0.0,0.0,Sources cover this country and show little or no displacement from this cause - candidate for de-emphasis in enumerator support material only,
BMU,Bermuda,3,Discrimination or persecution,UNEVIDENCED,0.0,0.0,0,0,0.0,0.0,"No supporting evidence found, but global data is structurally blind to this cause - retain and test in cognitive interviews",
BMU,Bermuda,4,Human rights violations by authorities,UNEVIDENCED,0.0,0.0,0,0,0.0,0.0,"No supporting evidence found, but global data is structurally blind to this cause - retain and test in cognitive interviews",
BMU,Bermuda,5,Other threats of violence,RESIDUAL,0.0,0.0,0,0,0.0,0.0,Residual code - retained on every showcard by design,
BMU,Bermuda,6,Natural disasters,RECOMMENDED,1.0,0.0,0,100,0.0,0.0,"100% of internal displacement in-country (100 people, IDMC 2025)",Typhoon/Hurricane/Cyclone (100 displaced)
BMU,Bermuda,7,"Man-made events (eviction, pollution)",UNEVIDENCED,0.0,0.0,0,0,0.0,0.0,"No supporting evidence found, but global data is structurally blind to this cause - retain and test in cognitive interviews",
BMU,Bermuda,8,A different threat,RESIDUAL,0.0,0.0,0,0,0.0,0.0,Residual code - retained on every showcard by design,
BOL,"Bolivia, Plurinational State of",1,Armed conflict or war,LOW_SALIENCE,0.0,0.0,0,0,0.0,1147.0,Sources cover this country and show little or no displacement from this cause - candidate for de-emphasis in enumerator support material only,
BOL,"Bolivia, Plurinational State of",2,Widespread violence / breakdown of public order,LOW_SALIENCE,0.0,0.0,0,0,0.0,1147.0,Sources cover this country and show little or no displacement from this cause - candidate for de-emphasis in enumerator support material only,
BOL,"Bolivia, Plurinational State of",3,Discrimination or persecution,UNEVIDENCED,0.0,0.0,0,0,0.0,1147.0,"No supporting evidence found, but global data is structurally blind to this cause - retain and test in cognitive interviews",
BOL,"Bolivia, Plurinational State of",4,Human rights violations by authorities,UNEVIDENCED,0.0,0.0,0,0,0.0,1147.0,"No supporting evidence found, but global data is structurally blind to this cause - retain and test in cognitive interviews",
BOL,"Bolivia, Plurinational State of",5,Other threats of violence,RESIDUAL,0.0,0.0,0,0,0.0,1147.0,Residual code - retained on every showcard by design,
BOL,"Bolivia, Plurinational State of",6,Natural disasters,RECOMMENDED,0.9979,0.0,0,12590,0.0,1147.0,"100% of internal displacement in-country (12,590 people, IDMC 2025)","Flood (10,578 displaced); Hailstorm (1,436 displaced); Landslide/Wet mass movement (576 displaced)"
BOL,"Bolivia, Plurinational State of",7,"Man-made events (eviction, pollution)",UNEVIDENCED,0.0021,0.0,0,26,0.0,1147.0,"No supporting evidence found, but global data is structurally blind to this cause - retain and test in cognitive interviews",
BOL,"Bolivia, Plurinational State of",8,A different threat,RESIDUAL,0.0,0.0,0,0,0.0,1147.0,Residual code - retained on every showcard by design,
BRA,Brazil,1,Armed conflict or war,LOW_SALIENCE,0.0,0.0,0,0,0.0,398617.0,Sources cover this country and show little or no displacement from this cause - candidate for de-emphasis in enumerator support material only,
BRA,Brazil,2,Widespread violence / breakdown of public order,RECOMMENDED,0.0,0.263,0,0,0.0,398617.0,26% origin-weighted - refugees hosted here come from countries where this is a major cause,"[via Haiti refugees] other situations of violence (976,969 displaced)"
BRA,Brazil,3,Discrimination or persecution,RECOMMENDED,0.0,0.0,0,0,0.0,398617.0,50% origin-weighted recognition rate for the refugee population hosted here,
BRA,Brazil,4,Human rights violations by authorities,UNEVIDENCED,0.0,0.0,0,0,0.0,398617.0,"No supporting evidence found, but global data is structurally blind to this cause - retain and test in cognitive interviews",
BRA,Brazil,5,Other threats of violence,RESIDUAL,0.0,0.0,0,0,0.0,398617.0,Residual code - retained on every showcard by design,
BRA,Brazil,6,Natural disasters,RECOMMENDED,0.9912,0.6292,0,395314,0.0,398617.0,"99% of internal displacement in-country (395,314 people, IDMC 2025) | 63% origin-weighted - refugees hosted here come from countries where this is a major cause","Storm (234,884 displaced); Flood (92,611 displaced); Hailstorm (43,857 displaced); [via Cuba refugees] Typhoon/Hurricane/Cyclone (753,000 displaced); [via Haiti refugees] Typhoon/Hurricane/Cyclone (6,435 displaced)"
BRA,Brazil,7,"Man-made events (eviction, pollution)",UNEVIDENCED,0.0088,0.0,0,3496,0.0,398617.0,"No supporting evidence found, but global data is structurally blind to this cause - retain and test in cognitive interviews",
BRA,Brazil,8,A different threat,RESIDUAL,0.0,0.0,0,0,0.0,398617.0,Residual code - retained on every showcard by design,
BTN,Bhutan,1,Armed conflict or war,LOW_SALIENCE,0.0,0.0,0,0,0.0,0.0,Sources cover this country and show little or no displacement from this cause - candidate for de-emphasis in enumerator support material only,
BTN,Bhutan,2,Widespread violence / breakdown of public order,LOW_SALIENCE,0.0,0.0,0,0,0.0,0.0,Sources cover this country and show little or no displacement from this cause - candidate for de-emphasis in enumerator support material only,
BTN,Bhutan,3,Discrimination or persecution,UNEVIDENCED,0.0,0.0,0,0,0.0,0.0,"No supporting evidence found, but global data is structurally blind to this cause - retain and test in cognitive interviews",
BTN,Bhutan,4,Human rights violations by authorities,UNEVIDENCED,0.0,0.0,0,0,0.0,0.0,"No supporting evidence found, but global data is structurally blind to this cause - retain and test in cognitive interviews",
BTN,Bhutan,5,Other threats of violence,RESIDUAL,0.0,0.0,0,0,0.0,0.0,Residual code - retained on every showcard by design,
BTN,Bhutan,6,Natural disasters,RECOMMENDED,1.0,0.0,0,138,0.0,0.0,"100% of internal displacement in-country (138 people, IDMC 2025)",Flood (138 displaced)
BTN,Bhutan,7,"Man-made events (eviction, pollution)",UNEVIDENCED,0.0,0.0,0,0,0.0,0.0,"No supporting evidence found, but global data is structurally blind to this cause - retain and test in cognitive interviews",
BTN,Bhutan,8,A different threat,RESIDUAL,0.0,0.0,0,0,0.0,0.0,Residual code - retained on every showcard by design,
BWA,Botswana,1,Armed conflict or war,LOW_SALIENCE,0.0,0.0,0,0,0.0,868.0,Sources cover this country and show little or no displacement from this cause - candidate for de-emphasis in enumerator support material only,
BWA,Botswana,2,Widespread violence / breakdown of public order,LOW_SALIENCE,0.0,0.0,0,0,0.0,868.0,Sources cover this country and show little or no displacement from this cause - candidate for de-emphasis in enumerator support material only,
BWA,Botswana,3,Discrimination or persecution,UNEVIDENCED,0.0,0.0,0,0,0.0,868.0,"No supporting evidence found, but global data is structurally blind to this cause - retain and test in cognitive interviews",
BWA,Botswana,4,Human rights violations by authorities,UNEVIDENCED,0.0,0.0,0,0,0.0,868.0,"No supporting evidence found, but global data is structurally blind to this cause - retain and test in cognitive interviews",
BWA,Botswana,5,Other threats of violence,RESIDUAL,0.0,0.0,0,0,0.0,868.0,Residual code - retained on every showcard by design,
BWA,Botswana,6,Natural disasters,RECOMMENDED,1.0,0.0,0,5636,0.0,868.0,"100% of internal displacement in-country (5,636 people, IDMC 2025)","Flood (5,636 displaced)"
BWA,Botswana,7,"Man-made events (eviction, pollution)",UNEVIDENCED,0.0,0.0,0,0,0.0,868.0,"No supporting evidence found, but global data is structurally blind to this cause - retain and test in cognitive interviews",
BWA,Botswana,8,A different threat,RESIDUAL,0.0,0.0,0,0,0.0,868.0,Residual code - retained on every showcard by design,
CAF,Central African Republic,1,Armed conflict or war,RECOMMENDED,0.8613,0.7613,0,142765,427479.0,63761.0,"86% of internal displacement in-country (142,765 people, IDMC 2025) | 76% origin-weighted - refugees hosted here come from countries where this is a major cause","non-international armed conflict (142,765 displaced); [via Dem. Rep. of the Congo refugees] non-international armed conflict (7,664,444 displaced); [via Sudan refugees] non-international armed conflict (1,732,551 displaced); [via South Sudan refugees] non-international armed conflict (533,282 displaced)"
CAF,Central African Republic,2,Widespread violence / breakdown of public order,LOW_SALIENCE,0.0073,0.0343,0,1211,427479.0,63761.0,Sources cover this country and show little or no displacement from this cause - candidate for de-emphasis in enumerator support material only,"other situations of violence (1,211 displaced); [via Dem. Rep. of the Congo refugees] other situations of violence (455,778 displaced); [via South Sudan refugees] other situations of violence (241,688 displaced)"
CAF,Central African Republic,3,Discrimination or persecution,RECOMMENDED,0.0,0.0,0,0,427479.0,63761.0,"93% asylum recognition rate for people originating here (99,861 decisions) - the protection system judges these claims well-founded | 64% origin-weighted recognition rate for the refugee population hosted here",
CAF,Central African Republic,4,Human rights violations by authorities,RECOMMENDED,0.0,0.0,0,0,427479.0,63761.0,"1,784 civilian deaths attributed to state forces, UCDP one-sided 1989-2025",
CAF,Central African Republic,5,Other threats of violence,RESIDUAL,0.0,0.0,0,0,427479.0,63761.0,Residual code - retained on every showcard by design,
CAF,Central African Republic,6,Natural disasters,RECOMMENDED,0.1045,0.177,0,17319,427479.0,63761.0,"10% of internal displacement in-country (17,319 people, IDMC 2025) | 18% origin-weighted - refugees hosted here come from countries where this is a major cause","Flood (11,563 displaced); Storm (5,756 displaced); [via Dem. Rep. of the Congo refugees] Flood (280,211 displaced); [via Dem. Rep. of the Congo refugees] Storm (32,641 displaced); [via Sudan refugees] Flood (30,025 displaced)"
CAF,Central African Republic,7,"Man-made events (eviction, pollution)",UNEVIDENCED,0.0,0.0001,0,0,427479.0,63761.0,"No supporting evidence found, but global data is structurally blind to this cause - retain and test in cognitive interviews",
CAF,Central African Republic,8,A different threat,RESIDUAL,0.0,0.0,0,0,427479.0,63761.0,Residual code - retained on every showcard by design,
CAN,Canada,1,Armed conflict or war,RECOMMENDED,0.0,0.2538,0,0,0.0,730503.0,25% origin-weighted - refugees hosted here come from countries where this is a major cause,"[via India refugees] international armed conflict (125,000 displaced)"
CAN,Canada,2,Widespread violence / breakdown of public order,RECOMMENDED,0.0,0.0739,0,0,0.0,730503.0,7% origin-weighted - refugees hosted here come from countries where this is a major cause,"[via Haiti refugees] other situations of violence (976,969 displaced); [via India refugees] other situations of violence (3,198 displaced); [via Mexico refugees] other situations of violence (10,329 displaced)"
CAN,Canada,3,Discrimination or persecution,UNEVIDENCED,0.0,0.0,0,0,0.0,730503.0,"No supporting evidence found, but global data is structurally blind to this cause - retain and test in cognitive interviews",
CAN,Canada,4,Human rights violations by authorities,UNEVIDENCED,0.0,0.0,0,0,0.0,730503.0,"No supporting evidence found, but global data is structurally blind to this cause - retain and test in cognitive interviews",
CAN,Canada,5,Other threats of violence,RESIDUAL,0.0,0.0,0,0,0.0,730503.0,Residual code - retained on every showcard by design,
CAN,Canada,6,Natural disasters,RECOMMENDED,0.0208,0.1459,0,1498,0.0,730503.0,15% origin-weighted - refugees hosted here come from countries where this is a major cause,"Flood (1,493 displaced); Storm (5 displaced); [via Haiti refugees] Typhoon/Hurricane/Cyclone (6,435 displaced); [via Haiti refugees] Mixed disasters (3,078 displaced); [via India refugees] Flood (471,525 displaced)"
CAN,Canada,7,"Man-made events (eviction, pollution)",RECOMMENDED,0.9792,0.0022,0,70685,0.0,730503.0,"98% of internal displacement in-country (70,685 people, IDMC 2025)",
CAN,Canada,8,A different threat,RESIDUAL,0.0,0.0,0,0,0.0,730503.0,Residual code - retained on every showcard by design,
CHE,Switzerland,1,Armed conflict or war,RECOMMENDED,0.0,0.4579,1,0,0.0,225326.0,46% origin-weighted - refugees hosted here come from countries where this is a major cause,"[via Afghanistan refugees] international armed conflict (160,896 displaced); [via Syrian Arab Rep. refugees] non-international armed conflict (531,246 displaced)"
CHE,Switzerland,2,Widespread violence / breakdown of public order,RECOMMENDED,0.0,0.0,166,0,0.0,225326.0,166 ACLED events 2018+ (95% of political-violence events here),
CHE,Switzerland,3,Discrimination or persecution,RECOMMENDED,0.0,0.0,0,0,0.0,225326.0,65% origin-weighted recognition rate for the refugee population hosted here,
CHE,Switzerland,4,Human rights violations by authorities,UNEVIDENCED,0.0,0.0,3,0,0.0,225326.0,"No supporting evidence found, but global data is structurally blind to this cause - retain and test in cognitive interviews",
CHE,Switzerland,5,Other threats of violence,RESIDUAL,0.0,0.0,5,0,0.0,225326.0,Residual code - retained on every showcard by design,
CHE,Switzerland,6,Natural disasters,RECOMMENDED,1.0,0.1346,0,356,0.0,225326.0,"100% of internal displacement in-country (356 people, IDMC 2025) | 13% origin-weighted - refugees hosted here come from countries where this is a major cause","Landslide/Wet mass movement (356 displaced); [via Afghanistan refugees] Drought (206,197 displaced); [via Afghanistan refugees] Mixed disasters (24,284 displaced)"
CHE,Switzerland,7,"Man-made events (eviction, pollution)",UNEVIDENCED,0.0,0.0304,0,0,0.0,225326.0,"No supporting evidence found, but global data is structurally blind to this cause - retain and test in cognitive interviews",
CHE,Switzerland,8,A different threat,RESIDUAL,0.0,0.0,0,0,0.0,225326.0,Residual code - retained on every showcard by design,
CHL,Chile,1,Armed conflict or war,RECOMMENDED,0.0,0.0756,0,0,0.0,12192.0,8% origin-weighted - refugees hosted here come from countries where this is a major cause,"[via Colombia refugees] non-international armed conflict (159,639 displaced)"
CHL,Chile,2,Widespread violence / breakdown of public order,RECOMMENDED,0.0,0.111,0,0,0.0,12192.0,11% origin-weighted - refugees hosted here come from countries where this is a major cause,"[via Colombia refugees] other situations of violence (234,467 displaced)"
CHL,Chile,3,Discrimination or persecution,RECOMMENDED,0.0,0.0,0,0,0.0,12192.0,54% origin-weighted recognition rate for the refugee population hosted here,
CHL,Chile,4,Human rights violations by authorities,UNEVIDENCED,0.0,0.0,0,0,0.0,12192.0,"No supporting evidence found, but global data is structurally blind to this cause - retain and test in cognitive interviews",
CHL,Chile,5,Other threats of violence,RESIDUAL,0.0,0.0,0,0,0.0,12192.0,Residual code - retained on every showcard by design,
CHL,Chile,6,Natural disasters,RECOMMENDED,0.9989,0.608,0,1500192,0.0,12192.0,"100% of internal displacement in-country (1,500,192 people, IDMC 2025) | 61% origin-weighted - refugees hosted here come from countries where this is a major cause","Tsunami (1,500,000 displaced); Storm (183 displaced); Dry mass movement (8 displaced); [via Colombia refugees] Flood (77,809 displaced); [via Colombia refugees] Earthquake (4,377 displaced)"
CHL,Chile,7,"Man-made events (eviction, pollution)",UNEVIDENCED,0.0011,0.0,0,1665,0.0,12192.0,"No supporting evidence found, but global data is structurally blind to this cause - retain and test in cognitive interviews",
CHL,Chile,8,A different threat,RESIDUAL,0.0,0.0,0,0,0.0,12192.0,Residual code - retained on every showcard by design,
CHN,China,1,Armed conflict or war,LOW_SALIENCE,0.0,0.0,0,0,0.0,712.0,Sources cover this country and show little or no displacement from this cause - candidate for de-emphasis in enumerator support material only,
CHN,China,2,Widespread violence / breakdown of public order,LOW_SALIENCE,0.0,0.0,0,0,0.0,712.0,Sources cover this country and show little or no displacement from this cause - candidate for de-emphasis in enumerator support material only,
CHN,China,3,Discrimination or persecution,UNEVIDENCED,0.0,0.0,0,0,0.0,712.0,"No supporting evidence found, but global data is structurally blind to this cause - retain and test in cognitive interviews",
CHN,China,4,Human rights violations by authorities,RECOMMENDED,0.0,0.0,0,0,0.0,712.0,"2,651 civilian deaths attributed to state forces, UCDP one-sided 1989-2025",
CHN,China,5,Other threats of violence,RESIDUAL,0.0,0.0,0,0,0.0,712.0,Residual code - retained on every showcard by design,
CHN,China,6,Natural disasters,RECOMMENDED,0.9999,0.0,0,3501429,0.0,712.0,"100% of internal displacement in-country (3,501,429 people, IDMC 2025)","Typhoon/Hurricane/Cyclone (2,743,317 displaced); Flood (598,553 displaced); Earthquake (156,713 displaced)"
CHN,China,7,"Man-made events (eviction, pollution)",UNEVIDENCED,0.0001,0.0,0,266,0.0,712.0,"No supporting evidence found, but global data is structurally blind to this cause - retain and test in cognitive interviews",
CHN,China,8,A different threat,RESIDUAL,0.0,0.0,0,0,0.0,712.0,Residual code - retained on every showcard by design,
CIV,Côte d'Ivoire,1,Armed conflict or war,RECOMMENDED,0.0,0.9102,0,0,0.0,82807.0,91% origin-weighted - refugees hosted here come from countries where this is a major cause,"[via Burkina Faso refugees] non-international armed conflict (315,738 displaced)"
CIV,Côte d'Ivoire,2,Widespread violence / breakdown of public order,RECOMMENDED,1.0,0.0,0,300,0.0,82807.0,"100% of internal displacement in-country (300 people, IDMC 2025)",other situations of violence (300 displaced)
CIV,Côte d'Ivoire,3,Discrimination or persecution,RECOMMENDED,0.0,0.0,0,0,0.0,82807.0,87% origin-weighted recognition rate for the refugee population hosted here,
CIV,Côte d'Ivoire,4,Human rights violations by authorities,RECOMMENDED,0.0,0.0,0,0,0.0,82807.0,"877 civilian deaths attributed to state forces, UCDP one-sided 1989-2025",
CIV,Côte d'Ivoire,5,Other threats of violence,RESIDUAL,0.0,0.0,0,0,0.0,82807.0,Residual code - retained on every showcard by design,
CIV,Côte d'Ivoire,6,Natural disasters,LOW_SALIENCE,0.0,0.0006,0,0,0.0,82807.0,Sources cover this country and show little or no displacement from this cause - candidate for de-emphasis in enumerator support material only,[via Burkina Faso refugees] Flood (211 displaced)
CIV,Côte d'Ivoire,7,"Man-made events (eviction, pollution)",UNEVIDENCED,0.0,0.0,0,0,0.0,82807.0,"No supporting evidence found, but global data is structurally blind to this cause - retain and test in cognitive interviews",
CIV,Côte d'Ivoire,8,A different threat,RESIDUAL,0.0,0.0,0,0,0.0,82807.0,Residual code - retained on every showcard by design,
CMR,Cameroon,1,Armed conflict or war,RECOMMENDED,0.7427,0.6459,0,55343,1004257.0,427166.0,"74% of internal displacement in-country (55,343 people, IDMC 2025) | 65% origin-weighted - refugees hosted here come from countries where this is a major cause","non-international armed conflict (55,343 displaced); [via Central African Rep. refugees] non-international armed conflict (142,765 displaced); [via Nigeria refugees] non-international armed conflict (130,579 displaced)"
CMR,Cameroon,2,Widespread violence / breakdown of public order,RECOMMENDED,0.1067,0.1365,0,7955,1004257.0,427166.0,"11% of internal displacement in-country (7,955 people, IDMC 2025) | 14% origin-weighted - refugees hosted here come from countries where this is a major cause","other situations of violence (7,955 displaced); [via Central African Rep. refugees] other situations of violence (1,211 displaced); [via Nigeria refugees] other situations of violence (223,045 displaced)"
CMR,Cameroon,3,Discrimination or persecution,RECOMMENDED,0.0,0.0,0,0,1004257.0,427166.0,"56% asylum recognition rate for people originating here (124,503 decisions) - the protection system judges these claims well-founded | 69% origin-weighted recognition rate for the refugee population hosted here",
CMR,Cameroon,4,Human rights violations by authorities,RECOMMENDED,0.0,0.0,0,0,1004257.0,427166.0,"544 civilian deaths attributed to state forces, UCDP one-sided 1989-2025",
CMR,Cameroon,5,Other threats of violence,RESIDUAL,0.0,0.0,0,0,1004257.0,427166.0,Residual code - retained on every showcard by design,
CMR,Cameroon,6,Natural disasters,RECOMMENDED,0.1471,0.1595,0,10963,1004257.0,427166.0,"15% of internal displacement in-country (10,963 people, IDMC 2025) | 16% origin-weighted - refugees hosted here come from countries where this is a major cause","Flood (8,879 displaced); Landslide/Wet mass movement (1,844 displaced); Storm (240 displaced); [via Central African Rep. refugees] Flood (11,563 displaced); [via Central African Rep. refugees] Storm (5,756 displaced)"
CMR,Cameroon,7,"Man-made events (eviction, pollution)",UNEVIDENCED,0.0035,0.0,0,259,1004257.0,427166.0,"No supporting evidence found, but global data is structurally blind to this cause - retain and test in cognitive interviews",
CMR,Cameroon,8,A different threat,RESIDUAL,0.0,0.0,0,0,1004257.0,427166.0,Residual code - retained on every showcard by design,
COD,"Congo, The Democratic Republic of the",1,Armed conflict or war,RECOMMENDED,0.7618,0.4405,0,7664444,5669479.0,603844.0,"76% of internal displacement in-country (7,664,444 people, IDMC 2025) | 44% origin-weighted - refugees hosted here come from countries where this is a major cause","non-international armed conflict (7,664,444 displaced); [via Central African Rep. refugees] non-international armed conflict (142,765 displaced)"
COD,"Congo, The Democratic Republic of the",2,Widespread violence / breakdown of public order,LOW_SALIENCE,0.0453,0.0299,0,455778,5669479.0,603844.0,Sources cover this country and show little or no displacement from this cause - candidate for de-emphasis in enumerator support material only,"other situations of violence (455,778 displaced); [via Central African Rep. refugees] other situations of violence (1,211 displaced)"
COD,"Congo, The Democratic Republic of the",3,Discrimination or persecution,RECOMMENDED,0.0,0.0,0,0,5669479.0,603844.0,"68% asylum recognition rate for people originating here (500,625 decisions) - the protection system judges these claims well-founded | 76% origin-weighted recognition rate for the refugee population hosted here",
COD,"Congo, The Democratic Republic of the",4,Human rights violations by authorities,RECOMMENDED,0.0,0.0,0,0,5669479.0,603844.0,"286,234 civilian deaths attributed to state forces, UCDP one-sided 1989-2025",
COD,"Congo, The Democratic Republic of the",5,Other threats of violence,RESIDUAL,0.0,0.0,0,0,5669479.0,603844.0,Residual code - retained on every showcard by design,
COD,"Congo, The Democratic Republic of the",6,Natural disasters,RECOMMENDED,0.0311,0.502,0,312852,5669479.0,603844.0,50% origin-weighted - refugees hosted here come from countries where this is a major cause,"Flood (280,211 displaced); Storm (32,641 displaced); [via Burundi refugees] Flood (14,386 displaced); [via Burundi refugees] Storm (3,702 displaced); [via Central African Rep. refugees] Flood (11,563 displaced)"
COD,"Congo, The Democratic Republic of the",7,"Man-made events (eviction, pollution)",UNEVIDENCED,0.0,0.0002,0,0,5669479.0,603844.0,"No supporting evidence found, but global data is structurally blind to this cause - retain and test in cognitive interviews",
COD,"Congo, The Democratic Republic of the",8,A different threat,RESIDUAL,0.0,0.0,0,0,5669479.0,603844.0,Residual code - retained on every showcard by design,
COG,Congo,1,Armed conflict or war,RECOMMENDED,0.0,0.7675,0,0,0.0,70609.0,77% origin-weighted - refugees hosted here come from countries where this is a major cause,"[via Central African Rep. refugees] non-international armed conflict (142,765 displaced); [via Dem. Rep. of the Congo refugees] non-international armed conflict (7,664,444 displaced)"
COG,Congo,2,Widespread violence / breakdown of public order,LOW_SALIENCE,0.0,0.0235,0,0,0.0,70609.0,Sources cover this country and show little or no displacement from this cause - candidate for de-emphasis in enumerator support material only,"[via Central African Rep. refugees] other situations of violence (1,211 displaced); [via Dem. Rep. of the Congo refugees] other situations of violence (455,778 displaced)"
COG,Congo,3,Discrimination or persecution,RECOMMENDED,0.0,0.0,0,0,0.0,70609.0,81% origin-weighted recognition rate for the refugee population hosted here,
COG,Congo,4,Human rights violations by authorities,RECOMMENDED,0.0,0.0,0,0,0.0,70609.0,"1,247 civilian deaths attributed to state forces, UCDP one-sided 1989-2025",
COG,Congo,5,Other threats of violence,RESIDUAL,0.0,0.0,0,0,0.0,70609.0,Residual code - retained on every showcard by design,
COG,Congo,6,Natural disasters,RECOMMENDED,1.0,0.0662,0,22850,0.0,70609.0,"100% of internal displacement in-country (22,850 people, IDMC 2025) | 7% origin-weighted - refugees hosted here come from countries where this is a major cause","Flood (22,850 displaced); [via Central African Rep. refugees] Flood (11,563 displaced); [via Central African Rep. refugees] Storm (5,756 displaced); [via Dem. Rep. of the Congo refugees] Flood (280,211 displaced); [via Dem. Rep. of the Congo refugees] Storm (32,641 displaced)"
COG,Congo,7,"Man-made events (eviction, pollution)",UNEVIDENCED,0.0,0.0,0,0,0.0,70609.0,"No supporting evidence found, but global data is structurally blind to this cause - retain and test in cognitive interviews",
COG,Congo,8,A different threat,RESIDUAL,0.0,0.0,0,0,0.0,70609.0,Residual code - retained on every showcard by design,
COL,Colombia,1,Armed conflict or war,RECOMMENDED,0.3311,0.0,0,159639,7157716.0,18885.0,"33% of internal displacement in-country (159,639 people, IDMC 2025)","non-international armed conflict (159,639 displaced)"
COL,Colombia,2,Widespread violence / breakdown of public order,RECOMMENDED,0.4863,0.0,0,234467,7157716.0,18885.0,"49% of internal displacement in-country (234,467 people, IDMC 2025)","other situations of violence (234,467 displaced)"
COL,Colombia,3,Discrimination or persecution,RECOMMENDED,0.0,0.0,0,0,7157716.0,18885.0,68% origin-weighted recognition rate for the refugee population hosted here,
COL,Colombia,4,Human rights violations by authorities,RECOMMENDED,0.0,0.0,0,0,7157716.0,18885.0,"1,336 civilian deaths attributed to state forces, UCDP one-sided 1989-2025",
COL,Colombia,5,Other threats of violence,RESIDUAL,0.0,0.0,0,0,7157716.0,18885.0,Residual code - retained on every showcard by design,
COL,Colombia,6,Natural disasters,RECOMMENDED,0.1826,0.9223,0,88036,7157716.0,18885.0,"18% of internal displacement in-country (88,036 people, IDMC 2025) | 92% origin-weighted - refugees hosted here come from countries where this is a major cause","Flood (77,809 displaced); Earthquake (4,377 displaced); Storm (3,042 displaced); [via Venezuela (Bolivarian Republic of) refugees] Flood (5,959 displaced)"
COL,Colombia,7,"Man-made events (eviction, pollution)",UNEVIDENCED,0.0,0.0,0,7,7157716.0,18885.0,"No supporting evidence found, but global data is structurally blind to this cause - retain and test in cognitive interviews",
COL,Colombia,8,A different threat,RESIDUAL,0.0,0.0,0,0,7157716.0,18885.0,Residual code - retained on every showcard by design,
CPV,Cabo Verde,1,Armed conflict or war,LOW_SALIENCE,0.0,0.0,0,0,0.0,0.0,Sources cover this country and show little or no displacement from this cause - candidate for de-emphasis in enumerator support material only,
CPV,Cabo Verde,2,Widespread violence / breakdown of public order,LOW_SALIENCE,0.0,0.0,0,0,0.0,0.0,Sources cover this country and show little or no displacement from this cause - candidate for de-emphasis in enumerator support material only,
CPV,Cabo Verde,3,Discrimination or persecution,UNEVIDENCED,0.0,0.0,0,0,0.0,0.0,"No supporting evidence found, but global data is structurally blind to this cause - retain and test in cognitive interviews",
CPV,Cabo Verde,4,Human rights violations by authorities,UNEVIDENCED,0.0,0.0,0,0,0.0,0.0,"No supporting evidence found, but global data is structurally blind to this cause - retain and test in cognitive interviews",
CPV,Cabo Verde,5,Other threats of violence,RESIDUAL,0.0,0.0,0,0,0.0,0.0,Residual code - retained on every showcard by design,
CPV,Cabo Verde,6,Natural disasters,RECOMMENDED,1.0,0.0,0,1500,0.0,0.0,"100% of internal displacement in-country (1,500 people, IDMC 2025)","Storm (1,500 displaced)"
CPV,Cabo Verde,7,"Man-made events (eviction, pollution)",UNEVIDENCED,0.0,0.0,0,0,0.0,0.0,"No supporting evidence found, but global data is structurally blind to this cause - retain and test in cognitive interviews",
CPV,Cabo Verde,8,A different threat,RESIDUAL,0.0,0.0,0,0,0.0,0.0,Residual code - retained on every showcard by design,
CRI,Costa Rica,1,Armed conflict or war,LOW_SALIENCE,0.0,0.0,0,0,0.0,214607.0,Sources cover this country and show little or no displacement from this cause - candidate for de-emphasis in enumerator support material only,
CRI,Costa Rica,2,Widespread violence / breakdown of public order,LOW_SALIENCE,0.0,0.0,0,0,0.0,214607.0,Sources cover this country and show little or no displacement from this cause - candidate for de-emphasis in enumerator support material only,
CRI,Costa Rica,3,Discrimination or persecution,UNEVIDENCED,0.0,0.0,0,0,0.0,214607.0,"No supporting evidence found, but global data is structurally blind to this cause - retain and test in cognitive interviews",
CRI,Costa Rica,4,Human rights violations by authorities,UNEVIDENCED,0.0,0.0,0,0,0.0,214607.0,"No supporting evidence found, but global data is structurally blind to this cause - retain and test in cognitive interviews",
CRI,Costa Rica,5,Other threats of violence,RESIDUAL,0.0,0.0,0,0,0.0,214607.0,Residual code - retained on every showcard by design,
CRI,Costa Rica,6,Natural disasters,RECOMMENDED,1.0,0.8335,0,1514,0.0,214607.0,"100% of internal displacement in-country (1,514 people, IDMC 2025) | 83% origin-weighted - refugees hosted here come from countries where this is a major cause","Flood (1,477 displaced); Landslide/Wet mass movement (37 displaced); [via Nicaragua refugees] Flood (575 displaced)"
CRI,Costa Rica,7,"Man-made events (eviction, pollution)",UNEVIDENCED,0.0,0.0,0,0,0.0,214607.0,"No supporting evidence found, but global data is structurally blind to this cause - retain and test in cognitive interviews",
CRI,Costa Rica,8,A different threat,RESIDUAL,0.0,0.0,0,0,0.0,214607.0,Residual code - retained on every showcard by design,
CUB,Cuba,1,Armed conflict or war,LOW_SALIENCE,0.0,0.0,0,0,0.0,155.0,Sources cover this country and show little or no displacement from this cause - candidate for de-emphasis in enumerator support material only,
CUB,Cuba,2,Widespread violence / breakdown of public order,LOW_SALIENCE,0.0,0.0,0,0,0.0,155.0,Sources cover this country and show little or no displacement from this cause - candidate for de-emphasis in enumerator support material only,
CUB,Cuba,3,Discrimination or persecution,UNEVIDENCED,0.0,0.0,0,0,0.0,155.0,"No supporting evidence found, but global data is structurally blind to this cause - retain and test in cognitive interviews",
CUB,Cuba,4,Human rights violations by authorities,UNEVIDENCED,0.0,0.0,0,0,0.0,155.0,"No supporting evidence found, but global data is structurally blind to this cause - retain and test in cognitive interviews",
CUB,Cuba,5,Other threats of violence,RESIDUAL,0.0,0.0,0,0,0.0,155.0,Residual code - retained on every showcard by design,
CUB,Cuba,6,Natural disasters,RECOMMENDED,1.0,0.0,0,753000,0.0,155.0,"100% of internal displacement in-country (753,000 people, IDMC 2025)","Typhoon/Hurricane/Cyclone (753,000 displaced)"
CUB,Cuba,7,"Man-made events (eviction, pollution)",UNEVIDENCED,0.0,0.0,0,0,0.0,155.0,"No supporting evidence found, but global data is structurally blind to this cause - retain and test in cognitive interviews",
CUB,Cuba,8,A different threat,RESIDUAL,0.0,0.0,0,0,0.0,155.0,Residual code - retained on every showcard by design,
CYP,Cyprus,1,Armed conflict or war,RECOMMENDED,0.0,0.7021,59,0,0.0,71369.0,70% origin-weighted - refugees hosted here come from countries where this is a major cause | 59 ACLED events 2018+ (14% of political-violence events here),"[via Syrian Arab Rep. refugees] non-international armed conflict (531,246 displaced); [via Ukraine refugees] international armed conflict (167,869 displaced)"
CYP,Cyprus,2,Widespread violence / breakdown of public order,RECOMMENDED,0.0,0.0,279,0,0.0,71369.0,279 ACLED events 2018+ (65% of political-violence events here),
CYP,Cyprus,3,Discrimination or persecution,RECOMMENDED,0.0,0.0,0,0,0.0,71369.0,74% origin-weighted recognition rate for the refugee population hosted here,
CYP,Cyprus,4,Human rights violations by authorities,RECOMMENDED,0.0,0.0,34,0,0.0,71369.0,34 ACLED events 2018+ (8% of political-violence events here),
CYP,Cyprus,5,Other threats of violence,RESIDUAL,0.0,0.0,56,0,0.0,71369.0,Residual code - retained on every showcard by design,
CYP,Cyprus,6,Natural disasters,LOW_SALIENCE,0.0,0.0,0,0,0.0,71369.0,Sources cover this country and show little or no displacement from this cause - candidate for de-emphasis in enumerator support material only,
CYP,Cyprus,7,"Man-made events (eviction, pollution)",RECOMMENDED,1.0,0.0001,0,3737,0.0,71369.0,"100% of internal displacement in-country (3,737 people, IDMC 2025)",
CYP,Cyprus,8,A different threat,RESIDUAL,0.0,0.0,0,0,0.0,71369.0,Residual code - retained on every showcard by design,
CZE,Czechia,1,Armed conflict or war,RECOMMENDED,,0.9909,24,0,0.0,396552.0,99% origin-weighted - refugees hosted here come from countries where this is a major cause | 24 ACLED events 2018+ (18% of political-violence events here),"[via Ukraine refugees] international armed conflict (167,869 displaced)"
CZE,Czechia,2,Widespread violence / breakdown of public order,RECOMMENDED,,0.0,97,0,0.0,396552.0,97 ACLED events 2018+ (71% of political-violence events here),
CZE,Czechia,3,Discrimination or persecution,RECOMMENDED,,0.0,0,0,0.0,396552.0,60% origin-weighted recognition rate for the refugee population hosted here,
CZE,Czechia,4,Human rights violations by authorities,UNEVIDENCED,,0.0,2,0,0.0,396552.0,"No supporting evidence found, but global data is structurally blind to this cause - retain and test in cognitive interviews",
CZE,Czechia,5,Other threats of violence,RESIDUAL,,0.0,14,0,0.0,396552.0,Residual code - retained on every showcard by design,
CZE,Czechia,6,Natural disasters,LOW_SALIENCE,,0.0,0,0,0.0,396552.0,Sources cover this country and show little or no displacement from this cause - candidate for de-emphasis in enumerator support material only,
CZE,Czechia,7,"Man-made events (eviction, pollution)",UNEVIDENCED,,0.0004,0,0,0.0,396552.0,"No supporting evidence found, but global data is structurally blind to this cause - retain and test in cognitive interviews",
CZE,Czechia,8,A different threat,RESIDUAL,,0.0,0,0,0.0,396552.0,Residual code - retained on every showcard by design,
DEU,Germany,1,Armed conflict or war,RECOMMENDED,0.0,0.6913,20,0,0.0,2952694.0,69% origin-weighted - refugees hosted here come from countries where this is a major cause,"[via Afghanistan refugees] international armed conflict (160,896 displaced); [via Syrian Arab Rep. refugees] non-international armed conflict (531,246 displaced); [via Ukraine refugees] international armed conflict (167,869 displaced)"
DEU,Germany,2,Widespread violence / breakdown of public order,RECOMMENDED,0.0,0.0,2762,0,0.0,2952694.0,"2,762 ACLED events 2018+ (95% of political-violence events here)",
DEU,Germany,3,Discrimination or persecution,RECOMMENDED,0.0,0.0,0,0,0.0,2952694.0,69% origin-weighted recognition rate for the refugee population hosted here,
DEU,Germany,4,Human rights violations by authorities,UNEVIDENCED,0.0,0.0,37,0,0.0,2952694.0,"No supporting evidence found, but global data is structurally blind to this cause - retain and test in cognitive interviews",
DEU,Germany,5,Other threats of violence,RESIDUAL,0.0,0.0,83,0,0.0,2952694.0,Residual code - retained on every showcard by design,
DEU,Germany,6,Natural disasters,RECOMMENDED,0.0,0.0674,0,0,0.0,2952694.0,7% origin-weighted - refugees hosted here come from countries where this is a major cause,"[via Afghanistan refugees] Drought (206,197 displaced); [via Afghanistan refugees] Mixed disasters (24,284 displaced)"
DEU,Germany,7,"Man-made events (eviction, pollution)",RECOMMENDED,1.0,0.0001,0,269,0.0,2952694.0,"100% of internal displacement in-country (269 people, IDMC 2025)",
DEU,Germany,8,A different threat,RESIDUAL,0.0,0.0,0,0,0.0,2952694.0,Residual code - retained on every showcard by design,
DJI,Djibouti,1,Armed conflict or war,RECOMMENDED,,0.2547,0,0,0.0,35040.0,25% origin-weighted - refugees hosted here come from countries where this is a major cause,"[via Ethiopia refugees] non-international armed conflict (320,508 displaced); [via Yemen refugees] non-international armed conflict (56,798 displaced)"
DJI,Djibouti,2,Widespread violence / breakdown of public order,UNEVIDENCED,,0.0,0,0,0.0,35040.0,No source covers this country,
DJI,Djibouti,3,Discrimination or persecution,RECOMMENDED,,0.0,0,0,0.0,35040.0,60% origin-weighted recognition rate for the refugee population hosted here,
DJI,Djibouti,4,Human rights violations by authorities,UNEVIDENCED,,0.0,0,0,0.0,35040.0,"No supporting evidence found, but global data is structurally blind to this cause - retain and test in cognitive interviews",
DJI,Djibouti,5,Other threats of violence,RESIDUAL,,0.0,0,0,0.0,35040.0,Residual code - retained on every showcard by design,
DJI,Djibouti,6,Natural disasters,RECOMMENDED,,0.5156,0,0,0.0,35040.0,52% origin-weighted - refugees hosted here come from countries where this is a major cause,"[via Ethiopia refugees] Flood (119,253 displaced); [via Ethiopia refugees] Earthquake (79,737 displaced); [via Somalia refugees] Drought (289,897 displaced); [via Somalia refugees] Flood (45,533 displaced); [via Yemen refugees] Flood (262,927 displaced)"
DJI,Djibouti,7,"Man-made events (eviction, pollution)",UNEVIDENCED,,0.0004,0,0,0.0,35040.0,"No supporting evidence found, but global data is structurally blind to this cause - retain and test in cognitive interviews",
DJI,Djibouti,8,A different threat,RESIDUAL,,0.0,0,0,0.0,35040.0,Residual code - retained on every showcard by design,
DNK,Denmark,1,Armed conflict or war,RECOMMENDED,,0.6721,9,0,0.0,97745.0,67% origin-weighted - refugees hosted here come from countries where this is a major cause,"[via Syrian Arab Rep. refugees] non-international armed conflict (531,246 displaced); [via Ukraine refugees] international armed conflict (167,869 displaced)"
DNK,Denmark,2,Widespread violence / breakdown of public order,RECOMMENDED,,0.0,240,0,0.0,97745.0,240 ACLED events 2018+ (93% of political-violence events here),
DNK,Denmark,3,Discrimination or persecution,RECOMMENDED,,0.0,0,0,0.0,97745.0,62% origin-weighted recognition rate for the refugee population hosted here,
DNK,Denmark,4,Human rights violations by authorities,UNEVIDENCED,,0.0,3,0,0.0,97745.0,"No supporting evidence found, but global data is structurally blind to this cause - retain and test in cognitive interviews",
DNK,Denmark,5,Other threats of violence,RESIDUAL,,0.0,7,0,0.0,97745.0,Residual code - retained on every showcard by design,
DNK,Denmark,6,Natural disasters,RECOMMENDED,,0.0503,0,0,0.0,97745.0,5% origin-weighted - refugees hosted here come from countries where this is a major cause,[via Bosnia and Herzegovina refugees] Flood (144 displaced); [via Bosnia and Herzegovina refugees] Landslide/Wet mass movement (22 displaced)
DNK,Denmark,7,"Man-made events (eviction, pollution)",UNEVIDENCED,,0.0002,0,0,0.0,97745.0,"No supporting evidence found, but global data is structurally blind to this cause - retain and test in cognitive interviews",
DNK,Denmark,8,A different threat,RESIDUAL,,0.0,0,0,0.0,97745.0,Residual code - retained on every showcard by design,
DOM,Dominican Republic,1,Armed conflict or war,LOW_SALIENCE,0.0,0.0,0,0,0.0,1049.0,Sources cover this country and show little or no displacement from this cause - candidate for de-emphasis in enumerator support material only,
DOM,Dominican Republic,2,Widespread violence / breakdown of public order,LOW_SALIENCE,0.0,0.0,0,0,0.0,1049.0,Sources cover this country and show little or no displacement from this cause - candidate for de-emphasis in enumerator support material only,
DOM,Dominican Republic,3,Discrimination or persecution,UNEVIDENCED,0.0,0.0,0,0,0.0,1049.0,"No supporting evidence found, but global data is structurally blind to this cause - retain and test in cognitive interviews",
DOM,Dominican Republic,4,Human rights violations by authorities,UNEVIDENCED,0.0,0.0,0,0,0.0,1049.0,"No supporting evidence found, but global data is structurally blind to this cause - retain and test in cognitive interviews",
DOM,Dominican Republic,5,Other threats of violence,RESIDUAL,0.0,0.0,0,0,0.0,1049.0,Residual code - retained on every showcard by design,
DOM,Dominican Republic,6,Natural disasters,RECOMMENDED,1.0,0.0,0,30808,0.0,1049.0,"100% of internal displacement in-country (30,808 people, IDMC 2025)","Flood (26,673 displaced); Typhoon/Hurricane/Cyclone (4,135 displaced)"
DOM,Dominican Republic,7,"Man-made events (eviction, pollution)",UNEVIDENCED,0.0,0.0,0,0,0.0,1049.0,"No supporting evidence found, but global data is structurally blind to this cause - retain and test in cognitive interviews",
DOM,Dominican Republic,8,A different threat,RESIDUAL,0.0,0.0,0,0,0.0,1049.0,Residual code - retained on every showcard by design,
DZA,Algeria,1,Armed conflict or war,LOW_SALIENCE,0.0,0.0,0,0,0.0,184265.0,Sources cover this country and show little or no displacement from this cause - candidate for de-emphasis in enumerator support material only,
DZA,Algeria,2,Widespread violence / breakdown of public order,LOW_SALIENCE,0.0,0.0,0,0,0.0,184265.0,Sources cover this country and show little or no displacement from this cause - candidate for de-emphasis in enumerator support material only,
DZA,Algeria,3,Discrimination or persecution,UNEVIDENCED,0.0,0.0,0,0,0.0,184265.0,"No supporting evidence found, but global data is structurally blind to this cause - retain and test in cognitive interviews",
DZA,Algeria,4,Human rights violations by authorities,UNEVIDENCED,0.0,0.0,0,0,0.0,184265.0,"No supporting evidence found, but global data is structurally blind to this cause - retain and test in cognitive interviews",
DZA,Algeria,5,Other threats of violence,RESIDUAL,0.0,0.0,0,0,0.0,184265.0,Residual code - retained on every showcard by design,
DZA,Algeria,6,Natural disasters,RECOMMENDED,0.9199,0.0,0,2836,0.0,184265.0,"92% of internal displacement in-country (2,836 people, IDMC 2025)","Landslide/Wet mass movement (2,104 displaced); Flood (732 displaced)"
DZA,Algeria,7,"Man-made events (eviction, pollution)",RECOMMENDED,0.0801,0.0,0,247,0.0,184265.0,"8% of internal displacement in-country (247 people, IDMC 2025)",
DZA,Algeria,8,A different threat,RESIDUAL,0.0,0.0,0,0,0.0,184265.0,Residual code - retained on every showcard by design,
ECU,Ecuador,1,Armed conflict or war,RECOMMENDED,0.2752,0.2404,0,38840,0.0,34999.0,"28% of internal displacement in-country (38,840 people, IDMC 2025) | 24% origin-weighted - refugees hosted here come from countries where this is a major cause","non-international armed conflict (38,840 displaced); [via Colombia refugees] non-international armed conflict (159,639 displaced)"
ECU,Ecuador,2,Widespread violence / breakdown of public order,RECOMMENDED,0.6571,0.3531,0,92730,0.0,34999.0,"66% of internal displacement in-country (92,730 people, IDMC 2025) | 35% origin-weighted - refugees hosted here come from countries where this is a major cause","other situations of violence (92,730 displaced); [via Colombia refugees] other situations of violence (234,467 displaced)"
ECU,Ecuador,3,Discrimination or persecution,UNEVIDENCED,0.0,0.0,0,0,0.0,34999.0,"No supporting evidence found, but global data is structurally blind to this cause - retain and test in cognitive interviews",
ECU,Ecuador,4,Human rights violations by authorities,RECOMMENDED,0.0,0.0,0,0,0.0,34999.0,"319 civilian deaths attributed to state forces, UCDP one-sided 1989-2025",
ECU,Ecuador,5,Other threats of violence,RESIDUAL,0.0,0.0,0,0,0.0,34999.0,Residual code - retained on every showcard by design,
ECU,Ecuador,6,Natural disasters,RECOMMENDED,0.0677,0.3662,0,9550,0.0,34999.0,"7% of internal displacement in-country (9,550 people, IDMC 2025) | 37% origin-weighted - refugees hosted here come from countries where this is a major cause","Flood (4,090 displaced); Earthquake (4,011 displaced); Storm (1,444 displaced); [via Colombia refugees] Flood (77,809 displaced); [via Colombia refugees] Earthquake (4,377 displaced)"
ECU,Ecuador,7,"Man-made events (eviction, pollution)",UNEVIDENCED,0.0,0.0,0,4,0.0,34999.0,"No supporting evidence found, but global data is structurally blind to this cause - retain and test in cognitive interviews",
ECU,Ecuador,8,A different threat,RESIDUAL,0.0,0.0,0,0,0.0,34999.0,Residual code - retained on every showcard by design,
EGY,Egypt,1,Armed conflict or war,RECOMMENDED,0.0,0.8534,0,0,0.0,1098301.0,85% origin-weighted - refugees hosted here come from countries where this is a major cause,"[via Sudan refugees] non-international armed conflict (1,732,551 displaced); [via Syrian Arab Rep. refugees] non-international armed conflict (531,246 displaced)"
EGY,Egypt,2,Widespread violence / breakdown of public order,LOW_SALIENCE,0.0,0.0,0,0,0.0,1098301.0,Sources cover this country and show little or no displacement from this cause - candidate for de-emphasis in enumerator support material only,
EGY,Egypt,3,Discrimination or persecution,RECOMMENDED,0.0,0.0,0,0,0.0,1098301.0,72% origin-weighted recognition rate for the refugee population hosted here,
EGY,Egypt,4,Human rights violations by authorities,RECOMMENDED,0.0,0.0,0,0,0.0,1098301.0,"119 civilian deaths attributed to state forces, UCDP one-sided 1989-2025",
EGY,Egypt,5,Other threats of violence,RESIDUAL,0.0,0.0,0,0,0.0,1098301.0,Residual code - retained on every showcard by design,
EGY,Egypt,6,Natural disasters,RECOMMENDED,1.0,0.013,0,2,0.0,1098301.0,"100% of internal displacement in-country (2 people, IDMC 2025)","Sea level rise (2 displaced); [via Sudan refugees] Flood (30,025 displaced); [via Sudan refugees] Landslide/Wet mass movement (150 displaced)"
EGY,Egypt,7,"Man-made events (eviction, pollution)",UNEVIDENCED,0.0,0.0,0,0,0.0,1098301.0,"No supporting evidence found, but global data is structurally blind to this cause - retain and test in cognitive interviews",
EGY,Egypt,8,A different threat,RESIDUAL,0.0,0.0,0,0,0.0,1098301.0,Residual code - retained on every showcard by design,
ESP,Spain,1,Armed conflict or war,RECOMMENDED,0.0,0.3629,8,0,0.0,759794.0,36% origin-weighted - refugees hosted here come from countries where this is a major cause,"[via Colombia refugees] non-international armed conflict (159,639 displaced); [via Ukraine refugees] international armed conflict (167,869 displaced)"
ESP,Spain,2,Widespread violence / breakdown of public order,RECOMMENDED,0.0,0.0457,876,0,0.0,759794.0,876 ACLED events 2018+ (95% of political-violence events here),"[via Colombia refugees] other situations of violence (234,467 displaced)"
ESP,Spain,3,Discrimination or persecution,RECOMMENDED,0.0,0.0,0,0,0.0,759794.0,59% origin-weighted recognition rate for the refugee population hosted here,
ESP,Spain,4,Human rights violations by authorities,UNEVIDENCED,0.0,0.0,13,0,0.0,759794.0,"No supporting evidence found, but global data is structurally blind to this cause - retain and test in cognitive interviews",
ESP,Spain,5,Other threats of violence,RESIDUAL,0.0,0.0,28,0,0.0,759794.0,Residual code - retained on every showcard by design,
ESP,Spain,6,Natural disasters,RECOMMENDED,0.0818,0.3906,0,2674,0.0,759794.0,"8% of internal displacement in-country (2,674 people, IDMC 2025) | 39% origin-weighted - refugees hosted here come from countries where this is a major cause","Storm (1,489 displaced); Flood (986 displaced); Landslide/Wet mass movement (171 displaced); [via Colombia refugees] Flood (77,809 displaced); [via Colombia refugees] Earthquake (4,377 displaced)"
ESP,Spain,7,"Man-made events (eviction, pollution)",RECOMMENDED,0.9182,0.0001,0,30020,0.0,759794.0,"92% of internal displacement in-country (30,020 people, IDMC 2025)",
ESP,Spain,8,A different threat,RESIDUAL,0.0,0.0,0,0,0.0,759794.0,Residual code - retained on every showcard by design,
EST,Estonia,1,Armed conflict or war,RECOMMENDED,,0.986,3,0,0.0,41620.0,99% origin-weighted - refugees hosted here come from countries where this is a major cause,"[via Ukraine refugees] international armed conflict (167,869 displaced)"
EST,Estonia,2,Widespread violence / breakdown of public order,LOW_SALIENCE,,0.0,9,0,0.0,41620.0,Sources cover this country and show little or no displacement from this cause - candidate for de-emphasis in enumerator support material only,
EST,Estonia,3,Discrimination or persecution,RECOMMENDED,,0.0,0,0,0.0,41620.0,60% origin-weighted recognition rate for the refugee population hosted here,
EST,Estonia,4,Human rights violations by authorities,UNEVIDENCED,,0.0,1,0,0.0,41620.0,"No supporting evidence found, but global data is structurally blind to this cause - retain and test in cognitive interviews",
EST,Estonia,5,Other threats of violence,RESIDUAL,,0.0,1,0,0.0,41620.0,Residual code - retained on every showcard by design,
EST,Estonia,6,Natural disasters,LOW_SALIENCE,,0.0,0,0,0.0,41620.0,Sources cover this country and show little or no displacement from this cause - candidate for de-emphasis in enumerator support material only,
EST,Estonia,7,"Man-made events (eviction, pollution)",UNEVIDENCED,,0.0004,0,0,0.0,41620.0,"No supporting evidence found, but global data is structurally blind to this cause - retain and test in cognitive interviews",
EST,Estonia,8,A different threat,RESIDUAL,,0.0,0,0,0.0,41620.0,Residual code - retained on every showcard by design,
ETH,Ethiopia,1,Armed conflict or war,RECOMMENDED,0.5372,0.2611,0,320508,2378000.0,1123453.0,"54% of internal displacement in-country (320,508 people, IDMC 2025) | 26% origin-weighted - refugees hosted here come from countries where this is a major cause","non-international armed conflict (320,508 displaced); [via Sudan refugees] non-international armed conflict (1,732,551 displaced)"
ETH,Ethiopia,2,Widespread violence / breakdown of public order,RECOMMENDED,0.0,0.0768,0,0,2378000.0,1123453.0,8% origin-weighted - refugees hosted here come from countries where this is a major cause,
ETH,Ethiopia,3,Discrimination or persecution,RECOMMENDED,0.0,0.0,0,0,2378000.0,1123453.0,84% origin-weighted recognition rate for the refugee population hosted here,
ETH,Ethiopia,4,Human rights violations by authorities,RECOMMENDED,0.0,0.0,0,0,2378000.0,1123453.0,"10,945 civilian deaths attributed to state forces, UCDP one-sided 1989-2025",
ETH,Ethiopia,5,Other threats of violence,RESIDUAL,0.0,0.0,0,0,2378000.0,1123453.0,Residual code - retained on every showcard by design,
ETH,Ethiopia,6,Natural disasters,RECOMMENDED,0.4084,0.3529,0,243648,2378000.0,1123453.0,"41% of internal displacement in-country (243,648 people, IDMC 2025) | 35% origin-weighted - refugees hosted here come from countries where this is a major cause","Flood (119,253 displaced); Earthquake (79,737 displaced); Storm (38,537 displaced); [via Sudan refugees] Flood (30,025 displaced); [via Sudan refugees] Landslide/Wet mass movement (150 displaced)"
ETH,Ethiopia,7,"Man-made events (eviction, pollution)",UNEVIDENCED,0.0,0.0007,0,0,2378000.0,1123453.0,"No supporting evidence found, but global data is structurally blind to this cause - retain and test in cognitive interviews",
ETH,Ethiopia,8,A different threat,RESIDUAL,0.0,0.0,0,0,2378000.0,1123453.0,Residual code - retained on every showcard by design,
FIN,Finland,1,Armed conflict or war,RECOMMENDED,,0.7941,9,0,0.0,104423.0,79% origin-weighted - refugees hosted here come from countries where this is a major cause,"[via Iraq refugees] non-international armed conflict (31,919 displaced); [via Ukraine refugees] international armed conflict (167,869 displaced)"
FIN,Finland,2,Widespread violence / breakdown of public order,RECOMMENDED,,0.0,142,0,0.0,104423.0,142 ACLED events 2018+ (89% of political-violence events here),
FIN,Finland,3,Discrimination or persecution,RECOMMENDED,,0.0,0,0,0.0,104423.0,59% origin-weighted recognition rate for the refugee population hosted here,
FIN,Finland,4,Human rights violations by authorities,UNEVIDENCED,,0.0,2,0,0.0,104423.0,"No supporting evidence found, but global data is structurally blind to this cause - retain and test in cognitive interviews",
FIN,Finland,5,Other threats of violence,RESIDUAL,,0.0,6,0,0.0,104423.0,Residual code - retained on every showcard by design,
FIN,Finland,6,Natural disasters,LOW_SALIENCE,,0.0255,0,0,0.0,104423.0,Sources cover this country and show little or no displacement from this cause - candidate for de-emphasis in enumerator support material only,"[via Iraq refugees] Drought (15,768 displaced)"
FIN,Finland,7,"Man-made events (eviction, pollution)",UNEVIDENCED,,0.0003,0,0,0.0,104423.0,"No supporting evidence found, but global data is structurally blind to this cause - retain and test in cognitive interviews",
FIN,Finland,8,A different threat,RESIDUAL,,0.0,0,0,0.0,104423.0,Residual code - retained on every showcard by design,
FJI,Fiji,1,Armed conflict or war,LOW_SALIENCE,0.0,0.0,0,0,0.0,46.0,Sources cover this country and show little or no displacement from this cause - candidate for de-emphasis in enumerator support material only,
FJI,Fiji,2,Widespread violence / breakdown of public order,LOW_SALIENCE,0.0,0.0,0,0,0.0,46.0,Sources cover this country and show little or no displacement from this cause - candidate for de-emphasis in enumerator support material only,
FJI,Fiji,3,Discrimination or persecution,UNEVIDENCED,0.0,0.0,0,0,0.0,46.0,"No supporting evidence found, but global data is structurally blind to this cause - retain and test in cognitive interviews",
FJI,Fiji,4,Human rights violations by authorities,UNEVIDENCED,0.0,0.0,0,0,0.0,46.0,"No supporting evidence found, but global data is structurally blind to this cause - retain and test in cognitive interviews",
FJI,Fiji,5,Other threats of violence,RESIDUAL,0.0,0.0,0,0,0.0,46.0,Residual code - retained on every showcard by design,
FJI,Fiji,6,Natural disasters,RECOMMENDED,1.0,0.0,0,1500,0.0,46.0,"100% of internal displacement in-country (1,500 people, IDMC 2025)","Typhoon/Hurricane/Cyclone (1,500 displaced)"
FJI,Fiji,7,"Man-made events (eviction, pollution)",UNEVIDENCED,0.0,0.0,0,0,0.0,46.0,"No supporting evidence found, but global data is structurally blind to this cause - retain and test in cognitive interviews",
FJI,Fiji,8,A different threat,RESIDUAL,0.0,0.0,0,0,0.0,46.0,Residual code - retained on every showcard by design,
FRA,France,1,Armed conflict or war,RECOMMENDED,0.0,0.2408,19,0,0.0,873646.0,24% origin-weighted - refugees hosted here come from countries where this is a major cause,"[via Afghanistan refugees] international armed conflict (160,896 displaced); [via Dem. Rep. of the Congo refugees] non-international armed conflict (7,664,444 displaced); [via Syrian Arab Rep. refugees] non-international armed conflict (531,246 displaced)"
FRA,France,2,Widespread violence / breakdown of public order,RECOMMENDED,0.0,0.0027,3535,0,0.0,873646.0,"3,535 ACLED events 2018+ (95% of political-violence events here)","[via Dem. Rep. of the Congo refugees] other situations of violence (455,778 displaced)"
FRA,France,3,Discrimination or persecution,RECOMMENDED,0.0,0.0,0,0,0.0,873646.0,65% origin-weighted recognition rate for the refugee population hosted here,
FRA,France,4,Human rights violations by authorities,UNEVIDENCED,0.0,0.0,27,0,0.0,873646.0,"No supporting evidence found, but global data is structurally blind to this cause - retain and test in cognitive interviews",
FRA,France,5,Other threats of violence,RESIDUAL,0.0,0.0,129,0,0.0,873646.0,Residual code - retained on every showcard by design,
FRA,France,6,Natural disasters,RECOMMENDED,0.4434,0.0776,0,1974,0.0,873646.0,"44% of internal displacement in-country (1,974 people, IDMC 2025) | 8% origin-weighted - refugees hosted here come from countries where this is a major cause","Storm (1,900 displaced); Flood (67 displaced); Landslide/Wet mass movement (7 displaced); [via Afghanistan refugees] Drought (206,197 displaced); [via Afghanistan refugees] Mixed disasters (24,284 displaced)"
FRA,France,7,"Man-made events (eviction, pollution)",RECOMMENDED,0.5566,0.0,0,2478,0.0,873646.0,"56% of internal displacement in-country (2,478 people, IDMC 2025)",
FRA,France,8,A different threat,RESIDUAL,0.0,0.0,0,0,0.0,873646.0,Residual code - retained on every showcard by design,
FRO,Faroe Islands,1,Armed conflict or war,LOW_SALIENCE,,0.0,0,0,0.0,0.0,Sources cover this country and show little or no displacement from this cause - candidate for de-emphasis in enumerator support material only,
FRO,Faroe Islands,2,Widespread violence / breakdown of public order,LOW_SALIENCE,,0.0,1,0,0.0,0.0,Sources cover this country and show little or no displacement from this cause - candidate for de-emphasis in enumerator support material only,
FRO,Faroe Islands,3,Discrimination or persecution,UNEVIDENCED,,0.0,0,0,0.0,0.0,"No supporting evidence found, but global data is structurally blind to this cause - retain and test in cognitive interviews",
FRO,Faroe Islands,4,Human rights violations by authorities,UNEVIDENCED,,0.0,0,0,0.0,0.0,"No supporting evidence found, but global data is structurally blind to this cause - retain and test in cognitive interviews",
FRO,Faroe Islands,5,Other threats of violence,RESIDUAL,,0.0,0,0,0.0,0.0,Residual code - retained on every showcard by design,
FRO,Faroe Islands,6,Natural disasters,LOW_SALIENCE,,0.0,0,0,0.0,0.0,Sources cover this country and show little or no displacement from this cause - candidate for de-emphasis in enumerator support material only,
FRO,Faroe Islands,7,"Man-made events (eviction, pollution)",UNEVIDENCED,,0.0,0,0,0.0,0.0,"No supporting evidence found, but global data is structurally blind to this cause - retain and test in cognitive interviews",
FRO,Faroe Islands,8,A different threat,RESIDUAL,,0.0,0,0,0.0,0.0,Residual code - retained on every showcard by design,
GAB,Gabon,1,Armed conflict or war,LOW_SALIENCE,0.0,0.0,0,0,0.0,252.0,Sources cover this country and show little or no displacement from this cause - candidate for de-emphasis in enumerator support material only,
GAB,Gabon,2,Widespread violence / breakdown of public order,LOW_SALIENCE,0.0,0.0,0,0,0.0,252.0,Sources cover this country and show little or no displacement from this cause - candidate for de-emphasis in enumerator support material only,
GAB,Gabon,3,Discrimination or persecution,UNEVIDENCED,0.0,0.0,0,0,0.0,252.0,"No supporting evidence found, but global data is structurally blind to this cause - retain and test in cognitive interviews",
GAB,Gabon,4,Human rights violations by authorities,UNEVIDENCED,0.0,0.0,0,0,0.0,252.0,"No supporting evidence found, but global data is structurally blind to this cause - retain and test in cognitive interviews",
GAB,Gabon,5,Other threats of violence,RESIDUAL,0.0,0.0,0,0,0.0,252.0,Residual code - retained on every showcard by design,
GAB,Gabon,6,Natural disasters,RECOMMENDED,1.0,0.0,0,1500,0.0,252.0,"100% of internal displacement in-country (1,500 people, IDMC 2025)","Storm (1,500 displaced)"
GAB,Gabon,7,"Man-made events (eviction, pollution)",UNEVIDENCED,0.0,0.0,0,0,0.0,252.0,"No supporting evidence found, but global data is structurally blind to this cause - retain and test in cognitive interviews",
GAB,Gabon,8,A different threat,RESIDUAL,0.0,0.0,0,0,0.0,252.0,Residual code - retained on every showcard by design,
GBR,United Kingdom,1,Armed conflict or war,RECOMMENDED,0.0,0.4753,22,0,0.0,725819.0,48% origin-weighted - refugees hosted here come from countries where this is a major cause,"[via Afghanistan refugees] international armed conflict (160,896 displaced); [via Iran (Islamic Rep. of) refugees] international armed conflict (10,000,000 displaced); [via Ukraine refugees] international armed conflict (167,869 displaced)"
GBR,United Kingdom,2,Widespread violence / breakdown of public order,RECOMMENDED,0.0,0.0,1258,0,0.0,725819.0,"1,258 ACLED events 2018+ (92% of political-violence events here)",
GBR,United Kingdom,3,Discrimination or persecution,RECOMMENDED,0.0,0.0,0,0,0.0,725819.0,55% origin-weighted recognition rate for the refugee population hosted here,
GBR,United Kingdom,4,Human rights violations by authorities,UNEVIDENCED,0.0,0.0,22,0,0.0,725819.0,"No supporting evidence found, but global data is structurally blind to this cause - retain and test in cognitive interviews",
GBR,United Kingdom,5,Other threats of violence,RESIDUAL,0.0,0.0,66,0,0.0,725819.0,Residual code - retained on every showcard by design,
GBR,United Kingdom,6,Natural disasters,RECOMMENDED,0.7747,0.0567,0,705,0.0,725819.0,"77% of internal displacement in-country (705 people, IDMC 2025) | 6% origin-weighted - refugees hosted here come from countries where this is a major cause","Flood (599 displaced); Storm (106 displaced); [via Afghanistan refugees] Drought (206,197 displaced); [via Afghanistan refugees] Mixed disasters (24,284 displaced); [via Iran (Islamic Rep. of) refugees] Flood (4,491 displaced)"
GBR,United Kingdom,7,"Man-made events (eviction, pollution)",RECOMMENDED,0.2253,0.0001,0,205,0.0,725819.0,"23% of internal displacement in-country (205 people, IDMC 2025)",
GBR,United Kingdom,8,A different threat,RESIDUAL,0.0,0.0,0,0,0.0,725819.0,Residual code - retained on every showcard by design,
GEO,Georgia,1,Armed conflict or war,RECOMMENDED,0.0,0.9693,16,0,300439.0,26810.0,97% origin-weighted - refugees hosted here come from countries where this is a major cause | 16 ACLED events 2018+ (2% of political-violence events here),"[via Ukraine refugees] international armed conflict (167,869 displaced)"
GEO,Georgia,2,Widespread violence / breakdown of public order,RECOMMENDED,0.0,0.0,583,0,300439.0,26810.0,583 ACLED events 2018+ (80% of political-violence events here),
GEO,Georgia,3,Discrimination or persecution,RECOMMENDED,0.0,0.0,0,0,300439.0,26810.0,60% origin-weighted recognition rate for the refugee population hosted here,
GEO,Georgia,4,Human rights violations by authorities,RECOMMENDED,0.0,0.0,27,0,300439.0,26810.0,"27 ACLED events 2018+ (4% of political-violence events here) | 157 civilian deaths attributed to state forces, UCDP one-sided 1989-2025",
GEO,Georgia,5,Other threats of violence,RESIDUAL,0.0,0.0,107,0,300439.0,26810.0,Residual code - retained on every showcard by design,
GEO,Georgia,6,Natural disasters,RECOMMENDED,1.0,0.0,0,290,300439.0,26810.0,"100% of internal displacement in-country (290 people, IDMC 2025)",Landslide/Wet mass movement (290 displaced)
GEO,Georgia,7,"Man-made events (eviction, pollution)",UNEVIDENCED,0.0,0.0003,0,0,300439.0,26810.0,"No supporting evidence found, but global data is structurally blind to this cause - retain and test in cognitive interviews",
GEO,Georgia,8,A different threat,RESIDUAL,0.0,0.0,0,0,300439.0,26810.0,Residual code - retained on every showcard by design,
GHA,Ghana,1,Armed conflict or war,RECOMMENDED,0.0,0.6707,0,0,0.0,21525.0,67% origin-weighted - refugees hosted here come from countries where this is a major cause,"[via Burkina Faso refugees] non-international armed conflict (315,738 displaced); [via Sudan refugees] non-international armed conflict (1,732,551 displaced)"
GHA,Ghana,2,Widespread violence / breakdown of public order,RECOMMENDED,0.5315,0.0,0,7414,0.0,21525.0,"53% of internal displacement in-country (7,414 people, IDMC 2025)","other situations of violence (7,414 displaced)"
GHA,Ghana,3,Discrimination or persecution,RECOMMENDED,0.0,0.0,0,0,0.0,21525.0,77% origin-weighted recognition rate for the refugee population hosted here,
GHA,Ghana,4,Human rights violations by authorities,UNEVIDENCED,0.0,0.0,0,0,0.0,21525.0,"No supporting evidence found, but global data is structurally blind to this cause - retain and test in cognitive interviews",
GHA,Ghana,5,Other threats of violence,RESIDUAL,0.0,0.0,0,0,0.0,21525.0,Residual code - retained on every showcard by design,
GHA,Ghana,6,Natural disasters,RECOMMENDED,0.4685,0.0013,0,6535,0.0,21525.0,"47% of internal displacement in-country (6,535 people, IDMC 2025)","Flood (5,254 displaced); Storm surge (711 displaced); Storm (570 displaced); [via Burkina Faso refugees] Flood (211 displaced); [via Sudan refugees] Flood (30,025 displaced)"
GHA,Ghana,7,"Man-made events (eviction, pollution)",UNEVIDENCED,0.0,0.0,0,0,0.0,21525.0,"No supporting evidence found, but global data is structurally blind to this cause - retain and test in cognitive interviews",
GHA,Ghana,8,A different threat,RESIDUAL,0.0,0.0,0,0,0.0,21525.0,Residual code - retained on every showcard by design,
GIN,Guinea,1,Armed conflict or war,LOW_SALIENCE,0.0,0.0,0,0,0.0,2326.0,Sources cover this country and show little or no displacement from this cause - candidate for de-emphasis in enumerator support material only,
GIN,Guinea,2,Widespread violence / breakdown of public order,LOW_SALIENCE,0.0,0.0,0,0,0.0,2326.0,Sources cover this country and show little or no displacement from this cause - candidate for de-emphasis in enumerator support material only,
GIN,Guinea,3,Discrimination or persecution,UNEVIDENCED,0.0,0.0,0,0,0.0,2326.0,"No supporting evidence found, but global data is structurally blind to this cause - retain and test in cognitive interviews",
GIN,Guinea,4,Human rights violations by authorities,RECOMMENDED,0.0,0.0,0,0,0.0,2326.0,"205 civilian deaths attributed to state forces, UCDP one-sided 1989-2025",
GIN,Guinea,5,Other threats of violence,RESIDUAL,0.0,0.0,0,0,0.0,2326.0,Residual code - retained on every showcard by design,
GIN,Guinea,6,Natural disasters,RECOMMENDED,1.0,0.0,0,640,0.0,2326.0,"100% of internal displacement in-country (640 people, IDMC 2025)",Flood (512 displaced); Landslide/Wet mass movement (128 displaced)
GIN,Guinea,7,"Man-made events (eviction, pollution)",UNEVIDENCED,0.0,0.0,0,0,0.0,2326.0,"No supporting evidence found, but global data is structurally blind to this cause - retain and test in cognitive interviews",
GIN,Guinea,8,A different threat,RESIDUAL,0.0,0.0,0,0,0.0,2326.0,Residual code - retained on every showcard by design,
GMB,Gambia,1,Armed conflict or war,LOW_SALIENCE,0.0,0.0,0,0,0.0,4617.0,Sources cover this country and show little or no displacement from this cause - candidate for de-emphasis in enumerator support material only,
GMB,Gambia,2,Widespread violence / breakdown of public order,LOW_SALIENCE,0.0,0.0,0,0,0.0,4617.0,Sources cover this country and show little or no displacement from this cause - candidate for de-emphasis in enumerator support material only,
GMB,Gambia,3,Discrimination or persecution,UNEVIDENCED,0.0,0.0,0,0,0.0,4617.0,"No supporting evidence found, but global data is structurally blind to this cause - retain and test in cognitive interviews",
GMB,Gambia,4,Human rights violations by authorities,UNEVIDENCED,0.0,0.0,0,0,0.0,4617.0,"No supporting evidence found, but global data is structurally blind to this cause - retain and test in cognitive interviews",
GMB,Gambia,5,Other threats of violence,RESIDUAL,0.0,0.0,0,0,0.0,4617.0,Residual code - retained on every showcard by design,
GMB,Gambia,6,Natural disasters,RECOMMENDED,1.0,0.0,0,251,0.0,4617.0,"100% of internal displacement in-country (251 people, IDMC 2025)",Flood (251 displaced)
GMB,Gambia,7,"Man-made events (eviction, pollution)",UNEVIDENCED,0.0,0.0,0,0,0.0,4617.0,"No supporting evidence found, but global data is structurally blind to this cause - retain and test in cognitive interviews",
GMB,Gambia,8,A different threat,RESIDUAL,0.0,0.0,0,0,0.0,4617.0,Residual code - retained on every showcard by design,
GNB,Guinea-Bissau,1,Armed conflict or war,LOW_SALIENCE,0.0,0.0,0,0,0.0,54.0,Sources cover this country and show little or no displacement from this cause - candidate for de-emphasis in enumerator support material only,
GNB,Guinea-Bissau,2,Widespread violence / breakdown of public order,LOW_SALIENCE,0.0,0.0,0,0,0.0,54.0,Sources cover this country and show little or no displacement from this cause - candidate for de-emphasis in enumerator support material only,
GNB,Guinea-Bissau,3,Discrimination or persecution,UNEVIDENCED,0.0,0.0,0,0,0.0,54.0,"No supporting evidence found, but global data is structurally blind to this cause - retain and test in cognitive interviews",
GNB,Guinea-Bissau,4,Human rights violations by authorities,UNEVIDENCED,0.0,0.0,0,0,0.0,54.0,"No supporting evidence found, but global data is structurally blind to this cause - retain and test in cognitive interviews",
GNB,Guinea-Bissau,5,Other threats of violence,RESIDUAL,0.0,0.0,0,0,0.0,54.0,Residual code - retained on every showcard by design,
GNB,Guinea-Bissau,6,Natural disasters,RECOMMENDED,1.0,0.0,0,3017,0.0,54.0,"100% of internal displacement in-country (3,017 people, IDMC 2025)","Storm (3,017 displaced)"
GNB,Guinea-Bissau,7,"Man-made events (eviction, pollution)",UNEVIDENCED,0.0,0.0,0,0,0.0,54.0,"No supporting evidence found, but global data is structurally blind to this cause - retain and test in cognitive interviews",
GNB,Guinea-Bissau,8,A different threat,RESIDUAL,0.0,0.0,0,0,0.0,54.0,Residual code - retained on every showcard by design,
GNQ,Equatorial Guinea,1,Armed conflict or war,LOW_SALIENCE,0.0,0.0,0,0,0.0,0.0,Sources cover this country and show little or no displacement from this cause - candidate for de-emphasis in enumerator support material only,
GNQ,Equatorial Guinea,2,Widespread violence / breakdown of public order,LOW_SALIENCE,0.0,0.0,0,0,0.0,0.0,Sources cover this country and show little or no displacement from this cause - candidate for de-emphasis in enumerator support material only,
GNQ,Equatorial Guinea,3,Discrimination or persecution,UNEVIDENCED,0.0,0.0,0,0,0.0,0.0,"No supporting evidence found, but global data is structurally blind to this cause - retain and test in cognitive interviews",
GNQ,Equatorial Guinea,4,Human rights violations by authorities,UNEVIDENCED,0.0,0.0,0,0,0.0,0.0,"No supporting evidence found, but global data is structurally blind to this cause - retain and test in cognitive interviews",
GNQ,Equatorial Guinea,5,Other threats of violence,RESIDUAL,0.0,0.0,0,0,0.0,0.0,Residual code - retained on every showcard by design,
GNQ,Equatorial Guinea,6,Natural disasters,RECOMMENDED,1.0,0.0,0,200,0.0,0.0,"100% of internal displacement in-country (200 people, IDMC 2025)",Flood (200 displaced)
GNQ,Equatorial Guinea,7,"Man-made events (eviction, pollution)",UNEVIDENCED,0.0,0.0,0,0,0.0,0.0,"No supporting evidence found, but global data is structurally blind to this cause - retain and test in cognitive interviews",
GNQ,Equatorial Guinea,8,A different threat,RESIDUAL,0.0,0.0,0,0,0.0,0.0,Residual code - retained on every showcard by design,
GRC,Greece,1,Armed conflict or war,RECOMMENDED,0.0,0.6152,242,0,0.0,166491.0,62% origin-weighted - refugees hosted here come from countries where this is a major cause | 242 ACLED events 2018+ (11% of political-violence events here),"[via Afghanistan refugees] international armed conflict (160,896 displaced); [via Iraq refugees] non-international armed conflict (31,919 displaced); [via Palestinian refugees] international armed conflict (2,754,121 displaced)"
GRC,Greece,2,Widespread violence / breakdown of public order,RECOMMENDED,0.0,0.0,1693,0,0.0,166491.0,"1,693 ACLED events 2018+ (76% of political-violence events here)","[via Palestinian refugees] other situations of violence (1,658 displaced)"
GRC,Greece,3,Discrimination or persecution,RECOMMENDED,0.0,0.0,0,0,0.0,166491.0,64% origin-weighted recognition rate for the refugee population hosted here,
GRC,Greece,4,Human rights violations by authorities,RECOMMENDED,0.0,0.0,73,0,0.0,166491.0,73 ACLED events 2018+ (3% of political-violence events here),
GRC,Greece,5,Other threats of violence,RESIDUAL,0.0,0.0,232,0,0.0,166491.0,Residual code - retained on every showcard by design,
GRC,Greece,6,Natural disasters,RECOMMENDED,0.0635,0.1545,0,5022,0.0,166491.0,"6% of internal displacement in-country (5,022 people, IDMC 2025) | 15% origin-weighted - refugees hosted here come from countries where this is a major cause","Earthquake (5,000 displaced); Landslide/Wet mass movement (22 displaced); [via Afghanistan refugees] Drought (206,197 displaced); [via Afghanistan refugees] Mixed disasters (24,284 displaced); [via Iraq refugees] Drought (15,768 displaced)"
GRC,Greece,7,"Man-made events (eviction, pollution)",RECOMMENDED,0.9365,0.0001,0,74051,0.0,166491.0,"94% of internal displacement in-country (74,051 people, IDMC 2025)",
GRC,Greece,8,A different threat,RESIDUAL,0.0,0.0,0,0,0.0,166491.0,Residual code - retained on every showcard by design,
GRL,Greenland,1,Armed conflict or war,LOW_SALIENCE,,0.0,0,0,0.0,0.0,Sources cover this country and show little or no displacement from this cause - candidate for de-emphasis in enumerator support material only,
GRL,Greenland,2,Widespread violence / breakdown of public order,LOW_SALIENCE,,0.0,0,0,0.0,0.0,Sources cover this country and show little or no displacement from this cause - candidate for de-emphasis in enumerator support material only,
GRL,Greenland,3,Discrimination or persecution,UNEVIDENCED,,0.0,0,0,0.0,0.0,"No supporting evidence found, but global data is structurally blind to this cause - retain and test in cognitive interviews",
GRL,Greenland,4,Human rights violations by authorities,UNEVIDENCED,,0.0,1,0,0.0,0.0,"No supporting evidence found, but global data is structurally blind to this cause - retain and test in cognitive interviews",
GRL,Greenland,5,Other threats of violence,RESIDUAL,,0.0,0,0,0.0,0.0,Residual code - retained on every showcard by design,
GRL,Greenland,6,Natural disasters,LOW_SALIENCE,,0.0,0,0,0.0,0.0,Sources cover this country and show little or no displacement from this cause - candidate for de-emphasis in enumerator support material only,
GRL,Greenland,7,"Man-made events (eviction, pollution)",UNEVIDENCED,,0.0,0,0,0.0,0.0,"No supporting evidence found, but global data is structurally blind to this cause - retain and test in cognitive interviews",
GRL,Greenland,8,A different threat,RESIDUAL,,0.0,0,0,0.0,0.0,Residual code - retained on every showcard by design,
GTM,Guatemala,1,Armed conflict or war,LOW_SALIENCE,0.0,0.0,0,0,573000.0,5674.0,Sources cover this country and show little or no displacement from this cause - candidate for de-emphasis in enumerator support material only,
GTM,Guatemala,2,Widespread violence / breakdown of public order,RECOMMENDED,0.0099,0.3994,0,951,573000.0,5674.0,40% origin-weighted - refugees hosted here come from countries where this is a major cause,"other situations of violence (951 displaced); [via Honduras refugees] other situations of violence (8,926 displaced); [via El Salvador refugees] other situations of violence (60,546 displaced)"
GTM,Guatemala,3,Discrimination or persecution,RECOMMENDED,0.0,0.0,0,0,573000.0,5674.0,50% origin-weighted recognition rate for the refugee population hosted here,
GTM,Guatemala,4,Human rights violations by authorities,RECOMMENDED,0.0,0.0,0,0,573000.0,5674.0,"2,192 civilian deaths attributed to state forces, UCDP one-sided 1989-2025",
GTM,Guatemala,5,Other threats of violence,RESIDUAL,0.0,0.0,0,0,573000.0,5674.0,Residual code - retained on every showcard by design,
GTM,Guatemala,6,Natural disasters,RECOMMENDED,0.989,0.2931,0,94544,573000.0,5674.0,"99% of internal displacement in-country (94,544 people, IDMC 2025) | 29% origin-weighted - refugees hosted here come from countries where this is a major cause","Flood (48,245 displaced); Earthquake (35,712 displaced); Landslide/Wet mass movement (6,433 displaced); [via Honduras refugees] Flood (2,018 displaced); [via Honduras refugees] Storm (314 displaced)"
GTM,Guatemala,7,"Man-made events (eviction, pollution)",UNEVIDENCED,0.001,0.0001,0,100,573000.0,5674.0,"No supporting evidence found, but global data is structurally blind to this cause - retain and test in cognitive interviews",
GTM,Guatemala,8,A different threat,RESIDUAL,0.0,0.0,0,0,573000.0,5674.0,Residual code - retained on every showcard by design,
GUF,French Guiana,1,Armed conflict or war,LOW_SALIENCE,0.0,0.0,0,0,0.0,0.0,Sources cover this country and show little or no displacement from this cause - candidate for de-emphasis in enumerator support material only,
GUF,French Guiana,2,Widespread violence / breakdown of public order,LOW_SALIENCE,0.0,0.0,0,0,0.0,0.0,Sources cover this country and show little or no displacement from this cause - candidate for de-emphasis in enumerator support material only,
GUF,French Guiana,3,Discrimination or persecution,UNEVIDENCED,0.0,0.0,0,0,0.0,0.0,"No supporting evidence found, but global data is structurally blind to this cause - retain and test in cognitive interviews",
GUF,French Guiana,4,Human rights violations by authorities,UNEVIDENCED,0.0,0.0,0,0,0.0,0.0,"No supporting evidence found, but global data is structurally blind to this cause - retain and test in cognitive interviews",
GUF,French Guiana,5,Other threats of violence,RESIDUAL,0.0,0.0,0,0,0.0,0.0,Residual code - retained on every showcard by design,
GUF,French Guiana,6,Natural disasters,RECOMMENDED,1.0,0.0,0,88,0.0,0.0,"100% of internal displacement in-country (88 people, IDMC 2025)",Flood (88 displaced)
GUF,French Guiana,7,"Man-made events (eviction, pollution)",UNEVIDENCED,0.0,0.0,0,0,0.0,0.0,"No supporting evidence found, but global data is structurally blind to this cause - retain and test in cognitive interviews",
GUF,French Guiana,8,A different threat,RESIDUAL,0.0,0.0,0,0,0.0,0.0,Residual code - retained on every showcard by design,
GUY,Guyana,1,Armed conflict or war,LOW_SALIENCE,0.0,0.0,0,0,0.0,64.0,Sources cover this country and show little or no displacement from this cause - candidate for de-emphasis in enumerator support material only,
GUY,Guyana,2,Widespread violence / breakdown of public order,LOW_SALIENCE,0.0,0.0,0,0,0.0,64.0,Sources cover this country and show little or no displacement from this cause - candidate for de-emphasis in enumerator support material only,
GUY,Guyana,3,Discrimination or persecution,UNEVIDENCED,0.0,0.0,0,0,0.0,64.0,"No supporting evidence found, but global data is structurally blind to this cause - retain and test in cognitive interviews",
GUY,Guyana,4,Human rights violations by authorities,UNEVIDENCED,0.0,0.0,0,0,0.0,64.0,"No supporting evidence found, but global data is structurally blind to this cause - retain and test in cognitive interviews",
GUY,Guyana,5,Other threats of violence,RESIDUAL,0.0,0.0,0,0,0.0,64.0,Residual code - retained on every showcard by design,
GUY,Guyana,6,Natural disasters,RECOMMENDED,1.0,0.0,0,21,0.0,64.0,"100% of internal displacement in-country (21 people, IDMC 2025)",Storm (21 displaced)
GUY,Guyana,7,"Man-made events (eviction, pollution)",UNEVIDENCED,0.0,0.0,0,0,0.0,64.0,"No supporting evidence found, but global data is structurally blind to this cause - retain and test in cognitive interviews",
GUY,Guyana,8,A different threat,RESIDUAL,0.0,0.0,0,0,0.0,64.0,Residual code - retained on every showcard by design,
HKG,Hong Kong,1,Armed conflict or war,LOW_SALIENCE,0.0,0.0,0,0,0.0,236.0,Sources cover this country and show little or no displacement from this cause - candidate for de-emphasis in enumerator support material only,
HKG,Hong Kong,2,Widespread violence / breakdown of public order,LOW_SALIENCE,0.0,0.0,0,0,0.0,236.0,Sources cover this country and show little or no displacement from this cause - candidate for de-emphasis in enumerator support material only,
HKG,Hong Kong,3,Discrimination or persecution,UNEVIDENCED,0.0,0.0,0,0,0.0,236.0,"No supporting evidence found, but global data is structurally blind to this cause - retain and test in cognitive interviews",
HKG,Hong Kong,4,Human rights violations by authorities,UNEVIDENCED,0.0,0.0,0,0,0.0,236.0,"No supporting evidence found, but global data is structurally blind to this cause - retain and test in cognitive interviews",
HKG,Hong Kong,5,Other threats of violence,RESIDUAL,0.0,0.0,0,0,0.0,236.0,Residual code - retained on every showcard by design,
HKG,Hong Kong,6,Natural disasters,RECOMMENDED,1.0,0.0,0,1403,0.0,236.0,"100% of internal displacement in-country (1,403 people, IDMC 2025)","Typhoon/Hurricane/Cyclone (1,403 displaced)"
HKG,Hong Kong,7,"Man-made events (eviction, pollution)",UNEVIDENCED,0.0,0.0,0,0,0.0,236.0,"No supporting evidence found, but global data is structurally blind to this cause - retain and test in cognitive interviews",
HKG,Hong Kong,8,A different threat,RESIDUAL,0.0,0.0,0,0,0.0,236.0,Residual code - retained on every showcard by design,
HND,Honduras,1,Armed conflict or war,LOW_SALIENCE,0.0,0.0,0,0,423845.0,711.0,Sources cover this country and show little or no displacement from this cause - candidate for de-emphasis in enumerator support material only,
HND,Honduras,2,Widespread violence / breakdown of public order,RECOMMENDED,0.7698,0.0,0,8926,423845.0,711.0,"77% of internal displacement in-country (8,926 people, IDMC 2025)","other situations of violence (8,926 displaced)"
HND,Honduras,3,Discrimination or persecution,UNEVIDENCED,0.0,0.0,0,0,423845.0,711.0,"No supporting evidence found, but global data is structurally blind to this cause - retain and test in cognitive interviews",
HND,Honduras,4,Human rights violations by authorities,UNEVIDENCED,0.0,0.0,0,0,423845.0,711.0,"No supporting evidence found, but global data is structurally blind to this cause - retain and test in cognitive interviews",
HND,Honduras,5,Other threats of violence,RESIDUAL,0.0,0.0,0,0,423845.0,711.0,Residual code - retained on every showcard by design,
HND,Honduras,6,Natural disasters,RECOMMENDED,0.2302,0.0,0,2669,423845.0,711.0,"23% of internal displacement in-country (2,669 people, IDMC 2025)","Flood (2,018 displaced); Storm (314 displaced); Dry mass movement (252 displaced)"
HND,Honduras,7,"Man-made events (eviction, pollution)",UNEVIDENCED,0.0,0.0,0,0,423845.0,711.0,"No supporting evidence found, but global data is structurally blind to this cause - retain and test in cognitive interviews",
HND,Honduras,8,A different threat,RESIDUAL,0.0,0.0,0,0,423845.0,711.0,Residual code - retained on every showcard by design,
HRV,Croatia,1,Armed conflict or war,RECOMMENDED,0.0,0.9384,39,0,0.0,30182.0,94% origin-weighted - refugees hosted here come from countries where this is a major cause | 39 ACLED events 2018+ (26% of political-violence events here),"[via Ukraine refugees] international armed conflict (167,869 displaced)"
HRV,Croatia,2,Widespread violence / breakdown of public order,RECOMMENDED,0.0,0.0,63,0,0.0,30182.0,63 ACLED events 2018+ (42% of political-violence events here),
HRV,Croatia,3,Discrimination or persecution,RECOMMENDED,0.0,0.0,0,0,0.0,30182.0,60% origin-weighted recognition rate for the refugee population hosted here,
HRV,Croatia,4,Human rights violations by authorities,UNEVIDENCED,0.0,0.0,3,0,0.0,30182.0,"No supporting evidence found, but global data is structurally blind to this cause - retain and test in cognitive interviews",
HRV,Croatia,5,Other threats of violence,RESIDUAL,0.0,0.0,44,0,0.0,30182.0,Residual code - retained on every showcard by design,
HRV,Croatia,6,Natural disasters,LOW_SALIENCE,0.0,0.0,0,0,0.0,30182.0,Sources cover this country and show little or no displacement from this cause - candidate for de-emphasis in enumerator support material only,
HRV,Croatia,7,"Man-made events (eviction, pollution)",RECOMMENDED,1.0,0.0003,0,27,0.0,30182.0,"100% of internal displacement in-country (27 people, IDMC 2025)",
HRV,Croatia,8,A different threat,RESIDUAL,0.0,0.0,0,0,0.0,30182.0,Residual code - retained on every showcard by design,
HTI,Haiti,1,Armed conflict or war,LOW_SALIENCE,0.0,0.0,0,0,1430903.0,0.0,Sources cover this country and show little or no displacement from this cause - candidate for de-emphasis in enumerator support material only,
HTI,Haiti,2,Widespread violence / breakdown of public order,RECOMMENDED,0.9904,0.0,0,976969,1430903.0,0.0,"99% of internal displacement in-country (976,969 people, IDMC 2025)","other situations of violence (976,969 displaced)"
HTI,Haiti,3,Discrimination or persecution,UNEVIDENCED,0.0,0.0,0,0,1430903.0,0.0,"No supporting evidence found, but global data is structurally blind to this cause - retain and test in cognitive interviews",
HTI,Haiti,4,Human rights violations by authorities,RECOMMENDED,0.0,0.0,0,0,1430903.0,0.0,"391 civilian deaths attributed to state forces, UCDP one-sided 1989-2025",
HTI,Haiti,5,Other threats of violence,RESIDUAL,0.0,0.0,0,0,1430903.0,0.0,Residual code - retained on every showcard by design,
HTI,Haiti,6,Natural disasters,LOW_SALIENCE,0.0096,0.0,0,9513,1430903.0,0.0,Sources cover this country and show little or no displacement from this cause - candidate for de-emphasis in enumerator support material only,"Typhoon/Hurricane/Cyclone (6,435 displaced); Mixed disasters (3,078 displaced)"
HTI,Haiti,7,"Man-made events (eviction, pollution)",UNEVIDENCED,0.0,0.0,0,0,1430903.0,0.0,"No supporting evidence found, but global data is structurally blind to this cause - retain and test in cognitive interviews",
HTI,Haiti,8,A different threat,RESIDUAL,0.0,0.0,0,0,1430903.0,0.0,Residual code - retained on every showcard by design,
HUN,Hungary,1,Armed conflict or war,RECOMMENDED,,0.9081,19,0,0.0,71374.0,91% origin-weighted - refugees hosted here come from countries where this is a major cause | 19 ACLED events 2018+ (15% of political-violence events here),"[via Ukraine refugees] international armed conflict (167,869 displaced)"
HUN,Hungary,2,Widespread violence / breakdown of public order,RECOMMENDED,,0.0,70,0,0.0,71374.0,70 ACLED events 2018+ (55% of political-violence events here),
HUN,Hungary,3,Discrimination or persecution,RECOMMENDED,,0.0,0,0,0.0,71374.0,"68% asylum recognition rate for people originating here (5,798 decisions) - the protection system judges these claims well-founded | 58% origin-weighted recognition rate for the refugee population hosted here",
HUN,Hungary,4,Human rights violations by authorities,UNEVIDENCED,,0.0,7,0,0.0,71374.0,"No supporting evidence found, but global data is structurally blind to this cause - retain and test in cognitive interviews",
HUN,Hungary,5,Other threats of violence,RESIDUAL,,0.0,31,0,0.0,71374.0,Residual code - retained on every showcard by design,
HUN,Hungary,6,Natural disasters,LOW_SALIENCE,,0.0,0,0,0.0,71374.0,Sources cover this country and show little or no displacement from this cause - candidate for de-emphasis in enumerator support material only,
HUN,Hungary,7,"Man-made events (eviction, pollution)",UNEVIDENCED,,0.0003,0,0,0.0,71374.0,"No supporting evidence found, but global data is structurally blind to this cause - retain and test in cognitive interviews",
HUN,Hungary,8,A different threat,RESIDUAL,,0.0,0,0,0.0,71374.0,Residual code - retained on every showcard by design,
IDN,Indonesia,1,Armed conflict or war,RECOMMENDED,0.005,0.292,0,7284,0.0,12071.0,29% origin-weighted - refugees hosted here come from countries where this is a major cause,"non-international armed conflict (7,284 displaced); [via Afghanistan refugees] international armed conflict (160,896 displaced); [via Myanmar refugees] non-international armed conflict (572,538 displaced)"
IDN,Indonesia,2,Widespread violence / breakdown of public order,LOW_SALIENCE,0.0056,0.0,0,8194,0.0,12071.0,Sources cover this country and show little or no displacement from this cause - candidate for de-emphasis in enumerator support material only,"other situations of violence (8,194 displaced)"
IDN,Indonesia,3,Discrimination or persecution,RECOMMENDED,0.0,0.0,0,0,0.0,12071.0,67% origin-weighted recognition rate for the refugee population hosted here,
IDN,Indonesia,4,Human rights violations by authorities,RECOMMENDED,0.0,0.0,0,0,0.0,12071.0,"1,631 civilian deaths attributed to state forces, UCDP one-sided 1989-2025",
IDN,Indonesia,5,Other threats of violence,RESIDUAL,0.0,0.0,0,0,0.0,12071.0,Residual code - retained on every showcard by design,
IDN,Indonesia,6,Natural disasters,RECOMMENDED,0.9894,0.4093,0,1450100,0.0,12071.0,"99% of internal displacement in-country (1,450,100 people, IDMC 2025) | 41% origin-weighted - refugees hosted here come from countries where this is a major cause","Typhoon/Hurricane/Cyclone (1,126,212 displaced); Flood (283,847 displaced); Volcanic activity (16,190 displaced); [via Afghanistan refugees] Drought (206,197 displaced); [via Afghanistan refugees] Mixed disasters (24,284 displaced)"
IDN,Indonesia,7,"Man-made events (eviction, pollution)",UNEVIDENCED,0.0,0.0,0,0,0.0,12071.0,"No supporting evidence found, but global data is structurally blind to this cause - retain and test in cognitive interviews",
IDN,Indonesia,8,A different threat,RESIDUAL,0.0,0.0,0,0,0.0,12071.0,Residual code - retained on every showcard by design,
IND,India,1,Armed conflict or war,RECOMMENDED,0.1562,0.2008,0,125000,0.0,253718.0,"16% of internal displacement in-country (125,000 people, IDMC 2025) | 20% origin-weighted - refugees hosted here come from countries where this is a major cause","international armed conflict (125,000 displaced); [via Myanmar refugees] non-international armed conflict (572,538 displaced)"
IND,India,2,Widespread violence / breakdown of public order,LOW_SALIENCE,0.004,0.0,0,3198,0.0,253718.0,Sources cover this country and show little or no displacement from this cause - candidate for de-emphasis in enumerator support material only,"other situations of violence (3,198 displaced)"
IND,India,3,Discrimination or persecution,UNEVIDENCED,0.0,0.0,0,0,0.0,253718.0,"No supporting evidence found, but global data is structurally blind to this cause - retain and test in cognitive interviews",
IND,India,4,Human rights violations by authorities,RECOMMENDED,0.0,0.0,0,0,0.0,253718.0,"129 civilian deaths attributed to state forces, UCDP one-sided 1989-2025",
IND,India,5,Other threats of violence,RESIDUAL,0.0,0.0,0,0,0.0,253718.0,Residual code - retained on every showcard by design,
IND,India,6,Natural disasters,RECOMMENDED,0.8398,0.744,0,672101,0.0,253718.0,"84% of internal displacement in-country (672,101 people, IDMC 2025) | 74% origin-weighted - refugees hosted here come from countries where this is a major cause","Flood (471,525 displaced); Typhoon/Hurricane/Cyclone (118,391 displaced); Erosion (80,000 displaced); [via China refugees] Typhoon/Hurricane/Cyclone (2,743,317 displaced); [via China refugees] Flood (598,553 displaced)"
IND,India,7,"Man-made events (eviction, pollution)",UNEVIDENCED,0.0,0.0,0,0,0.0,253718.0,"No supporting evidence found, but global data is structurally blind to this cause - retain and test in cognitive interviews",
IND,India,8,A different threat,RESIDUAL,0.0,0.0,0,0,0.0,253718.0,Residual code - retained on every showcard by design,
IRL,Ireland,1,Armed conflict or war,RECOMMENDED,0.0,0.7047,3,0,0.0,171597.0,70% origin-weighted - refugees hosted here come from countries where this is a major cause,"[via Nigeria refugees] non-international armed conflict (130,579 displaced); [via Ukraine refugees] international armed conflict (167,869 displaced)"
IRL,Ireland,2,Widespread violence / breakdown of public order,RECOMMENDED,0.0,0.0224,101,0,0.0,171597.0,101 ACLED events 2018+ (91% of political-violence events here),"[via Nigeria refugees] other situations of violence (223,045 displaced)"
IRL,Ireland,3,Discrimination or persecution,RECOMMENDED,0.0,0.0,0,0,0.0,171597.0,57% origin-weighted recognition rate for the refugee population hosted here,
IRL,Ireland,4,Human rights violations by authorities,UNEVIDENCED,0.0,0.0,1,0,0.0,171597.0,"No supporting evidence found, but global data is structurally blind to this cause - retain and test in cognitive interviews",
IRL,Ireland,5,Other threats of violence,RESIDUAL,0.0,0.0,6,0,0.0,171597.0,Residual code - retained on every showcard by design,
IRL,Ireland,6,Natural disasters,RECOMMENDED,1.0,0.0154,0,8,0.0,171597.0,"100% of internal displacement in-country (8 people, IDMC 2025)","Storm (8 displaced); [via Nigeria refugees] Flood (125,275 displaced); [via Nigeria refugees] Mixed disasters (27,979 displaced)"
IRL,Ireland,7,"Man-made events (eviction, pollution)",UNEVIDENCED,0.0,0.0002,0,0,0.0,171597.0,"No supporting evidence found, but global data is structurally blind to this cause - retain and test in cognitive interviews",
IRL,Ireland,8,A different threat,RESIDUAL,0.0,0.0,0,0,0.0,171597.0,Residual code - retained on every showcard by design,
IRN,"Iran, Islamic Republic of",1,Armed conflict or war,RECOMMENDED,0.9996,0.3933,4792,10000000,0.0,770514.0,"100% of internal displacement in-country (10,000,000 people, IDMC 2025) | 39% origin-weighted - refugees hosted here come from countries where this is a major cause | 4,792 ACLED events 2018+ (58% of political-violence events here)","international armed conflict (10,000,000 displaced); [via Afghanistan refugees] international armed conflict (160,896 displaced)"
IRN,"Iran, Islamic Republic of",2,Widespread violence / breakdown of public order,RECOMMENDED,0.0,0.0,2289,0,0.0,770514.0,"2,289 ACLED events 2018+ (28% of political-violence events here)",
IRN,"Iran, Islamic Republic of",3,Discrimination or persecution,RECOMMENDED,0.0,0.0,0,0,0.0,770514.0,"56% asylum recognition rate for people originating here (335,835 decisions) - the protection system judges these claims well-founded | 57% origin-weighted recognition rate for the refugee population hosted here",
IRN,"Iran, Islamic Republic of",4,Human rights violations by authorities,RECOMMENDED,0.0,0.0,594,0,0.0,770514.0,"594 ACLED events 2018+ (7% of political-violence events here) | 604 civilian deaths attributed to state forces, UCDP one-sided 1989-2025",
IRN,"Iran, Islamic Republic of",5,Other threats of violence,RESIDUAL,0.0,0.0,628,0,0.0,770514.0,Residual code - retained on every showcard by design,
IRN,"Iran, Islamic Republic of",6,Natural disasters,RECOMMENDED,0.0004,0.5909,0,4491,0.0,770514.0,59% origin-weighted - refugees hosted here come from countries where this is a major cause,"Flood (4,491 displaced); [via Afghanistan refugees] Drought (206,197 displaced); [via Afghanistan refugees] Mixed disasters (24,284 displaced)"
IRN,"Iran, Islamic Republic of",7,"Man-made events (eviction, pollution)",UNEVIDENCED,0.0,0.0,0,0,0.0,770514.0,"No supporting evidence found, but global data is structurally blind to this cause - retain and test in cognitive interviews",
IRN,"Iran, Islamic Republic of",8,A different threat,RESIDUAL,0.0,0.0,0,0,0.0,770514.0,Residual code - retained on every showcard by design,
IRQ,Iraq,1,Armed conflict or war,RECOMMENDED,0.6693,0.8916,33766,31919,997334.0,345711.0,"67% of internal displacement in-country (31,919 people, IDMC 2025) | 89% origin-weighted - refugees hosted here come from countries where this is a major cause | 33,766 ACLED events 2018+ (82% of political-violence events here)","non-international armed conflict (31,919 displaced); [via Syrian Arab Rep. refugees] non-international armed conflict (531,246 displaced)"
IRQ,Iraq,2,Widespread violence / breakdown of public order,RECOMMENDED,0.0,0.0,3295,0,997334.0,345711.0,"3,295 ACLED events 2018+ (8% of political-violence events here)",
IRQ,Iraq,3,Discrimination or persecution,RECOMMENDED,0.0,0.0,0,0,997334.0,345711.0,88% origin-weighted recognition rate for the refugee population hosted here,
IRQ,Iraq,4,Human rights violations by authorities,RECOMMENDED,0.0,0.0,1527,0,997334.0,345711.0,"1,527 ACLED events 2018+ (4% of political-violence events here) | 1,901 civilian deaths attributed to state forces, UCDP one-sided 1989-2025",
IRQ,Iraq,5,Other threats of violence,RESIDUAL,0.0,0.0,2831,0,997334.0,345711.0,Residual code - retained on every showcard by design,
IRQ,Iraq,6,Natural disasters,RECOMMENDED,0.3307,0.0,0,15768,997334.0,345711.0,"33% of internal displacement in-country (15,768 people, IDMC 2025)","Drought (15,768 displaced)"
IRQ,Iraq,7,"Man-made events (eviction, pollution)",UNEVIDENCED,0.0,0.0,0,0,997334.0,345711.0,"No supporting evidence found, but global data is structurally blind to this cause - retain and test in cognitive interviews",
IRQ,Iraq,8,A different threat,RESIDUAL,0.0,0.0,0,0,997334.0,345711.0,Residual code - retained on every showcard by design,
ISL,Iceland,1,Armed conflict or war,RECOMMENDED,0.0,0.5173,1,0,0.0,9119.0,52% origin-weighted - refugees hosted here come from countries where this is a major cause,"[via Ukraine refugees] international armed conflict (167,869 displaced)"
ISL,Iceland,2,Widespread violence / breakdown of public order,RECOMMENDED,0.0,0.0,12,0,0.0,9119.0,12 ACLED events 2018+ (75% of political-violence events here),
ISL,Iceland,3,Discrimination or persecution,RECOMMENDED,0.0,0.0,0,0,0.0,9119.0,62% origin-weighted recognition rate for the refugee population hosted here,
ISL,Iceland,4,Human rights violations by authorities,UNEVIDENCED,0.0,0.0,1,0,0.0,9119.0,"No supporting evidence found, but global data is structurally blind to this cause - retain and test in cognitive interviews",
ISL,Iceland,5,Other threats of violence,RESIDUAL,0.0,0.0,2,0,0.0,9119.0,Residual code - retained on every showcard by design,
ISL,Iceland,6,Natural disasters,RECOMMENDED,1.0,0.1551,0,104,0.0,9119.0,"100% of internal displacement in-country (104 people, IDMC 2025) | 16% origin-weighted - refugees hosted here come from countries where this is a major cause","Volcanic activity (104 displaced); [via Venezuela (Bolivarian Republic of) refugees] Flood (5,959 displaced)"
ISL,Iceland,7,"Man-made events (eviction, pollution)",UNEVIDENCED,0.0,0.0002,0,0,0.0,9119.0,"No supporting evidence found, but global data is structurally blind to this cause - retain and test in cognitive interviews",
ISL,Iceland,8,A different threat,RESIDUAL,0.0,0.0,0,0,0.0,9119.0,Residual code - retained on every showcard by design,
ISR,Israel,1,Armed conflict or war,RECOMMENDED,0.552,0.22,8338,9000,0.0,30956.0,"55% of internal displacement in-country (9,000 people, IDMC 2025) | 22% origin-weighted - refugees hosted here come from countries where this is a major cause | 8,338 ACLED events 2018+ (74% of political-violence events here)","international armed conflict (9,000 displaced); [via Russian Federation refugees] international armed conflict (2,653 displaced)"
ISR,Israel,2,Widespread violence / breakdown of public order,RECOMMENDED,0.0,0.0,2521,0,0.0,30956.0,"2,521 ACLED events 2018+ (22% of political-violence events here)",
ISR,Israel,3,Discrimination or persecution,RECOMMENDED,0.0,0.0,0,0,0.0,30956.0,59% origin-weighted recognition rate for the refugee population hosted here,
ISR,Israel,4,Human rights violations by authorities,RECOMMENDED,0.0,0.0,50,0,0.0,30956.0,"283 civilian deaths attributed to state forces, UCDP one-sided 1989-2025",
ISR,Israel,5,Other threats of violence,RESIDUAL,0.0,0.0,296,0,0.0,30956.0,Residual code - retained on every showcard by design,
ISR,Israel,6,Natural disasters,RECOMMENDED,0.0,0.1738,0,0,0.0,30956.0,17% origin-weighted - refugees hosted here come from countries where this is a major cause,"[via Sri Lanka refugees] Typhoon/Hurricane/Cyclone (560,263 displaced); [via Sri Lanka refugees] Flood (2,581 displaced); [via Russian Federation refugees] Tsunami (2,700 displaced); [via Russian Federation refugees] Flood (456 displaced)"
ISR,Israel,7,"Man-made events (eviction, pollution)",RECOMMENDED,0.4293,0.0022,0,7000,0.0,30956.0,"43% of internal displacement in-country (7,000 people, IDMC 2025)",
ISR,Israel,8,A different threat,RESIDUAL,0.0,0.0,0,0,0.0,30956.0,Residual code - retained on every showcard by design,
ITA,Italy,1,Armed conflict or war,RECOMMENDED,0.0,0.1764,38,0,0.0,427058.0,18% origin-weighted - refugees hosted here come from countries where this is a major cause,"[via Nigeria refugees] non-international armed conflict (130,579 displaced)"
ITA,Italy,2,Widespread violence / breakdown of public order,RECOMMENDED,0.0,0.0231,1912,0,0.0,427058.0,"1,912 ACLED events 2018+ (94% of political-violence events here)","[via Bangladesh refugees] other situations of violence (221 displaced); [via Nigeria refugees] other situations of violence (223,045 displaced)"
ITA,Italy,3,Discrimination or persecution,UNEVIDENCED,0.0,0.0,0,0,0.0,427058.0,"No supporting evidence found, but global data is structurally blind to this cause - retain and test in cognitive interviews",
ITA,Italy,4,Human rights violations by authorities,UNEVIDENCED,0.0,0.0,25,0,0.0,427058.0,"No supporting evidence found, but global data is structurally blind to this cause - retain and test in cognitive interviews",
ITA,Italy,5,Other threats of violence,RESIDUAL,0.0,0.0,56,0,0.0,427058.0,Residual code - retained on every showcard by design,
ITA,Italy,6,Natural disasters,RECOMMENDED,0.8167,0.3248,0,1381,0.0,427058.0,"82% of internal displacement in-country (1,381 people, IDMC 2025) | 32% origin-weighted - refugees hosted here come from countries where this is a major cause","Flood (700 displaced); Landslide/Wet mass movement (579 displaced); Earthquake (83 displaced); [via Bangladesh refugees] Flood (93,597 displaced); [via Bangladesh refugees] Erosion (9,850 displaced)"
ITA,Italy,7,"Man-made events (eviction, pollution)",RECOMMENDED,0.1833,0.0002,0,310,0.0,427058.0,"18% of internal displacement in-country (310 people, IDMC 2025)",
ITA,Italy,8,A different threat,RESIDUAL,0.0,0.0,0,0,0.0,427058.0,Residual code - retained on every showcard by design,
JAM,Jamaica,1,Armed conflict or war,LOW_SALIENCE,0.0,0.0,0,0,0.0,0.0,Sources cover this country and show little or no displacement from this cause - candidate for de-emphasis in enumerator support material only,
JAM,Jamaica,2,Widespread violence / breakdown of public order,LOW_SALIENCE,0.0,0.0,0,0,0.0,0.0,Sources cover this country and show little or no displacement from this cause - candidate for de-emphasis in enumerator support material only,
JAM,Jamaica,3,Discrimination or persecution,UNEVIDENCED,0.0,0.0,0,0,0.0,0.0,"No supporting evidence found, but global data is structurally blind to this cause - retain and test in cognitive interviews",
JAM,Jamaica,4,Human rights violations by authorities,UNEVIDENCED,0.0,0.0,0,0,0.0,0.0,"No supporting evidence found, but global data is structurally blind to this cause - retain and test in cognitive interviews",
JAM,Jamaica,5,Other threats of violence,RESIDUAL,0.0,0.0,0,0,0.0,0.0,Residual code - retained on every showcard by design,
JAM,Jamaica,6,Natural disasters,RECOMMENDED,1.0,0.0,0,279000,0.0,0.0,"100% of internal displacement in-country (279,000 people, IDMC 2025)","Typhoon/Hurricane/Cyclone (279,000 displaced)"
JAM,Jamaica,7,"Man-made events (eviction, pollution)",UNEVIDENCED,0.0,0.0,0,0,0.0,0.0,"No supporting evidence found, but global data is structurally blind to this cause - retain and test in cognitive interviews",
JAM,Jamaica,8,A different threat,RESIDUAL,0.0,0.0,0,0,0.0,0.0,Residual code - retained on every showcard by design,
JOR,Jordan,1,Armed conflict or war,RECOMMENDED,,0.9472,269,0,0.0,444294.0,95% origin-weighted - refugees hosted here come from countries where this is a major cause | 269 ACLED events 2018+ (35% of political-violence events here),"[via Syrian Arab Rep. refugees] non-international armed conflict (531,246 displaced)"
JOR,Jordan,2,Widespread violence / breakdown of public order,RECOMMENDED,,0.0,467,0,0.0,444294.0,467 ACLED events 2018+ (61% of political-violence events here),
JOR,Jordan,3,Discrimination or persecution,RECOMMENDED,,0.0,0,0,0.0,444294.0,88% origin-weighted recognition rate for the refugee population hosted here,
JOR,Jordan,4,Human rights violations by authorities,UNEVIDENCED,,0.0,8,0,0.0,444294.0,"No supporting evidence found, but global data is structurally blind to this cause - retain and test in cognitive interviews",
JOR,Jordan,5,Other threats of violence,RESIDUAL,,0.0,16,0,0.0,444294.0,Residual code - retained on every showcard by design,
JOR,Jordan,6,Natural disasters,LOW_SALIENCE,,0.0,0,0,0.0,444294.0,Sources cover this country and show little or no displacement from this cause - candidate for de-emphasis in enumerator support material only,
JOR,Jordan,7,"Man-made events (eviction, pollution)",UNEVIDENCED,,0.0,0,0,0.0,444294.0,"No supporting evidence found, but global data is structurally blind to this cause - retain and test in cognitive interviews",
JOR,Jordan,8,A different threat,RESIDUAL,,0.0,0,0,0.0,444294.0,Residual code - retained on every showcard by design,
JPN,Japan,1,Armed conflict or war,RECOMMENDED,0.0,0.3377,0,0,0.0,65097.0,34% origin-weighted - refugees hosted here come from countries where this is a major cause,"[via Myanmar refugees] non-international armed conflict (572,538 displaced)"
JPN,Japan,2,Widespread violence / breakdown of public order,LOW_SALIENCE,0.0,0.0,0,0,0.0,65097.0,Sources cover this country and show little or no displacement from this cause - candidate for de-emphasis in enumerator support material only,
JPN,Japan,3,Discrimination or persecution,RECOMMENDED,0.0,0.0,0,0,0.0,65097.0,67% origin-weighted recognition rate for the refugee population hosted here,
JPN,Japan,4,Human rights violations by authorities,UNEVIDENCED,0.0,0.0,0,0,0.0,65097.0,"No supporting evidence found, but global data is structurally blind to this cause - retain and test in cognitive interviews",
JPN,Japan,5,Other threats of violence,RESIDUAL,0.0,0.0,0,0,0.0,65097.0,Residual code - retained on every showcard by design,
JPN,Japan,6,Natural disasters,RECOMMENDED,0.9471,0.2393,0,85994,0.0,65097.0,"95% of internal displacement in-country (85,994 people, IDMC 2025) | 24% origin-weighted - refugees hosted here come from countries where this is a major cause","Tsunami (79,430 displaced); Flood (3,657 displaced); Earthquake (1,972 displaced); [via Myanmar refugees] Earthquake (326,906 displaced); [via Myanmar refugees] Typhoon/Hurricane/Cyclone (60,470 displaced)"
JPN,Japan,7,"Man-made events (eviction, pollution)",RECOMMENDED,0.0529,0.0,0,4802,0.0,65097.0,"5% of internal displacement in-country (4,802 people, IDMC 2025)",
JPN,Japan,8,A different threat,RESIDUAL,0.0,0.0,0,0,0.0,65097.0,Residual code - retained on every showcard by design,
KAZ,Kazakhstan,1,Armed conflict or war,LOW_SALIENCE,0.0,0.0,11,0,0.0,4540.0,Sources cover this country and show little or no displacement from this cause - candidate for de-emphasis in enumerator support material only,
KAZ,Kazakhstan,2,Widespread violence / breakdown of public order,RECOMMENDED,0.0,0.0,357,0,0.0,4540.0,357 ACLED events 2018+ (42% of political-violence events here),
KAZ,Kazakhstan,3,Discrimination or persecution,UNEVIDENCED,0.0,0.0,0,0,0.0,4540.0,"No supporting evidence found, but global data is structurally blind to this cause - retain and test in cognitive interviews",
KAZ,Kazakhstan,4,Human rights violations by authorities,RECOMMENDED,0.0,0.0,27,0,0.0,4540.0,27 ACLED events 2018+ (3% of political-violence events here),
KAZ,Kazakhstan,5,Other threats of violence,RESIDUAL,0.0,0.0,455,0,0.0,4540.0,Residual code - retained on every showcard by design,
KAZ,Kazakhstan,6,Natural disasters,RECOMMENDED,1.0,0.0,0,638,0.0,4540.0,"100% of internal displacement in-country (638 people, IDMC 2025)",Flood (638 displaced)
KAZ,Kazakhstan,7,"Man-made events (eviction, pollution)",UNEVIDENCED,0.0,0.0,0,0,0.0,4540.0,"No supporting evidence found, but global data is structurally blind to this cause - retain and test in cognitive interviews",
KAZ,Kazakhstan,8,A different threat,RESIDUAL,0.0,0.0,0,0,0.0,4540.0,Residual code - retained on every showcard by design,
KEN,Kenya,1,Armed conflict or war,RECOMMENDED,0.0,0.1864,0,0,0.0,835771.0,19% origin-weighted - refugees hosted here come from countries where this is a major cause,"[via Dem. Rep. of the Congo refugees] non-international armed conflict (7,664,444 displaced); [via Ethiopia refugees] non-international armed conflict (320,508 displaced)"
KEN,Kenya,2,Widespread violence / breakdown of public order,RECOMMENDED,0.0542,0.047,0,2731,0.0,835771.0,"5% of internal displacement in-country (2,731 people, IDMC 2025)","other situations of violence (2,731 displaced); [via Dem. Rep. of the Congo refugees] other situations of violence (455,778 displaced)"
KEN,Kenya,3,Discrimination or persecution,RECOMMENDED,0.0,0.0,0,0,0.0,835771.0,75% origin-weighted recognition rate for the refugee population hosted here,
KEN,Kenya,4,Human rights violations by authorities,RECOMMENDED,0.0,0.0,0,0,0.0,835771.0,"319 civilian deaths attributed to state forces, UCDP one-sided 1989-2025",
KEN,Kenya,5,Other threats of violence,RESIDUAL,0.0,0.0,0,0,0.0,835771.0,Residual code - retained on every showcard by design,
KEN,Kenya,6,Natural disasters,RECOMMENDED,0.7915,0.4463,0,39914,0.0,835771.0,"79% of internal displacement in-country (39,914 people, IDMC 2025) | 45% origin-weighted - refugees hosted here come from countries where this is a major cause","Flood (36,164 displaced); Landslide/Wet mass movement (3,750 displaced); [via Dem. Rep. of the Congo refugees] Flood (280,211 displaced); [via Dem. Rep. of the Congo refugees] Storm (32,641 displaced); [via Ethiopia refugees] Flood (119,253 displaced)"
KEN,Kenya,7,"Man-made events (eviction, pollution)",UNEVIDENCED,0.0,0.0004,0,0,0.0,835771.0,"No supporting evidence found, but global data is structurally blind to this cause - retain and test in cognitive interviews",
KEN,Kenya,8,A different threat,RESIDUAL,0.0,0.0,0,0,0.0,835771.0,Residual code - retained on every showcard by design,
KGZ,Kyrgyzstan,1,Armed conflict or war,RECOMMENDED,0.0,0.0,51,0,0.0,3131.0,51 ACLED events 2018+ (10% of political-violence events here),
KGZ,Kyrgyzstan,2,Widespread violence / breakdown of public order,RECOMMENDED,0.0,0.0,212,0,0.0,3131.0,212 ACLED events 2018+ (41% of political-violence events here),
KGZ,Kyrgyzstan,3,Discrimination or persecution,UNEVIDENCED,0.0,0.0,0,0,0.0,3131.0,"No supporting evidence found, but global data is structurally blind to this cause - retain and test in cognitive interviews",
KGZ,Kyrgyzstan,4,Human rights violations by authorities,UNEVIDENCED,0.0,0.0,8,0,0.0,3131.0,"No supporting evidence found, but global data is structurally blind to this cause - retain and test in cognitive interviews",
KGZ,Kyrgyzstan,5,Other threats of violence,RESIDUAL,0.0,0.0,252,0,0.0,3131.0,Residual code - retained on every showcard by design,
KGZ,Kyrgyzstan,6,Natural disasters,LOW_SALIENCE,0.0114,0.0,0,9,0.0,3131.0,Sources cover this country and show little or no displacement from this cause - candidate for de-emphasis in enumerator support material only,Flood (9 displaced)
KGZ,Kyrgyzstan,7,"Man-made events (eviction, pollution)",RECOMMENDED,0.9886,0.0,0,782,0.0,3131.0,"99% of internal displacement in-country (782 people, IDMC 2025)",
KGZ,Kyrgyzstan,8,A different threat,RESIDUAL,0.0,0.0,0,0,0.0,3131.0,Residual code - retained on every showcard by design,
KHM,Cambodia,1,Armed conflict or war,RECOMMENDED,0.9858,0.0,0,821257,517555.0,28.0,"99% of internal displacement in-country (821,257 people, IDMC 2025)","international armed conflict (821,257 displaced)"
KHM,Cambodia,2,Widespread violence / breakdown of public order,LOW_SALIENCE,0.0,0.0,0,0,517555.0,28.0,Sources cover this country and show little or no displacement from this cause - candidate for de-emphasis in enumerator support material only,
KHM,Cambodia,3,Discrimination or persecution,UNEVIDENCED,0.0,0.0,0,0,517555.0,28.0,"No supporting evidence found, but global data is structurally blind to this cause - retain and test in cognitive interviews",
KHM,Cambodia,4,Human rights violations by authorities,UNEVIDENCED,0.0,0.0,0,0,517555.0,28.0,"No supporting evidence found, but global data is structurally blind to this cause - retain and test in cognitive interviews",
KHM,Cambodia,5,Other threats of violence,RESIDUAL,0.0,0.0,0,0,517555.0,28.0,Residual code - retained on every showcard by design,
KHM,Cambodia,6,Natural disasters,LOW_SALIENCE,0.0142,0.0,0,11830,517555.0,28.0,Sources cover this country and show little or no displacement from this cause - candidate for de-emphasis in enumerator support material only,"Flood (11,751 displaced); Tornado (65 displaced); Landslide/Wet mass movement (14 displaced)"
KHM,Cambodia,7,"Man-made events (eviction, pollution)",UNEVIDENCED,0.0,0.0,0,0,517555.0,28.0,"No supporting evidence found, but global data is structurally blind to this cause - retain and test in cognitive interviews",
KHM,Cambodia,8,A different threat,RESIDUAL,0.0,0.0,0,0,517555.0,28.0,Residual code - retained on every showcard by design,
KOR,"Korea, Republic of",1,Armed conflict or war,RECOMMENDED,0.0,0.0917,0,0,0.0,43513.0,9% origin-weighted - refugees hosted here come from countries where this is a major cause,"[via India refugees] international armed conflict (125,000 displaced); [via Russian Federation refugees] international armed conflict (2,653 displaced)"
KOR,"Korea, Republic of",2,Widespread violence / breakdown of public order,LOW_SALIENCE,0.0,0.0004,0,0,0.0,43513.0,Sources cover this country and show little or no displacement from this cause - candidate for de-emphasis in enumerator support material only,"[via India refugees] other situations of violence (3,198 displaced)"
KOR,"Korea, Republic of",3,Discrimination or persecution,UNEVIDENCED,0.0,0.0,0,0,0.0,43513.0,"No supporting evidence found, but global data is structurally blind to this cause - retain and test in cognitive interviews",
KOR,"Korea, Republic of",4,Human rights violations by authorities,UNEVIDENCED,0.0,0.0,0,0,0.0,43513.0,"No supporting evidence found, but global data is structurally blind to this cause - retain and test in cognitive interviews",
KOR,"Korea, Republic of",5,Other threats of violence,RESIDUAL,0.0,0.0,0,0,0.0,43513.0,Residual code - retained on every showcard by design,
KOR,"Korea, Republic of",6,Natural disasters,RECOMMENDED,0.3601,0.2538,0,22282,0.0,43513.0,"36% of internal displacement in-country (22,282 people, IDMC 2025) | 25% origin-weighted - refugees hosted here come from countries where this is a major cause","Flood (22,259 displaced); Winter storm/Blizzard (23 displaced); [via India refugees] Flood (471,525 displaced); [via India refugees] Typhoon/Hurricane/Cyclone (118,391 displaced); [via Kazakhstan refugees] Flood (638 displaced)"
KOR,"Korea, Republic of",7,"Man-made events (eviction, pollution)",RECOMMENDED,0.6399,0.0035,0,39587,0.0,43513.0,"64% of internal displacement in-country (39,587 people, IDMC 2025)",
KOR,"Korea, Republic of",8,A different threat,RESIDUAL,0.0,0.0,0,0,0.0,43513.0,Residual code - retained on every showcard by design,
KWT,Kuwait,1,Armed conflict or war,RECOMMENDED,,0.0,292,0,0.0,997.0,292 ACLED events 2018+ (95% of political-violence events here),
KWT,Kuwait,2,Widespread violence / breakdown of public order,LOW_SALIENCE,,0.0,8,0,0.0,997.0,Sources cover this country and show little or no displacement from this cause - candidate for de-emphasis in enumerator support material only,
KWT,Kuwait,3,Discrimination or persecution,RECOMMENDED,,0.0,0,0,0.0,997.0,"55% asylum recognition rate for people originating here (5,992 decisions) - the protection system judges these claims well-founded",
KWT,Kuwait,4,Human rights violations by authorities,RECOMMENDED,,0.0,6,0,0.0,997.0,"786 civilian deaths attributed to state forces, UCDP one-sided 1989-2025",
KWT,Kuwait,5,Other threats of violence,RESIDUAL,,0.0,0,0,0.0,997.0,Residual code - retained on every showcard by design,
KWT,Kuwait,6,Natural disasters,LOW_SALIENCE,,0.0,0,0,0.0,997.0,Sources cover this country and show little or no displacement from this cause - candidate for de-emphasis in enumerator support material only,
KWT,Kuwait,7,"Man-made events (eviction, pollution)",UNEVIDENCED,,0.0,0,0,0.0,997.0,"No supporting evidence found, but global data is structurally blind to this cause - retain and test in cognitive interviews",
KWT,Kuwait,8,A different threat,RESIDUAL,,0.0,0,0,0.0,997.0,Residual code - retained on every showcard by design,
LBN,Lebanon,1,Armed conflict or war,RECOMMENDED,1.0,0.9808,26858,41242,64417.0,542785.0,"100% of internal displacement in-country (41,242 people, IDMC 2025) | 98% origin-weighted - refugees hosted here come from countries where this is a major cause | 26,858 ACLED events 2018+ (86% of political-violence events here)","international armed conflict (41,242 displaced); [via Syrian Arab Rep. refugees] non-international armed conflict (531,246 displaced)"
LBN,Lebanon,2,Widespread violence / breakdown of public order,RECOMMENDED,0.0,0.0,3957,0,64417.0,542785.0,"3,957 ACLED events 2018+ (13% of political-violence events here)",
LBN,Lebanon,3,Discrimination or persecution,RECOMMENDED,0.0,0.0,0,0,64417.0,542785.0,88% origin-weighted recognition rate for the refugee population hosted here,
LBN,Lebanon,4,Human rights violations by authorities,RECOMMENDED,0.0,0.0,87,0,64417.0,542785.0,"3,158 civilian deaths attributed to state forces, UCDP one-sided 1989-2025",
LBN,Lebanon,5,Other threats of violence,RESIDUAL,0.0,0.0,344,0,64417.0,542785.0,Residual code - retained on every showcard by design,
LBN,Lebanon,6,Natural disasters,LOW_SALIENCE,0.0,0.0,0,0,64417.0,542785.0,Sources cover this country and show little or no displacement from this cause - candidate for de-emphasis in enumerator support material only,
LBN,Lebanon,7,"Man-made events (eviction, pollution)",UNEVIDENCED,0.0,0.0,0,0,64417.0,542785.0,"No supporting evidence found, but global data is structurally blind to this cause - retain and test in cognitive interviews",
LBN,Lebanon,8,A different threat,RESIDUAL,0.0,0.0,0,0,64417.0,542785.0,Residual code - retained on every showcard by design,
LBR,Liberia,1,Armed conflict or war,UNEVIDENCED,,0.0,0,0,0.0,1897.0,No source covers this country,
LBR,Liberia,2,Widespread violence / breakdown of public order,UNEVIDENCED,,0.0,0,0,0.0,1897.0,No source covers this country,
LBR,Liberia,3,Discrimination or persecution,UNEVIDENCED,,0.0,0,0,0.0,1897.0,"No supporting evidence found, but global data is structurally blind to this cause - retain and test in cognitive interviews",
LBR,Liberia,4,Human rights violations by authorities,RECOMMENDED,,0.0,0,0,0.0,1897.0,"4,208 civilian deaths attributed to state forces, UCDP one-sided 1989-2025",
LBR,Liberia,5,Other threats of violence,RESIDUAL,,0.0,0,0,0.0,1897.0,Residual code - retained on every showcard by design,
LBR,Liberia,6,Natural disasters,UNEVIDENCED,,0.0,0,0,0.0,1897.0,No source covers this country,
LBR,Liberia,7,"Man-made events (eviction, pollution)",UNEVIDENCED,,0.0,0,0,0.0,1897.0,"No supporting evidence found, but global data is structurally blind to this cause - retain and test in cognitive interviews",
LBR,Liberia,8,A different threat,RESIDUAL,,0.0,0,0,0.0,1897.0,Residual code - retained on every showcard by design,
LBY,Libya,1,Armed conflict or war,RECOMMENDED,1.0,0.9541,0,1120,32791.0,658477.0,"100% of internal displacement in-country (1,120 people, IDMC 2025) | 95% origin-weighted - refugees hosted here come from countries where this is a major cause","non-international armed conflict (1,120 displaced); [via Sudan refugees] non-international armed conflict (1,732,551 displaced)"
LBY,Libya,2,Widespread violence / breakdown of public order,LOW_SALIENCE,0.0,0.0,0,0,32791.0,658477.0,Sources cover this country and show little or no displacement from this cause - candidate for de-emphasis in enumerator support material only,
LBY,Libya,3,Discrimination or persecution,RECOMMENDED,0.0,0.0,0,0,32791.0,658477.0,70% origin-weighted recognition rate for the refugee population hosted here,
LBY,Libya,4,Human rights violations by authorities,RECOMMENDED,0.0,0.0,0,0,32791.0,658477.0,"152 civilian deaths attributed to state forces, UCDP one-sided 1989-2025",
LBY,Libya,5,Other threats of violence,RESIDUAL,0.0,0.0,0,0,32791.0,658477.0,Residual code - retained on every showcard by design,
LBY,Libya,6,Natural disasters,LOW_SALIENCE,0.0,0.0166,0,0,32791.0,658477.0,Sources cover this country and show little or no displacement from this cause - candidate for de-emphasis in enumerator support material only,"[via Sudan refugees] Flood (30,025 displaced); [via Sudan refugees] Landslide/Wet mass movement (150 displaced)"
LBY,Libya,7,"Man-made events (eviction, pollution)",UNEVIDENCED,0.0,0.0,0,0,32791.0,658477.0,"No supporting evidence found, but global data is structurally blind to this cause - retain and test in cognitive interviews",
LBY,Libya,8,A different threat,RESIDUAL,0.0,0.0,0,0,32791.0,658477.0,Residual code - retained on every showcard by design,
LIE,Liechtenstein,1,Armed conflict or war,UNEVIDENCED,,0.0,0,0,0.0,1024.0,No source covers this country,
LIE,Liechtenstein,2,Widespread violence / breakdown of public order,UNEVIDENCED,,0.0,0,0,0.0,1024.0,No source covers this country,
LIE,Liechtenstein,3,Discrimination or persecution,UNEVIDENCED,,0.0,0,0,0.0,1024.0,"No supporting evidence found, but global data is structurally blind to this cause - retain and test in cognitive interviews",
LIE,Liechtenstein,4,Human rights violations by authorities,UNEVIDENCED,,0.0,0,0,0.0,1024.0,"No supporting evidence found, but global data is structurally blind to this cause - retain and test in cognitive interviews",
LIE,Liechtenstein,5,Other threats of violence,RESIDUAL,,0.0,0,0,0.0,1024.0,Residual code - retained on every showcard by design,
LIE,Liechtenstein,6,Natural disasters,UNEVIDENCED,,0.0,0,0,0.0,1024.0,No source covers this country,
LIE,Liechtenstein,7,"Man-made events (eviction, pollution)",UNEVIDENCED,,0.0,0,0,0.0,1024.0,"No supporting evidence found, but global data is structurally blind to this cause - retain and test in cognitive interviews",
LIE,Liechtenstein,8,A different threat,RESIDUAL,,0.0,0,0,0.0,1024.0,Residual code - retained on every showcard by design,
LKA,Sri Lanka,1,Armed conflict or war,LOW_SALIENCE,0.0,0.0,0,0,4099.0,484.0,Sources cover this country and show little or no displacement from this cause - candidate for de-emphasis in enumerator support material only,
LKA,Sri Lanka,2,Widespread violence / breakdown of public order,LOW_SALIENCE,0.0,0.0,0,0,4099.0,484.0,Sources cover this country and show little or no displacement from this cause - candidate for de-emphasis in enumerator support material only,
LKA,Sri Lanka,3,Discrimination or persecution,UNEVIDENCED,0.0,0.0,0,0,4099.0,484.0,"No supporting evidence found, but global data is structurally blind to this cause - retain and test in cognitive interviews",
LKA,Sri Lanka,4,Human rights violations by authorities,RECOMMENDED,0.0,0.0,0,0,4099.0,484.0,"685 civilian deaths attributed to state forces, UCDP one-sided 1989-2025",
LKA,Sri Lanka,5,Other threats of violence,RESIDUAL,0.0,0.0,0,0,4099.0,484.0,Residual code - retained on every showcard by design,
LKA,Sri Lanka,6,Natural disasters,RECOMMENDED,1.0,0.0,0,563857,4099.0,484.0,"100% of internal displacement in-country (563,857 people, IDMC 2025)","Typhoon/Hurricane/Cyclone (560,263 displaced); Flood (2,581 displaced); Storm (781 displaced)"
LKA,Sri Lanka,7,"Man-made events (eviction, pollution)",UNEVIDENCED,0.0,0.0,0,0,4099.0,484.0,"No supporting evidence found, but global data is structurally blind to this cause - retain and test in cognitive interviews",
LKA,Sri Lanka,8,A different threat,RESIDUAL,0.0,0.0,0,0,4099.0,484.0,Residual code - retained on every showcard by design,
LTU,Lithuania,1,Armed conflict or war,RECOMMENDED,,0.9408,4,0,0.0,54537.0,94% origin-weighted - refugees hosted here come from countries where this is a major cause,"[via Ukraine refugees] international armed conflict (167,869 displaced)"
LTU,Lithuania,2,Widespread violence / breakdown of public order,RECOMMENDED,,0.0,32,0,0.0,54537.0,32 ACLED events 2018+ (71% of political-violence events here),
LTU,Lithuania,3,Discrimination or persecution,RECOMMENDED,,0.0,0,0,0.0,54537.0,60% origin-weighted recognition rate for the refugee population hosted here,
LTU,Lithuania,4,Human rights violations by authorities,UNEVIDENCED,,0.0,5,0,0.0,54537.0,"No supporting evidence found, but global data is structurally blind to this cause - retain and test in cognitive interviews",
LTU,Lithuania,5,Other threats of violence,RESIDUAL,,0.0,4,0,0.0,54537.0,Residual code - retained on every showcard by design,
LTU,Lithuania,6,Natural disasters,LOW_SALIENCE,,0.0,0,0,0.0,54537.0,Sources cover this country and show little or no displacement from this cause - candidate for de-emphasis in enumerator support material only,
LTU,Lithuania,7,"Man-made events (eviction, pollution)",UNEVIDENCED,,0.0003,0,0,0.0,54537.0,"No supporting evidence found, but global data is structurally blind to this cause - retain and test in cognitive interviews",
LTU,Lithuania,8,A different threat,RESIDUAL,,0.0,0,0,0.0,54537.0,Residual code - retained on every showcard by design,
LUX,Luxembourg,1,Armed conflict or war,RECOMMENDED,0.0,0.4734,0,0,0.0,13334.0,47% origin-weighted - refugees hosted here come from countries where this is a major cause,"[via Syrian Arab Rep. refugees] non-international armed conflict (531,246 displaced); [via Ukraine refugees] international armed conflict (167,869 displaced)"
LUX,Luxembourg,2,Widespread violence / breakdown of public order,LOW_SALIENCE,0.0,0.0,8,0,0.0,13334.0,Sources cover this country and show little or no displacement from this cause - candidate for de-emphasis in enumerator support material only,
LUX,Luxembourg,3,Discrimination or persecution,RECOMMENDED,0.0,0.0,0,0,0.0,13334.0,75% origin-weighted recognition rate for the refugee population hosted here,
LUX,Luxembourg,4,Human rights violations by authorities,UNEVIDENCED,0.0,0.0,0,0,0.0,13334.0,"No supporting evidence found, but global data is structurally blind to this cause - retain and test in cognitive interviews",
LUX,Luxembourg,5,Other threats of violence,RESIDUAL,0.0,0.0,0,0,0.0,13334.0,Residual code - retained on every showcard by design,
LUX,Luxembourg,6,Natural disasters,RECOMMENDED,1.0,0.0,0,3,0.0,13334.0,"100% of internal displacement in-country (3 people, IDMC 2025)",Flood (3 displaced)
LUX,Luxembourg,7,"Man-made events (eviction, pollution)",UNEVIDENCED,0.0,0.0001,0,0,0.0,13334.0,"No supporting evidence found, but global data is structurally blind to this cause - retain and test in cognitive interviews",
LUX,Luxembourg,8,A different threat,RESIDUAL,0.0,0.0,0,0,0.0,13334.0,Residual code - retained on every showcard by design,
LVA,Latvia,1,Armed conflict or war,RECOMMENDED,,0.9408,3,0,0.0,32941.0,94% origin-weighted - refugees hosted here come from countries where this is a major cause,"[via Ukraine refugees] international armed conflict (167,869 displaced)"
LVA,Latvia,2,Widespread violence / breakdown of public order,RECOMMENDED,,0.0,19,0,0.0,32941.0,19 ACLED events 2018+ (59% of political-violence events here),
LVA,Latvia,3,Discrimination or persecution,RECOMMENDED,,0.0,0,0,0.0,32941.0,60% origin-weighted recognition rate for the refugee population hosted here,
LVA,Latvia,4,Human rights violations by authorities,UNEVIDENCED,,0.0,5,0,0.0,32941.0,"No supporting evidence found, but global data is structurally blind to this cause - retain and test in cognitive interviews",
LVA,Latvia,5,Other threats of violence,RESIDUAL,,0.0,5,0,0.0,32941.0,Residual code - retained on every showcard by design,
LVA,Latvia,6,Natural disasters,LOW_SALIENCE,,0.0,0,0,0.0,32941.0,Sources cover this country and show little or no displacement from this cause - candidate for de-emphasis in enumerator support material only,
LVA,Latvia,7,"Man-made events (eviction, pollution)",UNEVIDENCED,,0.0003,0,0,0.0,32941.0,"No supporting evidence found, but global data is structurally blind to this cause - retain and test in cognitive interviews",
LVA,Latvia,8,A different threat,RESIDUAL,,0.0,0,0,0.0,32941.0,Residual code - retained on every showcard by design,
MAC,Macao,1,Armed conflict or war,LOW_SALIENCE,0.0,0.0,0,0,0.0,0.0,Sources cover this country and show little or no displacement from this cause - candidate for de-emphasis in enumerator support material only,
MAC,Macao,2,Widespread violence / breakdown of public order,LOW_SALIENCE,0.0,0.0,0,0,0.0,0.0,Sources cover this country and show little or no displacement from this cause - candidate for de-emphasis in enumerator support material only,
MAC,Macao,3,Discrimination or persecution,UNEVIDENCED,0.0,0.0,0,0,0.0,0.0,"No supporting evidence found, but global data is structurally blind to this cause - retain and test in cognitive interviews",
MAC,Macao,4,Human rights violations by authorities,UNEVIDENCED,0.0,0.0,0,0,0.0,0.0,"No supporting evidence found, but global data is structurally blind to this cause - retain and test in cognitive interviews",
MAC,Macao,5,Other threats of violence,RESIDUAL,0.0,0.0,0,0,0.0,0.0,Residual code - retained on every showcard by design,
MAC,Macao,6,Natural disasters,RECOMMENDED,1.0,0.0,0,3388,0.0,0.0,"100% of internal displacement in-country (3,388 people, IDMC 2025)","Typhoon/Hurricane/Cyclone (3,388 displaced)"
MAC,Macao,7,"Man-made events (eviction, pollution)",UNEVIDENCED,0.0,0.0,0,0,0.0,0.0,"No supporting evidence found, but global data is structurally blind to this cause - retain and test in cognitive interviews",
MAC,Macao,8,A different threat,RESIDUAL,0.0,0.0,0,0,0.0,0.0,Residual code - retained on every showcard by design,
MAR,Morocco,1,Armed conflict or war,RECOMMENDED,0.0,0.5157,0,0,0.0,22337.0,52% origin-weighted - refugees hosted here come from countries where this is a major cause,"[via Central African Rep. refugees] non-international armed conflict (142,765 displaced)"
MAR,Morocco,2,Widespread violence / breakdown of public order,RECOMMENDED,0.0,0.0801,0,0,0.0,22337.0,8% origin-weighted - refugees hosted here come from countries where this is a major cause,"[via Central African Rep. refugees] other situations of violence (1,211 displaced); [via Cote d'Ivoire refugees] other situations of violence (300 displaced)"
MAR,Morocco,3,Discrimination or persecution,RECOMMENDED,0.0,0.0,0,0,0.0,22337.0,60% origin-weighted recognition rate for the refugee population hosted here,
MAR,Morocco,4,Human rights violations by authorities,UNEVIDENCED,0.0,0.0,0,0,0.0,22337.0,"No supporting evidence found, but global data is structurally blind to this cause - retain and test in cognitive interviews",
MAR,Morocco,5,Other threats of violence,RESIDUAL,0.0,0.0,0,0,0.0,22337.0,Residual code - retained on every showcard by design,
MAR,Morocco,6,Natural disasters,RECOMMENDED,1.0,0.1869,0,39,0.0,22337.0,"100% of internal displacement in-country (39 people, IDMC 2025) | 19% origin-weighted - refugees hosted here come from countries where this is a major cause","Flood (39 displaced); [via Central African Rep. refugees] Flood (11,563 displaced); [via Central African Rep. refugees] Storm (5,756 displaced); [via Guinea refugees] Flood (512 displaced); [via Guinea refugees] Landslide/Wet mass movement (128 displaced)"
MAR,Morocco,7,"Man-made events (eviction, pollution)",UNEVIDENCED,0.0,0.0,0,0,0.0,22337.0,"No supporting evidence found, but global data is structurally blind to this cause - retain and test in cognitive interviews",
MAR,Morocco,8,A different threat,RESIDUAL,0.0,0.0,0,0,0.0,22337.0,Residual code - retained on every showcard by design,
MCO,Monaco,1,Armed conflict or war,LOW_SALIENCE,,0.0,1,0,0.0,17.0,Sources cover this country and show little or no displacement from this cause - candidate for de-emphasis in enumerator support material only,
MCO,Monaco,2,Widespread violence / breakdown of public order,LOW_SALIENCE,,0.0,0,0,0.0,17.0,Sources cover this country and show little or no displacement from this cause - candidate for de-emphasis in enumerator support material only,
MCO,Monaco,3,Discrimination or persecution,UNEVIDENCED,,0.0,0,0,0.0,17.0,"No supporting evidence found, but global data is structurally blind to this cause - retain and test in cognitive interviews",
MCO,Monaco,4,Human rights violations by authorities,UNEVIDENCED,,0.0,0,0,0.0,17.0,"No supporting evidence found, but global data is structurally blind to this cause - retain and test in cognitive interviews",
MCO,Monaco,5,Other threats of violence,RESIDUAL,,0.0,0,0,0.0,17.0,Residual code - retained on every showcard by design,
MCO,Monaco,6,Natural disasters,LOW_SALIENCE,,0.0,0,0,0.0,17.0,Sources cover this country and show little or no displacement from this cause - candidate for de-emphasis in enumerator support material only,
MCO,Monaco,7,"Man-made events (eviction, pollution)",UNEVIDENCED,,0.0,0,0,0.0,17.0,"No supporting evidence found, but global data is structurally blind to this cause - retain and test in cognitive interviews",
MCO,Monaco,8,A different threat,RESIDUAL,,0.0,0,0,0.0,17.0,Residual code - retained on every showcard by design,
MDA,"Moldova, Republic of",1,Armed conflict or war,RECOMMENDED,,0.9935,89,0,0.0,149918.0,99% origin-weighted - refugees hosted here come from countries where this is a major cause | 89 ACLED events 2018+ (35% of political-violence events here),"[via Ukraine refugees] international armed conflict (167,869 displaced)"
MDA,"Moldova, Republic of",2,Widespread violence / breakdown of public order,RECOMMENDED,,0.0,106,0,0.0,149918.0,106 ACLED events 2018+ (42% of political-violence events here),
MDA,"Moldova, Republic of",3,Discrimination or persecution,RECOMMENDED,,0.0,0,0,0.0,149918.0,60% origin-weighted recognition rate for the refugee population hosted here,
MDA,"Moldova, Republic of",4,Human rights violations by authorities,RECOMMENDED,,0.0,16,0,0.0,149918.0,16 ACLED events 2018+ (6% of political-violence events here),
MDA,"Moldova, Republic of",5,Other threats of violence,RESIDUAL,,0.0,44,0,0.0,149918.0,Residual code - retained on every showcard by design,
MDA,"Moldova, Republic of",6,Natural disasters,LOW_SALIENCE,,0.0,0,0,0.0,149918.0,Sources cover this country and show little or no displacement from this cause - candidate for de-emphasis in enumerator support material only,
MDA,"Moldova, Republic of",7,"Man-made events (eviction, pollution)",UNEVIDENCED,,0.0004,0,0,0.0,149918.0,"No supporting evidence found, but global data is structurally blind to this cause - retain and test in cognitive interviews",
MDA,"Moldova, Republic of",8,A different threat,RESIDUAL,,0.0,0,0,0.0,149918.0,Residual code - retained on every showcard by design,
MDG,Madagascar,1,Armed conflict or war,LOW_SALIENCE,0.0,0.0,0,0,0.0,1366.0,Sources cover this country and show little or no displacement from this cause - candidate for de-emphasis in enumerator support material only,
MDG,Madagascar,2,Widespread violence / breakdown of public order,LOW_SALIENCE,0.0,0.0,0,0,0.0,1366.0,Sources cover this country and show little or no displacement from this cause - candidate for de-emphasis in enumerator support material only,
MDG,Madagascar,3,Discrimination or persecution,UNEVIDENCED,0.0,0.0,0,0,0.0,1366.0,"No supporting evidence found, but global data is structurally blind to this cause - retain and test in cognitive interviews",
MDG,Madagascar,4,Human rights violations by authorities,UNEVIDENCED,0.0,0.0,0,0,0.0,1366.0,"No supporting evidence found, but global data is structurally blind to this cause - retain and test in cognitive interviews",
MDG,Madagascar,5,Other threats of violence,RESIDUAL,0.0,0.0,0,0,0.0,1366.0,Residual code - retained on every showcard by design,
MDG,Madagascar,6,Natural disasters,RECOMMENDED,0.944,0.0,0,166740,0.0,1366.0,"94% of internal displacement in-country (166,740 people, IDMC 2025)","Typhoon/Hurricane/Cyclone (138,592 displaced); Flood (27,607 displaced); Storm (365 displaced)"
MDG,Madagascar,7,"Man-made events (eviction, pollution)",RECOMMENDED,0.056,0.0,0,9900,0.0,1366.0,"6% of internal displacement in-country (9,900 people, IDMC 2025)",
MDG,Madagascar,8,A different threat,RESIDUAL,0.0,0.0,0,0,0.0,1366.0,Residual code - retained on every showcard by design,
MDV,Maldives,1,Armed conflict or war,LOW_SALIENCE,0.0,0.0,0,0,0.0,0.0,Sources cover this country and show little or no displacement from this cause - candidate for de-emphasis in enumerator support material only,
MDV,Maldives,2,Widespread violence / breakdown of public order,LOW_SALIENCE,0.0,0.0,0,0,0.0,0.0,Sources cover this country and show little or no displacement from this cause - candidate for de-emphasis in enumerator support material only,
MDV,Maldives,3,Discrimination or persecution,UNEVIDENCED,0.0,0.0,0,0,0.0,0.0,"No supporting evidence found, but global data is structurally blind to this cause - retain and test in cognitive interviews",
MDV,Maldives,4,Human rights violations by authorities,UNEVIDENCED,0.0,0.0,0,0,0.0,0.0,"No supporting evidence found, but global data is structurally blind to this cause - retain and test in cognitive interviews",
MDV,Maldives,5,Other threats of violence,RESIDUAL,0.0,0.0,0,0,0.0,0.0,Residual code - retained on every showcard by design,
MDV,Maldives,6,Natural disasters,RECOMMENDED,1.0,0.0,0,315,0.0,0.0,"100% of internal displacement in-country (315 people, IDMC 2025)",Flood (315 displaced)
MDV,Maldives,7,"Man-made events (eviction, pollution)",UNEVIDENCED,0.0,0.0,0,0,0.0,0.0,"No supporting evidence found, but global data is structurally blind to this cause - retain and test in cognitive interviews",
MDV,Maldives,8,A different threat,RESIDUAL,0.0,0.0,0,0,0.0,0.0,Residual code - retained on every showcard by design,
MEX,Mexico,1,Armed conflict or war,LOW_SALIENCE,0.0,0.0,0,0,262411.0,325534.0,Sources cover this country and show little or no displacement from this cause - candidate for de-emphasis in enumerator support material only,
MEX,Mexico,2,Widespread violence / breakdown of public order,RECOMMENDED,0.1,0.4687,0,10329,262411.0,325534.0,"10% of internal displacement in-country (10,329 people, IDMC 2025) | 47% origin-weighted - refugees hosted here come from countries where this is a major cause","other situations of violence (10,329 displaced); [via Honduras refugees] other situations of violence (8,926 displaced); [via Haiti refugees] other situations of violence (976,969 displaced)"
MEX,Mexico,3,Discrimination or persecution,UNEVIDENCED,0.0,0.0,0,0,262411.0,325534.0,"No supporting evidence found, but global data is structurally blind to this cause - retain and test in cognitive interviews",
MEX,Mexico,4,Human rights violations by authorities,UNEVIDENCED,0.0,0.0,0,0,262411.0,325534.0,"No supporting evidence found, but global data is structurally blind to this cause - retain and test in cognitive interviews",
MEX,Mexico,5,Other threats of violence,RESIDUAL,0.0,0.0,0,0,262411.0,325534.0,Residual code - retained on every showcard by design,
MEX,Mexico,6,Natural disasters,RECOMMENDED,0.8712,0.3809,0,90032,262411.0,325534.0,"87% of internal displacement in-country (90,032 people, IDMC 2025) | 38% origin-weighted - refugees hosted here come from countries where this is a major cause","Flood (72,272 displaced); Storm (15,129 displaced); Typhoon/Hurricane/Cyclone (2,305 displaced); [via Cuba refugees] Typhoon/Hurricane/Cyclone (753,000 displaced); [via Honduras refugees] Flood (2,018 displaced)"
MEX,Mexico,7,"Man-made events (eviction, pollution)",UNEVIDENCED,0.0288,0.0001,0,2976,262411.0,325534.0,"No supporting evidence found, but global data is structurally blind to this cause - retain and test in cognitive interviews",
MEX,Mexico,8,A different threat,RESIDUAL,0.0,0.0,0,0,262411.0,325534.0,Residual code - retained on every showcard by design,
MKD,North Macedonia,1,Armed conflict or war,RECOMMENDED,0.0,0.9939,10,0,0.0,20860.0,99% origin-weighted - refugees hosted here come from countries where this is a major cause | 10 ACLED events 2018+ (15% of political-violence events here),"[via Ukraine refugees] international armed conflict (167,869 displaced)"
MKD,North Macedonia,2,Widespread violence / breakdown of public order,RECOMMENDED,0.0,0.0,30,0,0.0,20860.0,30 ACLED events 2018+ (44% of political-violence events here),
MKD,North Macedonia,3,Discrimination or persecution,RECOMMENDED,0.0,0.0,0,0,0.0,20860.0,60% origin-weighted recognition rate for the refugee population hosted here,
MKD,North Macedonia,4,Human rights violations by authorities,RECOMMENDED,0.0,0.0,2,0,0.0,20860.0,"390 civilian deaths attributed to state forces, UCDP one-sided 1989-2025",
MKD,North Macedonia,5,Other threats of violence,RESIDUAL,0.0,0.0,26,0,0.0,20860.0,Residual code - retained on every showcard by design,
MKD,North Macedonia,6,Natural disasters,LOW_SALIENCE,0.0,0.0,0,0,0.0,20860.0,Sources cover this country and show little or no displacement from this cause - candidate for de-emphasis in enumerator support material only,
MKD,North Macedonia,7,"Man-made events (eviction, pollution)",RECOMMENDED,1.0,0.0004,0,36,0.0,20860.0,"100% of internal displacement in-country (36 people, IDMC 2025)",
MKD,North Macedonia,8,A different threat,RESIDUAL,0.0,0.0,0,0,0.0,20860.0,Residual code - retained on every showcard by design,
MLI,Mali,1,Armed conflict or war,RECOMMENDED,0.942,0.9366,0,95460,414524.0,287037.0,"94% of internal displacement in-country (95,460 people, IDMC 2025) | 94% origin-weighted - refugees hosted here come from countries where this is a major cause","non-international armed conflict (95,460 displaced); [via Burkina Faso refugees] non-international armed conflict (315,738 displaced); [via Niger refugees] non-international armed conflict (166,128 displaced)"
MLI,Mali,2,Widespread violence / breakdown of public order,LOW_SALIENCE,0.0,0.0,0,0,414524.0,287037.0,Sources cover this country and show little or no displacement from this cause - candidate for de-emphasis in enumerator support material only,
MLI,Mali,3,Discrimination or persecution,RECOMMENDED,0.0,0.0,0,0,414524.0,287037.0,79% origin-weighted recognition rate for the refugee population hosted here,
MLI,Mali,4,Human rights violations by authorities,RECOMMENDED,0.0,0.0,0,0,414524.0,287037.0,"2,785 civilian deaths attributed to state forces, UCDP one-sided 1989-2025",
MLI,Mali,5,Other threats of violence,RESIDUAL,0.0,0.0,0,0,414524.0,287037.0,Residual code - retained on every showcard by design,
MLI,Mali,6,Natural disasters,RECOMMENDED,0.058,0.0556,0,5878,414524.0,287037.0,"6% of internal displacement in-country (5,878 people, IDMC 2025) | 6% origin-weighted - refugees hosted here come from countries where this is a major cause","Flood (5,878 displaced); [via Burkina Faso refugees] Flood (211 displaced); [via Mauritania refugees] Flood (5,700 displaced); [via Niger refugees] Flood (1,894 displaced)"
MLI,Mali,7,"Man-made events (eviction, pollution)",UNEVIDENCED,0.0,0.0,0,0,414524.0,287037.0,"No supporting evidence found, but global data is structurally blind to this cause - retain and test in cognitive interviews",
MLI,Mali,8,A different threat,RESIDUAL,0.0,0.0,0,0,414524.0,287037.0,Residual code - retained on every showcard by design,
MLT,Malta,1,Armed conflict or war,RECOMMENDED,,0.7107,0,0,0.0,9696.0,71% origin-weighted - refugees hosted here come from countries where this is a major cause,"[via Libya refugees] non-international armed conflict (1,120 displaced); [via Syrian Arab Rep. refugees] non-international armed conflict (531,246 displaced); [via Ukraine refugees] international armed conflict (167,869 displaced)"
MLT,Malta,2,Widespread violence / breakdown of public order,RECOMMENDED,,0.0,15,0,0.0,9696.0,15 ACLED events 2018+ (88% of political-violence events here),
MLT,Malta,3,Discrimination or persecution,RECOMMENDED,,0.0,0,0,0.0,9696.0,65% origin-weighted recognition rate for the refugee population hosted here,
MLT,Malta,4,Human rights violations by authorities,UNEVIDENCED,,0.0,0,0,0.0,9696.0,"No supporting evidence found, but global data is structurally blind to this cause - retain and test in cognitive interviews",
MLT,Malta,5,Other threats of violence,RESIDUAL,,0.0,2,0,0.0,9696.0,Residual code - retained on every showcard by design,
MLT,Malta,6,Natural disasters,LOW_SALIENCE,,0.0,0,0,0.0,9696.0,Sources cover this country and show little or no displacement from this cause - candidate for de-emphasis in enumerator support material only,
MLT,Malta,7,"Man-made events (eviction, pollution)",UNEVIDENCED,,0.0001,0,0,0.0,9696.0,"No supporting evidence found, but global data is structurally blind to this cause - retain and test in cognitive interviews",
MLT,Malta,8,A different threat,RESIDUAL,,0.0,0,0,0.0,9696.0,Residual code - retained on every showcard by design,
MMR,Myanmar,1,Armed conflict or war,RECOMMENDED,0.5853,0.0,0,572538,3628840.0,0.0,"59% of internal displacement in-country (572,538 people, IDMC 2025)","non-international armed conflict (572,538 displaced)"
MMR,Myanmar,2,Widespread violence / breakdown of public order,LOW_SALIENCE,0.0,0.0,0,0,3628840.0,0.0,Sources cover this country and show little or no displacement from this cause - candidate for de-emphasis in enumerator support material only,
MMR,Myanmar,3,Discrimination or persecution,RECOMMENDED,0.0,0.0,0,0,3628840.0,0.0,"83% asylum recognition rate for people originating here (153,240 decisions) - the protection system judges these claims well-founded",
MMR,Myanmar,4,Human rights violations by authorities,RECOMMENDED,0.0,0.0,0,0,3628840.0,0.0,"7,211 civilian deaths attributed to state forces, UCDP one-sided 1989-2025",
MMR,Myanmar,5,Other threats of violence,RESIDUAL,0.0,0.0,0,0,3628840.0,0.0,Residual code - retained on every showcard by design,
MMR,Myanmar,6,Natural disasters,RECOMMENDED,0.4147,0.0,0,405608,3628840.0,0.0,"41% of internal displacement in-country (405,608 people, IDMC 2025)","Earthquake (326,906 displaced); Typhoon/Hurricane/Cyclone (60,470 displaced); Flood (17,267 displaced)"
MMR,Myanmar,7,"Man-made events (eviction, pollution)",UNEVIDENCED,0.0,0.0,0,0,3628840.0,0.0,"No supporting evidence found, but global data is structurally blind to this cause - retain and test in cognitive interviews",
MMR,Myanmar,8,A different threat,RESIDUAL,0.0,0.0,0,0,3628840.0,0.0,Residual code - retained on every showcard by design,
MNE,Montenegro,1,Armed conflict or war,RECOMMENDED,,0.9793,39,0,0.0,12444.0,98% origin-weighted - refugees hosted here come from countries where this is a major cause | 39 ACLED events 2018+ (28% of political-violence events here),"[via Ukraine refugees] international armed conflict (167,869 displaced)"
MNE,Montenegro,2,Widespread violence / breakdown of public order,RECOMMENDED,,0.0,74,0,0.0,12444.0,74 ACLED events 2018+ (54% of political-violence events here),
MNE,Montenegro,3,Discrimination or persecution,RECOMMENDED,,0.0,0,0,0.0,12444.0,60% origin-weighted recognition rate for the refugee population hosted here,
MNE,Montenegro,4,Human rights violations by authorities,UNEVIDENCED,,0.0,2,0,0.0,12444.0,"No supporting evidence found, but global data is structurally blind to this cause - retain and test in cognitive interviews",
MNE,Montenegro,5,Other threats of violence,RESIDUAL,,0.0,23,0,0.0,12444.0,Residual code - retained on every showcard by design,
MNE,Montenegro,6,Natural disasters,LOW_SALIENCE,,0.0,0,0,0.0,12444.0,Sources cover this country and show little or no displacement from this cause - candidate for de-emphasis in enumerator support material only,
MNE,Montenegro,7,"Man-made events (eviction, pollution)",UNEVIDENCED,,0.0004,0,0,0.0,12444.0,"No supporting evidence found, but global data is structurally blind to this cause - retain and test in cognitive interviews",
MNE,Montenegro,8,A different threat,RESIDUAL,,0.0,0,0,0.0,12444.0,Residual code - retained on every showcard by design,
MNG,Mongolia,1,Armed conflict or war,LOW_SALIENCE,0.0,0.0,0,0,0.0,26.0,Sources cover this country and show little or no displacement from this cause - candidate for de-emphasis in enumerator support material only,
MNG,Mongolia,2,Widespread violence / breakdown of public order,LOW_SALIENCE,0.0,0.0,0,0,0.0,26.0,Sources cover this country and show little or no displacement from this cause - candidate for de-emphasis in enumerator support material only,
MNG,Mongolia,3,Discrimination or persecution,UNEVIDENCED,0.0,0.0,0,0,0.0,26.0,"No supporting evidence found, but global data is structurally blind to this cause - retain and test in cognitive interviews",
MNG,Mongolia,4,Human rights violations by authorities,UNEVIDENCED,0.0,0.0,0,0,0.0,26.0,"No supporting evidence found, but global data is structurally blind to this cause - retain and test in cognitive interviews",
MNG,Mongolia,5,Other threats of violence,RESIDUAL,0.0,0.0,0,0,0.0,26.0,Residual code - retained on every showcard by design,
MNG,Mongolia,6,Natural disasters,RECOMMENDED,0.9166,0.0,0,846,0.0,26.0,"92% of internal displacement in-country (846 people, IDMC 2025)",Sand/dust storm (436 displaced); Storm surge (410 displaced)
MNG,Mongolia,7,"Man-made events (eviction, pollution)",RECOMMENDED,0.0834,0.0,0,77,0.0,26.0,"8% of internal displacement in-country (77 people, IDMC 2025)",
MNG,Mongolia,8,A different threat,RESIDUAL,0.0,0.0,0,0,0.0,26.0,Residual code - retained on every showcard by design,
MOZ,Mozambique,1,Armed conflict or war,RECOMMENDED,0.3362,0.2904,0,338679,461745.0,24077.0,"34% of internal displacement in-country (338,679 people, IDMC 2025) | 29% origin-weighted - refugees hosted here come from countries where this is a major cause","non-international armed conflict (338,679 displaced); [via Dem. Rep. of the Congo refugees] non-international armed conflict (7,664,444 displaced)"
MOZ,Mozambique,2,Widespread violence / breakdown of public order,LOW_SALIENCE,0.0,0.0173,0,0,461745.0,24077.0,Sources cover this country and show little or no displacement from this cause - candidate for de-emphasis in enumerator support material only,"[via Dem. Rep. of the Congo refugees] other situations of violence (455,778 displaced)"
MOZ,Mozambique,3,Discrimination or persecution,RECOMMENDED,0.0,0.0,0,0,461745.0,24077.0,69% origin-weighted recognition rate for the refugee population hosted here,
MOZ,Mozambique,4,Human rights violations by authorities,RECOMMENDED,0.0,0.0,0,0,461745.0,24077.0,"506 civilian deaths attributed to state forces, UCDP one-sided 1989-2025",
MOZ,Mozambique,5,Other threats of violence,RESIDUAL,0.0,0.0,0,0,461745.0,24077.0,Residual code - retained on every showcard by design,
MOZ,Mozambique,6,Natural disasters,RECOMMENDED,0.6638,0.5519,0,668789,461745.0,24077.0,"66% of internal displacement in-country (668,789 people, IDMC 2025) | 55% origin-weighted - refugees hosted here come from countries where this is a major cause","Typhoon/Hurricane/Cyclone (659,401 displaced); Flood (9,388 displaced); [via Burundi refugees] Flood (14,386 displaced); [via Burundi refugees] Storm (3,702 displaced); [via Dem. Rep. of the Congo refugees] Flood (280,211 displaced)"
MOZ,Mozambique,7,"Man-made events (eviction, pollution)",UNEVIDENCED,0.0,0.0,0,0,461745.0,24077.0,"No supporting evidence found, but global data is structurally blind to this cause - retain and test in cognitive interviews",
MOZ,Mozambique,8,A different threat,RESIDUAL,0.0,0.0,0,0,461745.0,24077.0,Residual code - retained on every showcard by design,
MRT,Mauritania,1,Armed conflict or war,RECOMMENDED,0.0,0.9268,0,0,0.0,308868.0,93% origin-weighted - refugees hosted here come from countries where this is a major cause,"[via Mali refugees] non-international armed conflict (95,460 displaced)"
MRT,Mauritania,2,Widespread violence / breakdown of public order,LOW_SALIENCE,0.0,0.0,0,0,0.0,308868.0,Sources cover this country and show little or no displacement from this cause - candidate for de-emphasis in enumerator support material only,
MRT,Mauritania,3,Discrimination or persecution,UNEVIDENCED,0.0,0.0,0,0,0.0,308868.0,"No supporting evidence found, but global data is structurally blind to this cause - retain and test in cognitive interviews",
MRT,Mauritania,4,Human rights violations by authorities,UNEVIDENCED,0.0,0.0,0,0,0.0,308868.0,"No supporting evidence found, but global data is structurally blind to this cause - retain and test in cognitive interviews",
MRT,Mauritania,5,Other threats of violence,RESIDUAL,0.0,0.0,0,0,0.0,308868.0,Residual code - retained on every showcard by design,
MRT,Mauritania,6,Natural disasters,RECOMMENDED,1.0,0.0571,0,5700,0.0,308868.0,"100% of internal displacement in-country (5,700 people, IDMC 2025) | 6% origin-weighted - refugees hosted here come from countries where this is a major cause","Flood (5,700 displaced); [via Mali refugees] Flood (5,878 displaced)"
MRT,Mauritania,7,"Man-made events (eviction, pollution)",UNEVIDENCED,0.0,0.0,0,0,0.0,308868.0,"No supporting evidence found, but global data is structurally blind to this cause - retain and test in cognitive interviews",
MRT,Mauritania,8,A different threat,RESIDUAL,0.0,0.0,0,0,0.0,308868.0,Residual code - retained on every showcard by design,
MUS,Mauritius,1,Armed conflict or war,LOW_SALIENCE,0.0,0.0,0,0,0.0,257.0,Sources cover this country and show little or no displacement from this cause - candidate for de-emphasis in enumerator support material only,
MUS,Mauritius,2,Widespread violence / breakdown of public order,LOW_SALIENCE,0.0,0.0,0,0,0.0,257.0,Sources cover this country and show little or no displacement from this cause - candidate for de-emphasis in enumerator support material only,
MUS,Mauritius,3,Discrimination or persecution,UNEVIDENCED,0.0,0.0,0,0,0.0,257.0,"No supporting evidence found, but global data is structurally blind to this cause - retain and test in cognitive interviews",
MUS,Mauritius,4,Human rights violations by authorities,UNEVIDENCED,0.0,0.0,0,0,0.0,257.0,"No supporting evidence found, but global data is structurally blind to this cause - retain and test in cognitive interviews",
MUS,Mauritius,5,Other threats of violence,RESIDUAL,0.0,0.0,0,0,0.0,257.0,Residual code - retained on every showcard by design,
MUS,Mauritius,6,Natural disasters,RECOMMENDED,1.0,0.0,0,279,0.0,257.0,"100% of internal displacement in-country (279 people, IDMC 2025)",Typhoon/Hurricane/Cyclone (279 displaced)
MUS,Mauritius,7,"Man-made events (eviction, pollution)",UNEVIDENCED,0.0,0.0,0,0,0.0,257.0,"No supporting evidence found, but global data is structurally blind to this cause - retain and test in cognitive interviews",
MUS,Mauritius,8,A different threat,RESIDUAL,0.0,0.0,0,0,0.0,257.0,Residual code - retained on every showcard by design,
MWI,Malawi,1,Armed conflict or war,RECOMMENDED,0.0,0.4948,0,0,0.0,60492.0,49% origin-weighted - refugees hosted here come from countries where this is a major cause,"[via Dem. Rep. of the Congo refugees] non-international armed conflict (7,664,444 displaced)"
MWI,Malawi,2,Widespread violence / breakdown of public order,LOW_SALIENCE,0.0,0.0294,0,0,0.0,60492.0,Sources cover this country and show little or no displacement from this cause - candidate for de-emphasis in enumerator support material only,"[via Dem. Rep. of the Congo refugees] other situations of violence (455,778 displaced)"
MWI,Malawi,3,Discrimination or persecution,RECOMMENDED,0.0,0.0,0,0,0.0,60492.0,68% origin-weighted recognition rate for the refugee population hosted here,
MWI,Malawi,4,Human rights violations by authorities,UNEVIDENCED,0.0,0.0,0,0,0.0,60492.0,"No supporting evidence found, but global data is structurally blind to this cause - retain and test in cognitive interviews",
MWI,Malawi,5,Other threats of violence,RESIDUAL,0.0,0.0,0,0,0.0,60492.0,Residual code - retained on every showcard by design,
MWI,Malawi,6,Natural disasters,RECOMMENDED,1.0,0.3512,0,46437,0.0,60492.0,"100% of internal displacement in-country (46,437 people, IDMC 2025) | 35% origin-weighted - refugees hosted here come from countries where this is a major cause","Flood (32,848 displaced); Storm (8,706 displaced); Typhoon/Hurricane/Cyclone (4,883 displaced); [via Burundi refugees] Flood (14,386 displaced); [via Burundi refugees] Storm (3,702 displaced)"
MWI,Malawi,7,"Man-made events (eviction, pollution)",UNEVIDENCED,0.0,0.0,0,0,0.0,60492.0,"No supporting evidence found, but global data is structurally blind to this cause - retain and test in cognitive interviews",
MWI,Malawi,8,A different threat,RESIDUAL,0.0,0.0,0,0,0.0,60492.0,Residual code - retained on every showcard by design,
MYS,Malaysia,1,Armed conflict or war,RECOMMENDED,0.0,0.5285,0,0,0.0,213175.0,53% origin-weighted - refugees hosted here come from countries where this is a major cause,"[via Myanmar refugees] non-international armed conflict (572,538 displaced)"
MYS,Malaysia,2,Widespread violence / breakdown of public order,LOW_SALIENCE,0.0,0.0,0,0,0.0,213175.0,Sources cover this country and show little or no displacement from this cause - candidate for de-emphasis in enumerator support material only,
MYS,Malaysia,3,Discrimination or persecution,RECOMMENDED,0.0,0.0,0,0,0.0,213175.0,83% origin-weighted recognition rate for the refugee population hosted here,
MYS,Malaysia,4,Human rights violations by authorities,UNEVIDENCED,0.0,0.0,0,0,0.0,213175.0,"No supporting evidence found, but global data is structurally blind to this cause - retain and test in cognitive interviews",
MYS,Malaysia,5,Other threats of violence,RESIDUAL,0.0,0.0,0,0,0.0,213175.0,Residual code - retained on every showcard by design,
MYS,Malaysia,6,Natural disasters,RECOMMENDED,1.0,0.3744,0,148207,0.0,213175.0,"100% of internal displacement in-country (148,207 people, IDMC 2025) | 37% origin-weighted - refugees hosted here come from countries where this is a major cause","Flood (147,059 displaced); Landslide/Wet mass movement (822 displaced); Storm (326 displaced); [via Myanmar refugees] Earthquake (326,906 displaced); [via Myanmar refugees] Typhoon/Hurricane/Cyclone (60,470 displaced)"
MYS,Malaysia,7,"Man-made events (eviction, pollution)",UNEVIDENCED,0.0,0.0,0,0,0.0,213175.0,"No supporting evidence found, but global data is structurally blind to this cause - retain and test in cognitive interviews",
MYS,Malaysia,8,A different threat,RESIDUAL,0.0,0.0,0,0,0.0,213175.0,Residual code - retained on every showcard by design,
MYT,Mayotte,1,Armed conflict or war,LOW_SALIENCE,0.0,0.0,0,0,0.0,0.0,Sources cover this country and show little or no displacement from this cause - candidate for de-emphasis in enumerator support material only,
MYT,Mayotte,2,Widespread violence / breakdown of public order,LOW_SALIENCE,0.0,0.0,0,0,0.0,0.0,Sources cover this country and show little or no displacement from this cause - candidate for de-emphasis in enumerator support material only,
MYT,Mayotte,3,Discrimination or persecution,UNEVIDENCED,0.0,0.0,0,0,0.0,0.0,"No supporting evidence found, but global data is structurally blind to this cause - retain and test in cognitive interviews",
MYT,Mayotte,4,Human rights violations by authorities,UNEVIDENCED,0.0,0.0,0,0,0.0,0.0,"No supporting evidence found, but global data is structurally blind to this cause - retain and test in cognitive interviews",
MYT,Mayotte,5,Other threats of violence,RESIDUAL,0.0,0.0,0,0,0.0,0.0,Residual code - retained on every showcard by design,
MYT,Mayotte,6,Natural disasters,RECOMMENDED,1.0,0.0,0,20000,0.0,0.0,"100% of internal displacement in-country (20,000 people, IDMC 2025)","Typhoon/Hurricane/Cyclone (20,000 displaced)"
MYT,Mayotte,7,"Man-made events (eviction, pollution)",UNEVIDENCED,0.0,0.0,0,0,0.0,0.0,"No supporting evidence found, but global data is structurally blind to this cause - retain and test in cognitive interviews",
MYT,Mayotte,8,A different threat,RESIDUAL,0.0,0.0,0,0,0.0,0.0,Residual code - retained on every showcard by design,
NAM,Namibia,1,Armed conflict or war,RECOMMENDED,0.0,0.6762,0,0,0.0,6796.0,68% origin-weighted - refugees hosted here come from countries where this is a major cause,"[via Dem. Rep. of the Congo refugees] non-international armed conflict (7,664,444 displaced)"
NAM,Namibia,2,Widespread violence / breakdown of public order,LOW_SALIENCE,0.0,0.0402,0,0,0.0,6796.0,Sources cover this country and show little or no displacement from this cause - candidate for de-emphasis in enumerator support material only,"[via Dem. Rep. of the Congo refugees] other situations of violence (455,778 displaced)"
NAM,Namibia,3,Discrimination or persecution,RECOMMENDED,0.0,0.0,0,0,0.0,6796.0,68% origin-weighted recognition rate for the refugee population hosted here,
NAM,Namibia,4,Human rights violations by authorities,UNEVIDENCED,0.0,0.0,0,0,0.0,6796.0,"No supporting evidence found, but global data is structurally blind to this cause - retain and test in cognitive interviews",
NAM,Namibia,5,Other threats of violence,RESIDUAL,0.0,0.0,0,0,0.0,6796.0,Residual code - retained on every showcard by design,
NAM,Namibia,6,Natural disasters,RECOMMENDED,1.0,0.0276,0,3172,0.0,6796.0,"100% of internal displacement in-country (3,172 people, IDMC 2025)","Flood (3,172 displaced); [via Dem. Rep. of the Congo refugees] Flood (280,211 displaced); [via Dem. Rep. of the Congo refugees] Storm (32,641 displaced)"
NAM,Namibia,7,"Man-made events (eviction, pollution)",UNEVIDENCED,0.0,0.0,0,0,0.0,6796.0,"No supporting evidence found, but global data is structurally blind to this cause - retain and test in cognitive interviews",
NAM,Namibia,8,A different threat,RESIDUAL,0.0,0.0,0,0,0.0,6796.0,Residual code - retained on every showcard by design,
NER,Niger,1,Armed conflict or war,RECOMMENDED,0.9887,0.5342,0,166128,459585.0,435990.0,"99% of internal displacement in-country (166,128 people, IDMC 2025) | 53% origin-weighted - refugees hosted here come from countries where this is a major cause","non-international armed conflict (166,128 displaced); [via Burkina Faso refugees] non-international armed conflict (315,738 displaced); [via Mali refugees] non-international armed conflict (95,460 displaced); [via Nigeria refugees] non-international armed conflict (130,579 displaced)"
NER,Niger,2,Widespread violence / breakdown of public order,RECOMMENDED,0.0,0.2608,0,0,459585.0,435990.0,26% origin-weighted - refugees hosted here come from countries where this is a major cause,"[via Nigeria refugees] other situations of violence (223,045 displaced)"
NER,Niger,3,Discrimination or persecution,RECOMMENDED,0.0,0.0,0,0,459585.0,435990.0,"68% asylum recognition rate for people originating here (21,416 decisions) - the protection system judges these claims well-founded",
NER,Niger,4,Human rights violations by authorities,RECOMMENDED,0.0,0.0,0,0,459585.0,435990.0,"618 civilian deaths attributed to state forces, UCDP one-sided 1989-2025",
NER,Niger,5,Other threats of violence,RESIDUAL,0.0,0.0,0,0,459585.0,435990.0,Residual code - retained on every showcard by design,
NER,Niger,6,Natural disasters,RECOMMENDED,0.0113,0.196,0,1894,459585.0,435990.0,20% origin-weighted - refugees hosted here come from countries where this is a major cause,"Flood (1,894 displaced); [via Burkina Faso refugees] Flood (211 displaced); [via Mali refugees] Flood (5,878 displaced); [via Nigeria refugees] Flood (125,275 displaced); [via Nigeria refugees] Mixed disasters (27,979 displaced)"
NER,Niger,7,"Man-made events (eviction, pollution)",UNEVIDENCED,0.0,0.0,0,0,459585.0,435990.0,"No supporting evidence found, but global data is structurally blind to this cause - retain and test in cognitive interviews",
NER,Niger,8,A different threat,RESIDUAL,0.0,0.0,0,0,459585.0,435990.0,Residual code - retained on every showcard by design,
NGA,Nigeria,1,Armed conflict or war,RECOMMENDED,0.2576,0.744,0,130579,3544519.0,142040.0,"26% of internal displacement in-country (130,579 people, IDMC 2025) | 74% origin-weighted - refugees hosted here come from countries where this is a major cause","non-international armed conflict (130,579 displaced); [via Cameroon refugees] non-international armed conflict (55,343 displaced); [via Niger refugees] non-international armed conflict (166,128 displaced)"
NGA,Nigeria,2,Widespread violence / breakdown of public order,RECOMMENDED,0.44,0.0898,0,223045,3544519.0,142040.0,"44% of internal displacement in-country (223,045 people, IDMC 2025) | 9% origin-weighted - refugees hosted here come from countries where this is a major cause","other situations of violence (223,045 displaced); [via Cameroon refugees] other situations of violence (7,955 displaced)"
NGA,Nigeria,3,Discrimination or persecution,RECOMMENDED,0.0,0.0,0,0,3544519.0,142040.0,58% origin-weighted recognition rate for the refugee population hosted here,
NGA,Nigeria,4,Human rights violations by authorities,RECOMMENDED,0.0,0.0,0,0,3544519.0,142040.0,"2,857 civilian deaths attributed to state forces, UCDP one-sided 1989-2025",
NGA,Nigeria,5,Other threats of violence,RESIDUAL,0.0,0.0,0,0,3544519.0,142040.0,Residual code - retained on every showcard by design,
NGA,Nigeria,6,Natural disasters,RECOMMENDED,0.3023,0.1251,0,153254,3544519.0,142040.0,"30% of internal displacement in-country (153,254 people, IDMC 2025) | 13% origin-weighted - refugees hosted here come from countries where this is a major cause","Flood (125,275 displaced); Mixed disasters (27,979 displaced); [via Cameroon refugees] Flood (8,879 displaced); [via Cameroon refugees] Landslide/Wet mass movement (1,844 displaced); [via Niger refugees] Flood (1,894 displaced)"
NGA,Nigeria,7,"Man-made events (eviction, pollution)",UNEVIDENCED,0.0,0.0029,0,0,3544519.0,142040.0,"No supporting evidence found, but global data is structurally blind to this cause - retain and test in cognitive interviews",
NGA,Nigeria,8,A different threat,RESIDUAL,0.0,0.0,0,0,3544519.0,142040.0,Residual code - retained on every showcard by design,
NIC,Nicaragua,1,Armed conflict or war,LOW_SALIENCE,0.0,0.0,0,0,0.0,0.0,Sources cover this country and show little or no displacement from this cause - candidate for de-emphasis in enumerator support material only,
NIC,Nicaragua,2,Widespread violence / breakdown of public order,LOW_SALIENCE,0.0,0.0,0,0,0.0,0.0,Sources cover this country and show little or no displacement from this cause - candidate for de-emphasis in enumerator support material only,
NIC,Nicaragua,3,Discrimination or persecution,UNEVIDENCED,0.0,0.0,0,0,0.0,0.0,"No supporting evidence found, but global data is structurally blind to this cause - retain and test in cognitive interviews",
NIC,Nicaragua,4,Human rights violations by authorities,UNEVIDENCED,0.0,0.0,0,0,0.0,0.0,"No supporting evidence found, but global data is structurally blind to this cause - retain and test in cognitive interviews",
NIC,Nicaragua,5,Other threats of violence,RESIDUAL,0.0,0.0,0,0,0.0,0.0,Residual code - retained on every showcard by design,
NIC,Nicaragua,6,Natural disasters,RECOMMENDED,1.0,0.0,0,575,0.0,0.0,"100% of internal displacement in-country (575 people, IDMC 2025)",Flood (575 displaced)
NIC,Nicaragua,7,"Man-made events (eviction, pollution)",UNEVIDENCED,0.0,0.0,0,0,0.0,0.0,"No supporting evidence found, but global data is structurally blind to this cause - retain and test in cognitive interviews",
NIC,Nicaragua,8,A different threat,RESIDUAL,0.0,0.0,0,0,0.0,0.0,Residual code - retained on every showcard by design,
NLD,Netherlands,1,Armed conflict or war,RECOMMENDED,0.0,0.6729,10,0,0.0,333597.0,67% origin-weighted - refugees hosted here come from countries where this is a major cause,"[via Syrian Arab Rep. refugees] non-international armed conflict (531,246 displaced); [via Ukraine refugees] international armed conflict (167,869 displaced)"
NLD,Netherlands,2,Widespread violence / breakdown of public order,RECOMMENDED,0.0,0.0,928,0,0.0,333597.0,928 ACLED events 2018+ (97% of political-violence events here),
NLD,Netherlands,3,Discrimination or persecution,RECOMMENDED,0.0,0.0,0,0,0.0,333597.0,71% origin-weighted recognition rate for the refugee population hosted here,
NLD,Netherlands,4,Human rights violations by authorities,UNEVIDENCED,0.0,0.0,4,0,0.0,333597.0,"No supporting evidence found, but global data is structurally blind to this cause - retain and test in cognitive interviews",
NLD,Netherlands,5,Other threats of violence,RESIDUAL,0.0,0.0,15,0,0.0,333597.0,Residual code - retained on every showcard by design,
NLD,Netherlands,6,Natural disasters,LOW_SALIENCE,0.0,0.0,0,0,0.0,333597.0,Sources cover this country and show little or no displacement from this cause - candidate for de-emphasis in enumerator support material only,
NLD,Netherlands,7,"Man-made events (eviction, pollution)",RECOMMENDED,1.0,0.0001,0,4,0.0,333597.0,"100% of internal displacement in-country (4 people, IDMC 2025)",
NLD,Netherlands,8,A different threat,RESIDUAL,0.0,0.0,0,0,0.0,333597.0,Residual code - retained on every showcard by design,
NOR,Norway,1,Armed conflict or war,RECOMMENDED,0.0,0.771,5,0,0.0,130286.0,77% origin-weighted - refugees hosted here come from countries where this is a major cause,"[via Syrian Arab Rep. refugees] non-international armed conflict (531,246 displaced); [via Ukraine refugees] international armed conflict (167,869 displaced)"
NOR,Norway,2,Widespread violence / breakdown of public order,RECOMMENDED,0.0,0.0,171,0,0.0,130286.0,171 ACLED events 2018+ (89% of political-violence events here),
NOR,Norway,3,Discrimination or persecution,RECOMMENDED,0.0,0.0,0,0,0.0,130286.0,64% origin-weighted recognition rate for the refugee population hosted here,
NOR,Norway,4,Human rights violations by authorities,UNEVIDENCED,0.0,0.0,8,0,0.0,130286.0,"No supporting evidence found, but global data is structurally blind to this cause - retain and test in cognitive interviews",
NOR,Norway,5,Other threats of violence,RESIDUAL,0.0,0.0,9,0,0.0,130286.0,Residual code - retained on every showcard by design,
NOR,Norway,6,Natural disasters,RECOMMENDED,1.0,0.0,0,64,0.0,130286.0,"100% of internal displacement in-country (64 people, IDMC 2025)",Storm (54 displaced); Landslide/Wet mass movement (10 displaced)
NOR,Norway,7,"Man-made events (eviction, pollution)",UNEVIDENCED,0.0,0.0002,0,0,0.0,130286.0,"No supporting evidence found, but global data is structurally blind to this cause - retain and test in cognitive interviews",
NOR,Norway,8,A different threat,RESIDUAL,0.0,0.0,0,0,0.0,130286.0,Residual code - retained on every showcard by design,
NPL,Nepal,1,Armed conflict or war,LOW_SALIENCE,0.0,0.0,0,0,0.0,19915.0,Sources cover this country and show little or no displacement from this cause - candidate for de-emphasis in enumerator support material only,
NPL,Nepal,2,Widespread violence / breakdown of public order,LOW_SALIENCE,0.0,0.0,0,0,0.0,19915.0,Sources cover this country and show little or no displacement from this cause - candidate for de-emphasis in enumerator support material only,
NPL,Nepal,3,Discrimination or persecution,UNEVIDENCED,0.0,0.0,0,0,0.0,19915.0,"No supporting evidence found, but global data is structurally blind to this cause - retain and test in cognitive interviews",
NPL,Nepal,4,Human rights violations by authorities,RECOMMENDED,0.0,0.0,0,0,0.0,19915.0,"1,149 civilian deaths attributed to state forces, UCDP one-sided 1989-2025",
NPL,Nepal,5,Other threats of violence,RESIDUAL,0.0,0.0,0,0,0.0,19915.0,Residual code - retained on every showcard by design,
NPL,Nepal,6,Natural disasters,RECOMMENDED,0.8855,0.3196,0,1864,0.0,19915.0,"89% of internal displacement in-country (1,864 people, IDMC 2025) | 32% origin-weighted - refugees hosted here come from countries where this is a major cause","Landslide/Wet mass movement (1,520 displaced); Storm (172 displaced); Flood (159 displaced); [via Bhutan refugees] Flood (138 displaced)"
NPL,Nepal,7,"Man-made events (eviction, pollution)",RECOMMENDED,0.1145,0.0,0,241,0.0,19915.0,"11% of internal displacement in-country (241 people, IDMC 2025)",
NPL,Nepal,8,A different threat,RESIDUAL,0.0,0.0,0,0,0.0,19915.0,Residual code - retained on every showcard by design,
NZL,New Zealand,1,Armed conflict or war,LOW_SALIENCE,0.0,0.0393,0,0,0.0,6732.0,Sources cover this country and show little or no displacement from this cause - candidate for de-emphasis in enumerator support material only,"[via India refugees] international armed conflict (125,000 displaced)"
NZL,New Zealand,2,Widespread violence / breakdown of public order,LOW_SALIENCE,0.0,0.001,0,0,0.0,6732.0,Sources cover this country and show little or no displacement from this cause - candidate for de-emphasis in enumerator support material only,"[via India refugees] other situations of violence (3,198 displaced)"
NZL,New Zealand,3,Discrimination or persecution,UNEVIDENCED,0.0,0.0,0,0,0.0,6732.0,"No supporting evidence found, but global data is structurally blind to this cause - retain and test in cognitive interviews",
NZL,New Zealand,4,Human rights violations by authorities,UNEVIDENCED,0.0,0.0,0,0,0.0,6732.0,"No supporting evidence found, but global data is structurally blind to this cause - retain and test in cognitive interviews",
NZL,New Zealand,5,Other threats of violence,RESIDUAL,0.0,0.0,0,0,0.0,6732.0,Residual code - retained on every showcard by design,
NZL,New Zealand,6,Natural disasters,RECOMMENDED,0.8453,0.374,0,448,0.0,6732.0,"85% of internal displacement in-country (448 people, IDMC 2025) | 37% origin-weighted - refugees hosted here come from countries where this is a major cause","Flood (336 displaced); Tornado (91 displaced); Landslide/Wet mass movement (18 displaced); [via China refugees] Typhoon/Hurricane/Cyclone (2,743,317 displaced); [via China refugees] Flood (598,553 displaced)"
NZL,New Zealand,7,"Man-made events (eviction, pollution)",RECOMMENDED,0.1547,0.0,0,82,0.0,6732.0,"15% of internal displacement in-country (82 people, IDMC 2025)",
NZL,New Zealand,8,A different threat,RESIDUAL,0.0,0.0,0,0,0.0,6732.0,Residual code - retained on every showcard by design,
OMN,Oman,1,Armed conflict or war,RECOMMENDED,,0.0,38,0,0.0,703.0,38 ACLED events 2018+ (78% of political-violence events here),
OMN,Oman,2,Widespread violence / breakdown of public order,LOW_SALIENCE,,0.0,7,0,0.0,703.0,Sources cover this country and show little or no displacement from this cause - candidate for de-emphasis in enumerator support material only,
OMN,Oman,3,Discrimination or persecution,UNEVIDENCED,,0.0,0,0,0.0,703.0,"No supporting evidence found, but global data is structurally blind to this cause - retain and test in cognitive interviews",
OMN,Oman,4,Human rights violations by authorities,UNEVIDENCED,,0.0,0,0,0.0,703.0,"No supporting evidence found, but global data is structurally blind to this cause - retain and test in cognitive interviews",
OMN,Oman,5,Other threats of violence,RESIDUAL,,0.0,4,0,0.0,703.0,Residual code - retained on every showcard by design,
OMN,Oman,6,Natural disasters,LOW_SALIENCE,,0.0,0,0,0.0,703.0,Sources cover this country and show little or no displacement from this cause - candidate for de-emphasis in enumerator support material only,
OMN,Oman,7,"Man-made events (eviction, pollution)",UNEVIDENCED,,0.0,0,0,0.0,703.0,"No supporting evidence found, but global data is structurally blind to this cause - retain and test in cognitive interviews",
OMN,Oman,8,A different threat,RESIDUAL,,0.0,0,0,0.0,703.0,Residual code - retained on every showcard by design,
PAK,Pakistan,1,Armed conflict or war,RECOMMENDED,0.0763,0.3994,0,251407,0.0,1278540.0,"8% of internal displacement in-country (251,407 people, IDMC 2025) | 40% origin-weighted - refugees hosted here come from countries where this is a major cause","non-international armed conflict (228,214 displaced); international armed conflict (23,193 displaced); [via Afghanistan refugees] international armed conflict (160,896 displaced)"
PAK,Pakistan,2,Widespread violence / breakdown of public order,LOW_SALIENCE,0.0,0.0,0,0,0.0,1278540.0,Sources cover this country and show little or no displacement from this cause - candidate for de-emphasis in enumerator support material only,
PAK,Pakistan,3,Discrimination or persecution,RECOMMENDED,0.0,0.0,0,0,0.0,1278540.0,57% origin-weighted recognition rate for the refugee population hosted here,
PAK,Pakistan,4,Human rights violations by authorities,UNEVIDENCED,0.0,0.0,0,0,0.0,1278540.0,"No supporting evidence found, but global data is structurally blind to this cause - retain and test in cognitive interviews",
PAK,Pakistan,5,Other threats of violence,RESIDUAL,0.0,0.0,0,0,0.0,1278540.0,Residual code - retained on every showcard by design,
PAK,Pakistan,6,Natural disasters,RECOMMENDED,0.9237,0.6,0,3044740,0.0,1278540.0,"92% of internal displacement in-country (3,044,740 people, IDMC 2025) | 60% origin-weighted - refugees hosted here come from countries where this is a major cause","Flood (3,044,719 displaced); Earthquake (14 displaced); Storm (7 displaced); [via Afghanistan refugees] Drought (206,197 displaced); [via Afghanistan refugees] Mixed disasters (24,284 displaced)"
PAK,Pakistan,7,"Man-made events (eviction, pollution)",UNEVIDENCED,0.0,0.0,0,0,0.0,1278540.0,"No supporting evidence found, but global data is structurally blind to this cause - retain and test in cognitive interviews",
PAK,Pakistan,8,A different threat,RESIDUAL,0.0,0.0,0,0,0.0,1278540.0,Residual code - retained on every showcard by design,
PAN,Panama,1,Armed conflict or war,RECOMMENDED,0.0,0.0914,0,0,0.0,6823.0,9% origin-weighted - refugees hosted here come from countries where this is a major cause,"[via Colombia refugees] non-international armed conflict (159,639 displaced)"
PAN,Panama,2,Widespread violence / breakdown of public order,RECOMMENDED,0.0,0.1342,0,0,0.0,6823.0,13% origin-weighted - refugees hosted here come from countries where this is a major cause,"[via Colombia refugees] other situations of violence (234,467 displaced)"
PAN,Panama,3,Discrimination or persecution,UNEVIDENCED,0.0,0.0,0,0,0.0,6823.0,"No supporting evidence found, but global data is structurally blind to this cause - retain and test in cognitive interviews",
PAN,Panama,4,Human rights violations by authorities,UNEVIDENCED,0.0,0.0,0,0,0.0,6823.0,"No supporting evidence found, but global data is structurally blind to this cause - retain and test in cognitive interviews",
PAN,Panama,5,Other threats of violence,RESIDUAL,0.0,0.0,0,0,0.0,6823.0,Residual code - retained on every showcard by design,
PAN,Panama,6,Natural disasters,RECOMMENDED,1.0,0.4731,0,439,0.0,6823.0,"100% of internal displacement in-country (439 people, IDMC 2025) | 47% origin-weighted - refugees hosted here come from countries where this is a major cause","Typhoon/Hurricane/Cyclone (277 displaced); Flood (123 displaced); Landslide/Wet mass movement (28 displaced); [via Colombia refugees] Flood (77,809 displaced); [via Colombia refugees] Earthquake (4,377 displaced)"
PAN,Panama,7,"Man-made events (eviction, pollution)",UNEVIDENCED,0.0,0.0,0,0,0.0,6823.0,"No supporting evidence found, but global data is structurally blind to this cause - retain and test in cognitive interviews",
PAN,Panama,8,A different threat,RESIDUAL,0.0,0.0,0,0,0.0,6823.0,Residual code - retained on every showcard by design,
PER,Peru,1,Armed conflict or war,LOW_SALIENCE,0.0,0.0,0,0,0.0,563558.0,Sources cover this country and show little or no displacement from this cause - candidate for de-emphasis in enumerator support material only,
PER,Peru,2,Widespread violence / breakdown of public order,LOW_SALIENCE,0.0,0.0,0,0,0.0,563558.0,Sources cover this country and show little or no displacement from this cause - candidate for de-emphasis in enumerator support material only,
PER,Peru,3,Discrimination or persecution,RECOMMENDED,0.0,0.0,0,0,0.0,563558.0,68% origin-weighted recognition rate for the refugee population hosted here,
PER,Peru,4,Human rights violations by authorities,UNEVIDENCED,0.0,0.0,0,0,0.0,563558.0,"No supporting evidence found, but global data is structurally blind to this cause - retain and test in cognitive interviews",
PER,Peru,5,Other threats of violence,RESIDUAL,0.0,0.0,0,0,0.0,563558.0,Residual code - retained on every showcard by design,
PER,Peru,6,Natural disasters,RECOMMENDED,0.9976,0.964,0,178237,0.0,563558.0,"100% of internal displacement in-country (178,237 people, IDMC 2025) | 96% origin-weighted - refugees hosted here come from countries where this is a major cause","Flood (166,141 displaced); Storm (4,076 displaced); Dry mass movement (3,055 displaced); [via Venezuela (Bolivarian Republic of) refugees] Flood (5,959 displaced)"
PER,Peru,7,"Man-made events (eviction, pollution)",UNEVIDENCED,0.0024,0.0,0,427,0.0,563558.0,"No supporting evidence found, but global data is structurally blind to this cause - retain and test in cognitive interviews",
PER,Peru,8,A different threat,RESIDUAL,0.0,0.0,0,0,0.0,563558.0,Residual code - retained on every showcard by design,
PHL,Philippines,1,Armed conflict or war,LOW_SALIENCE,0.0048,0.0,0,51561,43500.0,1974.0,Sources cover this country and show little or no displacement from this cause - candidate for de-emphasis in enumerator support material only,"non-international armed conflict (51,561 displaced)"
PHL,Philippines,2,Widespread violence / breakdown of public order,LOW_SALIENCE,0.0018,0.0,0,19068,43500.0,1974.0,Sources cover this country and show little or no displacement from this cause - candidate for de-emphasis in enumerator support material only,"other situations of violence (19,068 displaced)"
PHL,Philippines,3,Discrimination or persecution,UNEVIDENCED,0.0,0.0,0,0,43500.0,1974.0,"No supporting evidence found, but global data is structurally blind to this cause - retain and test in cognitive interviews",
PHL,Philippines,4,Human rights violations by authorities,UNEVIDENCED,0.0,0.0,0,0,43500.0,1974.0,"No supporting evidence found, but global data is structurally blind to this cause - retain and test in cognitive interviews",
PHL,Philippines,5,Other threats of violence,RESIDUAL,0.0,0.0,0,0,43500.0,1974.0,Residual code - retained on every showcard by design,
PHL,Philippines,6,Natural disasters,RECOMMENDED,0.9935,0.0,0,10743416,43500.0,1974.0,"99% of internal displacement in-country (10,743,416 people, IDMC 2025)","Typhoon/Hurricane/Cyclone (10,221,849 displaced); Flood (396,248 displaced); Earthquake (115,753 displaced)"
PHL,Philippines,7,"Man-made events (eviction, pollution)",UNEVIDENCED,0.0,0.0,0,0,43500.0,1974.0,"No supporting evidence found, but global data is structurally blind to this cause - retain and test in cognitive interviews",
PHL,Philippines,8,A different threat,RESIDUAL,0.0,0.0,0,0,43500.0,1974.0,Residual code - retained on every showcard by design,
PNG,Papua New Guinea,1,Armed conflict or war,LOW_SALIENCE,0.0,0.0049,0,0,70124.0,10848.0,Sources cover this country and show little or no displacement from this cause - candidate for de-emphasis in enumerator support material only,"[via Indonesia refugees] non-international armed conflict (7,284 displaced)"
PNG,Papua New Guinea,2,Widespread violence / breakdown of public order,RECOMMENDED,0.9952,0.0056,0,5232,70124.0,10848.0,"100% of internal displacement in-country (5,232 people, IDMC 2025)","other situations of violence (5,232 displaced); [via Indonesia refugees] other situations of violence (8,194 displaced)"
PNG,Papua New Guinea,3,Discrimination or persecution,RECOMMENDED,0.0,0.0,0,0,70124.0,10848.0,"51% asylum recognition rate for people originating here (1,896 decisions) - the protection system judges these claims well-founded",
PNG,Papua New Guinea,4,Human rights violations by authorities,UNEVIDENCED,0.0,0.0,0,0,70124.0,10848.0,"No supporting evidence found, but global data is structurally blind to this cause - retain and test in cognitive interviews",
PNG,Papua New Guinea,5,Other threats of violence,RESIDUAL,0.0,0.0,0,0,70124.0,10848.0,Residual code - retained on every showcard by design,
PNG,Papua New Guinea,6,Natural disasters,RECOMMENDED,0.0048,0.9851,0,25,70124.0,10848.0,99% origin-weighted - refugees hosted here come from countries where this is a major cause,"Flood (13 displaced); Landslide/Wet mass movement (12 displaced); [via Indonesia refugees] Typhoon/Hurricane/Cyclone (1,126,212 displaced); [via Indonesia refugees] Flood (283,847 displaced)"
PNG,Papua New Guinea,7,"Man-made events (eviction, pollution)",UNEVIDENCED,0.0,0.0,0,0,70124.0,10848.0,"No supporting evidence found, but global data is structurally blind to this cause - retain and test in cognitive interviews",
PNG,Papua New Guinea,8,A different threat,RESIDUAL,0.0,0.0,0,0,70124.0,10848.0,Residual code - retained on every showcard by design,
POL,Poland,1,Armed conflict or war,RECOMMENDED,0.0,0.9729,34,0,0.0,1004317.0,97% origin-weighted - refugees hosted here come from countries where this is a major cause | 34 ACLED events 2018+ (5% of political-violence events here),"[via Ukraine refugees] international armed conflict (167,869 displaced)"
POL,Poland,2,Widespread violence / breakdown of public order,RECOMMENDED,0.0,0.0,555,0,0.0,1004317.0,555 ACLED events 2018+ (81% of political-violence events here),
POL,Poland,3,Discrimination or persecution,RECOMMENDED,0.0,0.0,0,0,0.0,1004317.0,60% origin-weighted recognition rate for the refugee population hosted here,
POL,Poland,4,Human rights violations by authorities,RECOMMENDED,0.0,0.0,66,0,0.0,1004317.0,66 ACLED events 2018+ (10% of political-violence events here),
POL,Poland,5,Other threats of violence,RESIDUAL,0.0,0.0,26,0,0.0,1004317.0,Residual code - retained on every showcard by design,
POL,Poland,6,Natural disasters,RECOMMENDED,1.0,0.0,0,20,0.0,1004317.0,"100% of internal displacement in-country (20 people, IDMC 2025)",Flood (20 displaced)
POL,Poland,7,"Man-made events (eviction, pollution)",UNEVIDENCED,0.0,0.0003,0,0,0.0,1004317.0,"No supporting evidence found, but global data is structurally blind to this cause - retain and test in cognitive interviews",
POL,Poland,8,A different threat,RESIDUAL,0.0,0.0,0,0,0.0,1004317.0,Residual code - retained on every showcard by design,
PRT,Portugal,1,Armed conflict or war,RECOMMENDED,0.0,0.7576,0,0,0.0,78944.0,76% origin-weighted - refugees hosted here come from countries where this is a major cause,"[via Ukraine refugees] international armed conflict (167,869 displaced)"
PRT,Portugal,2,Widespread violence / breakdown of public order,RECOMMENDED,0.0,0.0,102,0,0.0,78944.0,102 ACLED events 2018+ (90% of political-violence events here),
PRT,Portugal,3,Discrimination or persecution,RECOMMENDED,0.0,0.0,0,0,0.0,78944.0,60% origin-weighted recognition rate for the refugee population hosted here,
PRT,Portugal,4,Human rights violations by authorities,UNEVIDENCED,0.0,0.0,1,0,0.0,78944.0,"No supporting evidence found, but global data is structurally blind to this cause - retain and test in cognitive interviews",
PRT,Portugal,5,Other threats of violence,RESIDUAL,0.0,0.0,10,0,0.0,78944.0,Residual code - retained on every showcard by design,
PRT,Portugal,6,Natural disasters,RECOMMENDED,0.206,0.0,0,138,0.0,78944.0,"21% of internal displacement in-country (138 people, IDMC 2025)",Storm (129 displaced); Flood (6 displaced); Tornado (3 displaced)
PRT,Portugal,7,"Man-made events (eviction, pollution)",RECOMMENDED,0.794,0.0003,0,532,0.0,78944.0,"79% of internal displacement in-country (532 people, IDMC 2025)",
PRT,Portugal,8,A different threat,RESIDUAL,0.0,0.0,0,0,0.0,78944.0,Residual code - retained on every showcard by design,
PRY,Paraguay,1,Armed conflict or war,LOW_SALIENCE,0.0,0.0,0,0,0.0,6280.0,Sources cover this country and show little or no displacement from this cause - candidate for de-emphasis in enumerator support material only,
PRY,Paraguay,2,Widespread violence / breakdown of public order,LOW_SALIENCE,0.0,0.0,0,0,0.0,6280.0,Sources cover this country and show little or no displacement from this cause - candidate for de-emphasis in enumerator support material only,
PRY,Paraguay,3,Discrimination or persecution,RECOMMENDED,0.0,0.0,0,0,0.0,6280.0,60% origin-weighted recognition rate for the refugee population hosted here,
PRY,Paraguay,4,Human rights violations by authorities,UNEVIDENCED,0.0,0.0,0,0,0.0,6280.0,"No supporting evidence found, but global data is structurally blind to this cause - retain and test in cognitive interviews",
PRY,Paraguay,5,Other threats of violence,RESIDUAL,0.0,0.0,0,0,0.0,6280.0,Residual code - retained on every showcard by design,
PRY,Paraguay,6,Natural disasters,RECOMMENDED,1.0,0.9236,0,508,0.0,6280.0,"100% of internal displacement in-country (508 people, IDMC 2025) | 92% origin-weighted - refugees hosted here come from countries where this is a major cause","Flood (508 displaced); [via Cuba refugees] Typhoon/Hurricane/Cyclone (753,000 displaced); [via Venezuela (Bolivarian Republic of) refugees] Flood (5,959 displaced)"
PRY,Paraguay,7,"Man-made events (eviction, pollution)",UNEVIDENCED,0.0,0.0,0,0,0.0,6280.0,"No supporting evidence found, but global data is structurally blind to this cause - retain and test in cognitive interviews",
PRY,Paraguay,8,A different threat,RESIDUAL,0.0,0.0,0,0,0.0,6280.0,Residual code - retained on every showcard by design,
PSE,"Palestine, State of",1,Armed conflict or war,RECOMMENDED,0.9994,0.0,31936,2754121,0.0,0.0,"100% of internal displacement in-country (2,754,121 people, IDMC 2025) | 31,936 ACLED events 2018+ (38% of political-violence events here)","international armed conflict (2,754,121 displaced)"
PSE,"Palestine, State of",2,Widespread violence / breakdown of public order,RECOMMENDED,0.0006,0.0,43168,1658,0.0,0.0,"43,168 ACLED events 2018+ (52% of political-violence events here)","other situations of violence (1,658 displaced)"
PSE,"Palestine, State of",3,Discrimination or persecution,RECOMMENDED,0.0,0.0,0,0,0.0,0.0,"68% asylum recognition rate for people originating here (65,227 decisions) - the protection system judges these claims well-founded",
PSE,"Palestine, State of",4,Human rights violations by authorities,UNEVIDENCED,0.0,0.0,949,0,0.0,0.0,"No supporting evidence found, but global data is structurally blind to this cause - retain and test in cognitive interviews",
PSE,"Palestine, State of",5,Other threats of violence,RESIDUAL,0.0,0.0,7156,0,0.0,0.0,Residual code - retained on every showcard by design,
PSE,"Palestine, State of",6,Natural disasters,LOW_SALIENCE,0.0,0.0,0,0,0.0,0.0,Sources cover this country and show little or no displacement from this cause - candidate for de-emphasis in enumerator support material only,
PSE,"Palestine, State of",7,"Man-made events (eviction, pollution)",UNEVIDENCED,0.0,0.0,0,0,0.0,0.0,"No supporting evidence found, but global data is structurally blind to this cause - retain and test in cognitive interviews",
PSE,"Palestine, State of",8,A different threat,RESIDUAL,0.0,0.0,0,0,0.0,0.0,Residual code - retained on every showcard by design,
PYF,French Polynesia,1,Armed conflict or war,LOW_SALIENCE,0.0,0.0,0,0,0.0,0.0,Sources cover this country and show little or no displacement from this cause - candidate for de-emphasis in enumerator support material only,
PYF,French Polynesia,2,Widespread violence / breakdown of public order,LOW_SALIENCE,0.0,0.0,0,0,0.0,0.0,Sources cover this country and show little or no displacement from this cause - candidate for de-emphasis in enumerator support material only,
PYF,French Polynesia,3,Discrimination or persecution,UNEVIDENCED,0.0,0.0,0,0,0.0,0.0,"No supporting evidence found, but global data is structurally blind to this cause - retain and test in cognitive interviews",
PYF,French Polynesia,4,Human rights violations by authorities,UNEVIDENCED,0.0,0.0,0,0,0.0,0.0,"No supporting evidence found, but global data is structurally blind to this cause - retain and test in cognitive interviews",
PYF,French Polynesia,5,Other threats of violence,RESIDUAL,0.0,0.0,0,0,0.0,0.0,Residual code - retained on every showcard by design,
PYF,French Polynesia,6,Natural disasters,RECOMMENDED,1.0,0.0,0,42,0.0,0.0,"100% of internal displacement in-country (42 people, IDMC 2025)",Landslide/Wet mass movement (42 displaced)
PYF,French Polynesia,7,"Man-made events (eviction, pollution)",UNEVIDENCED,0.0,0.0,0,0,0.0,0.0,"No supporting evidence found, but global data is structurally blind to this cause - retain and test in cognitive interviews",
PYF,French Polynesia,8,A different threat,RESIDUAL,0.0,0.0,0,0,0.0,0.0,Residual code - retained on every showcard by design,
QAT,Qatar,1,Armed conflict or war,RECOMMENDED,,0.0,92,0,0.0,348.0,92 ACLED events 2018+ (92% of political-violence events here),
QAT,Qatar,2,Widespread violence / breakdown of public order,LOW_SALIENCE,,0.0,3,0,0.0,348.0,Sources cover this country and show little or no displacement from this cause - candidate for de-emphasis in enumerator support material only,
QAT,Qatar,3,Discrimination or persecution,UNEVIDENCED,,0.0,0,0,0.0,348.0,"No supporting evidence found, but global data is structurally blind to this cause - retain and test in cognitive interviews",
QAT,Qatar,4,Human rights violations by authorities,UNEVIDENCED,,0.0,5,0,0.0,348.0,"No supporting evidence found, but global data is structurally blind to this cause - retain and test in cognitive interviews",
QAT,Qatar,5,Other threats of violence,RESIDUAL,,0.0,0,0,0.0,348.0,Residual code - retained on every showcard by design,
QAT,Qatar,6,Natural disasters,LOW_SALIENCE,,0.0,0,0,0.0,348.0,Sources cover this country and show little or no displacement from this cause - candidate for de-emphasis in enumerator support material only,
QAT,Qatar,7,"Man-made events (eviction, pollution)",UNEVIDENCED,,0.0,0,0,0.0,348.0,"No supporting evidence found, but global data is structurally blind to this cause - retain and test in cognitive interviews",
QAT,Qatar,8,A different threat,RESIDUAL,,0.0,0,0,0.0,348.0,Residual code - retained on every showcard by design,
REU,Réunion,1,Armed conflict or war,LOW_SALIENCE,0.0,0.0,0,0,0.0,0.0,Sources cover this country and show little or no displacement from this cause - candidate for de-emphasis in enumerator support material only,
REU,Réunion,2,Widespread violence / breakdown of public order,LOW_SALIENCE,0.0,0.0,0,0,0.0,0.0,Sources cover this country and show little or no displacement from this cause - candidate for de-emphasis in enumerator support material only,
REU,Réunion,3,Discrimination or persecution,UNEVIDENCED,0.0,0.0,0,0,0.0,0.0,"No supporting evidence found, but global data is structurally blind to this cause - retain and test in cognitive interviews",
REU,Réunion,4,Human rights violations by authorities,UNEVIDENCED,0.0,0.0,0,0,0.0,0.0,"No supporting evidence found, but global data is structurally blind to this cause - retain and test in cognitive interviews",
REU,Réunion,5,Other threats of violence,RESIDUAL,0.0,0.0,0,0,0.0,0.0,Residual code - retained on every showcard by design,
REU,Réunion,6,Natural disasters,RECOMMENDED,1.0,0.0,0,1000,0.0,0.0,"100% of internal displacement in-country (1,000 people, IDMC 2025)","Typhoon/Hurricane/Cyclone (1,000 displaced)"
REU,Réunion,7,"Man-made events (eviction, pollution)",UNEVIDENCED,0.0,0.0,0,0,0.0,0.0,"No supporting evidence found, but global data is structurally blind to this cause - retain and test in cognitive interviews",
REU,Réunion,8,A different threat,RESIDUAL,0.0,0.0,0,0,0.0,0.0,Residual code - retained on every showcard by design,
ROU,Romania,1,Armed conflict or war,RECOMMENDED,0.1566,0.9633,60,246,0.0,206987.0,"16% of internal displacement in-country (246 people, IDMC 2025) | 96% origin-weighted - refugees hosted here come from countries where this is a major cause | 60 ACLED events 2018+ (27% of political-violence events here)","international armed conflict (246 displaced); [via Ukraine refugees] international armed conflict (167,869 displaced)"
ROU,Romania,2,Widespread violence / breakdown of public order,RECOMMENDED,0.0,0.0,119,0,0.0,206987.0,119 ACLED events 2018+ (54% of political-violence events here),
ROU,Romania,3,Discrimination or persecution,RECOMMENDED,0.0,0.0,0,0,0.0,206987.0,60% origin-weighted recognition rate for the refugee population hosted here,
ROU,Romania,4,Human rights violations by authorities,RECOMMENDED,0.0,0.0,8,0,0.0,206987.0,"199 civilian deaths attributed to state forces, UCDP one-sided 1989-2025",
ROU,Romania,5,Other threats of violence,RESIDUAL,0.0,0.0,34,0,0.0,206987.0,Residual code - retained on every showcard by design,
ROU,Romania,6,Natural disasters,RECOMMENDED,0.8434,0.0,0,1325,0.0,206987.0,"84% of internal displacement in-country (1,325 people, IDMC 2025)","Flood (1,325 displaced)"
ROU,Romania,7,"Man-made events (eviction, pollution)",UNEVIDENCED,0.0,0.0003,0,0,0.0,206987.0,"No supporting evidence found, but global data is structurally blind to this cause - retain and test in cognitive interviews",
ROU,Romania,8,A different threat,RESIDUAL,0.0,0.0,0,0,0.0,206987.0,Residual code - retained on every showcard by design,
RUS,Russian Federation,1,Armed conflict or war,RECOMMENDED,0.4228,0.7677,51855,2653,0.0,12787.0,"42% of internal displacement in-country (2,653 people, IDMC 2025) | 77% origin-weighted - refugees hosted here come from countries where this is a major cause | 51,855 ACLED events 2018+ (92% of political-violence events here)","international armed conflict (2,653 displaced); [via Afghanistan refugees] international armed conflict (160,896 displaced); [via Syrian Arab Rep. refugees] non-international armed conflict (531,246 displaced); [via Ukraine refugees] international armed conflict (167,869 displaced)"
RUS,Russian Federation,2,Widespread violence / breakdown of public order,RECOMMENDED,0.0,0.0,2712,0,0.0,12787.0,"2,712 ACLED events 2018+ (5% of political-violence events here)",
RUS,Russian Federation,3,Discrimination or persecution,RECOMMENDED,0.0,0.0,0,0,0.0,12787.0,69% origin-weighted recognition rate for the refugee population hosted here,
RUS,Russian Federation,4,Human rights violations by authorities,RECOMMENDED,0.0,0.0,302,0,0.0,12787.0,"2,280 civilian deaths attributed to state forces, UCDP one-sided 1989-2025",
RUS,Russian Federation,5,Other threats of violence,RESIDUAL,0.0,0.0,1488,0,0.0,12787.0,Residual code - retained on every showcard by design,
RUS,Russian Federation,6,Natural disasters,RECOMMENDED,0.5581,0.0487,0,3502,0.0,12787.0,"56% of internal displacement in-country (3,502 people, IDMC 2025)","Tsunami (2,700 displaced); Flood (456 displaced); Landslide/Wet mass movement (342 displaced); [via Afghanistan refugees] Drought (206,197 displaced); [via Afghanistan refugees] Mixed disasters (24,284 displaced)"
RUS,Russian Federation,7,"Man-made events (eviction, pollution)",UNEVIDENCED,0.0191,0.0002,0,120,0.0,12787.0,"No supporting evidence found, but global data is structurally blind to this cause - retain and test in cognitive interviews",
RUS,Russian Federation,8,A different threat,RESIDUAL,0.0,0.0,0,0,0.0,12787.0,Residual code - retained on every showcard by design,
RWA,Rwanda,1,Armed conflict or war,RECOMMENDED,0.0,0.4615,0,0,0.0,131045.0,46% origin-weighted - refugees hosted here come from countries where this is a major cause,"[via Dem. Rep. of the Congo refugees] non-international armed conflict (7,664,444 displaced)"
RWA,Rwanda,2,Widespread violence / breakdown of public order,LOW_SALIENCE,0.0,0.0274,0,0,0.0,131045.0,Sources cover this country and show little or no displacement from this cause - candidate for de-emphasis in enumerator support material only,"[via Dem. Rep. of the Congo refugees] other situations of violence (455,778 displaced)"
RWA,Rwanda,3,Discrimination or persecution,RECOMMENDED,0.0,0.0,0,0,0.0,131045.0,73% origin-weighted recognition rate for the refugee population hosted here,
RWA,Rwanda,4,Human rights violations by authorities,RECOMMENDED,0.0,0.0,0,0,0.0,131045.0,"268,938 civilian deaths attributed to state forces, UCDP one-sided 1989-2025",
RWA,Rwanda,5,Other threats of violence,RESIDUAL,0.0,0.0,0,0,0.0,131045.0,Residual code - retained on every showcard by design,
RWA,Rwanda,6,Natural disasters,RECOMMENDED,1.0,0.3863,0,3424,0.0,131045.0,"100% of internal displacement in-country (3,424 people, IDMC 2025) | 39% origin-weighted - refugees hosted here come from countries where this is a major cause","Flood (3,424 displaced); [via Burundi refugees] Flood (14,386 displaced); [via Burundi refugees] Storm (3,702 displaced); [via Dem. Rep. of the Congo refugees] Flood (280,211 displaced); [via Dem. Rep. of the Congo refugees] Storm (32,641 displaced)"
RWA,Rwanda,7,"Man-made events (eviction, pollution)",UNEVIDENCED,0.0,0.0,0,0,0.0,131045.0,"No supporting evidence found, but global data is structurally blind to this cause - retain and test in cognitive interviews",
RWA,Rwanda,8,A different threat,RESIDUAL,0.0,0.0,0,0,0.0,131045.0,Residual code - retained on every showcard by design,
SAU,Saudi Arabia,1,Armed conflict or war,RECOMMENDED,,0.0,1670,0,0.0,4355.0,"1,670 ACLED events 2018+ (97% of political-violence events here)",
SAU,Saudi Arabia,2,Widespread violence / breakdown of public order,LOW_SALIENCE,,0.0,8,0,0.0,4355.0,Sources cover this country and show little or no displacement from this cause - candidate for de-emphasis in enumerator support material only,
SAU,Saudi Arabia,3,Discrimination or persecution,RECOMMENDED,,0.0,0,0,0.0,4355.0,"75% asylum recognition rate for people originating here (4,158 decisions) - the protection system judges these claims well-founded",
SAU,Saudi Arabia,4,Human rights violations by authorities,UNEVIDENCED,,0.0,24,0,0.0,4355.0,"No supporting evidence found, but global data is structurally blind to this cause - retain and test in cognitive interviews",
SAU,Saudi Arabia,5,Other threats of violence,RESIDUAL,,0.0,25,0,0.0,4355.0,Residual code - retained on every showcard by design,
SAU,Saudi Arabia,6,Natural disasters,LOW_SALIENCE,,0.0,0,0,0.0,4355.0,Sources cover this country and show little or no displacement from this cause - candidate for de-emphasis in enumerator support material only,
SAU,Saudi Arabia,7,"Man-made events (eviction, pollution)",UNEVIDENCED,,0.0,0,0,0.0,4355.0,"No supporting evidence found, but global data is structurally blind to this cause - retain and test in cognitive interviews",
SAU,Saudi Arabia,8,A different threat,RESIDUAL,,0.0,0,0,0.0,4355.0,Residual code - retained on every showcard by design,
SDN,Sudan,1,Armed conflict or war,RECOMMENDED,0.9829,0.3425,0,1732551,9139309.0,859963.0,"98% of internal displacement in-country (1,732,551 people, IDMC 2025) | 34% origin-weighted - refugees hosted here come from countries where this is a major cause","non-international armed conflict (1,732,551 displaced); [via Ethiopia refugees] non-international armed conflict (320,508 displaced); [via South Sudan refugees] non-international armed conflict (533,282 displaced)"
SDN,Sudan,2,Widespread violence / breakdown of public order,RECOMMENDED,0.0,0.1319,0,0,9139309.0,859963.0,13% origin-weighted - refugees hosted here come from countries where this is a major cause,"[via South Sudan refugees] other situations of violence (241,688 displaced)"
SDN,Sudan,3,Discrimination or persecution,RECOMMENDED,0.0,0.0,0,0,9139309.0,859963.0,"70% asylum recognition rate for people originating here (207,643 decisions) - the protection system judges these claims well-founded | 91% origin-weighted recognition rate for the refugee population hosted here",
SDN,Sudan,4,Human rights violations by authorities,RECOMMENDED,0.0,0.0,0,0,9139309.0,859963.0,"16,456 civilian deaths attributed to state forces, UCDP one-sided 1989-2025",
SDN,Sudan,5,Other threats of violence,RESIDUAL,0.0,0.0,0,0,9139309.0,859963.0,Residual code - retained on every showcard by design,
SDN,Sudan,6,Natural disasters,RECOMMENDED,0.0171,0.2981,0,30175,9139309.0,859963.0,30% origin-weighted - refugees hosted here come from countries where this is a major cause,"Flood (30,025 displaced); Landslide/Wet mass movement (150 displaced); [via Ethiopia refugees] Flood (119,253 displaced); [via Ethiopia refugees] Earthquake (79,737 displaced); [via South Sudan refugees] Flood (486,678 displaced)"
SDN,Sudan,7,"Man-made events (eviction, pollution)",UNEVIDENCED,0.0,0.0012,0,0,9139309.0,859963.0,"No supporting evidence found, but global data is structurally blind to this cause - retain and test in cognitive interviews",
SDN,Sudan,8,A different threat,RESIDUAL,0.0,0.0,0,0,9139309.0,859963.0,Residual code - retained on every showcard by design,
SEN,Senegal,1,Armed conflict or war,LOW_SALIENCE,0.0,0.0,0,0,0.0,18797.0,Sources cover this country and show little or no displacement from this cause - candidate for de-emphasis in enumerator support material only,
SEN,Senegal,2,Widespread violence / breakdown of public order,LOW_SALIENCE,0.0,0.0,0,0,0.0,18797.0,Sources cover this country and show little or no displacement from this cause - candidate for de-emphasis in enumerator support material only,
SEN,Senegal,3,Discrimination or persecution,UNEVIDENCED,0.0,0.0,0,0,0.0,18797.0,"No supporting evidence found, but global data is structurally blind to this cause - retain and test in cognitive interviews",
SEN,Senegal,4,Human rights violations by authorities,UNEVIDENCED,0.0,0.0,0,0,0.0,18797.0,"No supporting evidence found, but global data is structurally blind to this cause - retain and test in cognitive interviews",
SEN,Senegal,5,Other threats of violence,RESIDUAL,0.0,0.0,0,0,0.0,18797.0,Residual code - retained on every showcard by design,
SEN,Senegal,6,Natural disasters,RECOMMENDED,1.0,0.8887,0,1541,0.0,18797.0,"100% of internal displacement in-country (1,541 people, IDMC 2025) | 89% origin-weighted - refugees hosted here come from countries where this is a major cause","Flood (1,541 displaced); [via Mauritania refugees] Flood (5,700 displaced)"
SEN,Senegal,7,"Man-made events (eviction, pollution)",UNEVIDENCED,0.0,0.0,0,0,0.0,18797.0,"No supporting evidence found, but global data is structurally blind to this cause - retain and test in cognitive interviews",
SEN,Senegal,8,A different threat,RESIDUAL,0.0,0.0,0,0,0.0,18797.0,Residual code - retained on every showcard by design,
SJM,Svalbard and Jan Mayen,1,Armed conflict or war,LOW_SALIENCE,0.0,0.0,0,0,0.0,0.0,Sources cover this country and show little or no displacement from this cause - candidate for de-emphasis in enumerator support material only,
SJM,Svalbard and Jan Mayen,2,Widespread violence / breakdown of public order,LOW_SALIENCE,0.0,0.0,0,0,0.0,0.0,Sources cover this country and show little or no displacement from this cause - candidate for de-emphasis in enumerator support material only,
SJM,Svalbard and Jan Mayen,3,Discrimination or persecution,UNEVIDENCED,0.0,0.0,0,0,0.0,0.0,"No supporting evidence found, but global data is structurally blind to this cause - retain and test in cognitive interviews",
SJM,Svalbard and Jan Mayen,4,Human rights violations by authorities,UNEVIDENCED,0.0,0.0,0,0,0.0,0.0,"No supporting evidence found, but global data is structurally blind to this cause - retain and test in cognitive interviews",
SJM,Svalbard and Jan Mayen,5,Other threats of violence,RESIDUAL,0.0,0.0,0,0,0.0,0.0,Residual code - retained on every showcard by design,
SJM,Svalbard and Jan Mayen,6,Natural disasters,RECOMMENDED,1.0,0.0,0,16,0.0,0.0,"100% of internal displacement in-country (16 people, IDMC 2025)",Avalanche (16 displaced)
SJM,Svalbard and Jan Mayen,7,"Man-made events (eviction, pollution)",UNEVIDENCED,0.0,0.0,0,0,0.0,0.0,"No supporting evidence found, but global data is structurally blind to this cause - retain and test in cognitive interviews",
SJM,Svalbard and Jan Mayen,8,A different threat,RESIDUAL,0.0,0.0,0,0,0.0,0.0,Residual code - retained on every showcard by design,
SLE,Sierra Leone,1,Armed conflict or war,LOW_SALIENCE,0.0,0.0,0,0,0.0,0.0,Sources cover this country and show little or no displacement from this cause - candidate for de-emphasis in enumerator support material only,
SLE,Sierra Leone,2,Widespread violence / breakdown of public order,LOW_SALIENCE,0.0,0.0,0,0,0.0,0.0,Sources cover this country and show little or no displacement from this cause - candidate for de-emphasis in enumerator support material only,
SLE,Sierra Leone,3,Discrimination or persecution,UNEVIDENCED,0.0,0.0,0,0,0.0,0.0,"No supporting evidence found, but global data is structurally blind to this cause - retain and test in cognitive interviews",
SLE,Sierra Leone,4,Human rights violations by authorities,RECOMMENDED,0.0,0.0,0,0,0.0,0.0,"1,921 civilian deaths attributed to state forces, UCDP one-sided 1989-2025",
SLE,Sierra Leone,5,Other threats of violence,RESIDUAL,0.0,0.0,0,0,0.0,0.0,Residual code - retained on every showcard by design,
SLE,Sierra Leone,6,Natural disasters,RECOMMENDED,0.8933,0.0,0,5398,0.0,0.0,"89% of internal displacement in-country (5,398 people, IDMC 2025)","Flood (5,398 displaced)"
SLE,Sierra Leone,7,"Man-made events (eviction, pollution)",RECOMMENDED,0.1067,0.0,0,645,0.0,0.0,"11% of internal displacement in-country (645 people, IDMC 2025)",
SLE,Sierra Leone,8,A different threat,RESIDUAL,0.0,0.0,0,0,0.0,0.0,Residual code - retained on every showcard by design,
SLV,El Salvador,1,Armed conflict or war,LOW_SALIENCE,0.0,0.0,0,0,71500.0,510.0,Sources cover this country and show little or no displacement from this cause - candidate for de-emphasis in enumerator support material only,
SLV,El Salvador,2,Widespread violence / breakdown of public order,RECOMMENDED,0.9173,0.0,0,60546,71500.0,510.0,"92% of internal displacement in-country (60,546 people, IDMC 2025)","other situations of violence (60,546 displaced)"
SLV,El Salvador,3,Discrimination or persecution,UNEVIDENCED,0.0,0.0,0,0,71500.0,510.0,"No supporting evidence found, but global data is structurally blind to this cause - retain and test in cognitive interviews",
SLV,El Salvador,4,Human rights violations by authorities,UNEVIDENCED,0.0,0.0,0,0,71500.0,510.0,"No supporting evidence found, but global data is structurally blind to this cause - retain and test in cognitive interviews",
SLV,El Salvador,5,Other threats of violence,RESIDUAL,0.0,0.0,0,0,71500.0,510.0,Residual code - retained on every showcard by design,
SLV,El Salvador,6,Natural disasters,RECOMMENDED,0.082,0.0,0,5413,71500.0,510.0,"8% of internal displacement in-country (5,413 people, IDMC 2025)","Earthquake (3,440 displaced); Flood (1,715 displaced); Dry mass movement (136 displaced)"
SLV,El Salvador,7,"Man-made events (eviction, pollution)",UNEVIDENCED,0.0007,0.0,0,44,71500.0,510.0,"No supporting evidence found, but global data is structurally blind to this cause - retain and test in cognitive interviews",
SLV,El Salvador,8,A different threat,RESIDUAL,0.0,0.0,0,0,71500.0,510.0,Residual code - retained on every showcard by design,
SOM,Somalia,1,Armed conflict or war,RECOMMENDED,0.0,0.3999,0,0,3347408.0,46669.0,40% origin-weighted - refugees hosted here come from countries where this is a major cause,"[via Ethiopia refugees] non-international armed conflict (320,508 displaced); [via Yemen refugees] non-international armed conflict (56,798 displaced)"
SOM,Somalia,2,Widespread violence / breakdown of public order,LOW_SALIENCE,0.0,0.0,0,0,3347408.0,46669.0,Sources cover this country and show little or no displacement from this cause - candidate for de-emphasis in enumerator support material only,
SOM,Somalia,3,Discrimination or persecution,RECOMMENDED,0.0,0.0,0,0,3347408.0,46669.0,"69% asylum recognition rate for people originating here (269,399 decisions) - the protection system judges these claims well-founded | 56% origin-weighted recognition rate for the refugee population hosted here",
SOM,Somalia,4,Human rights violations by authorities,RECOMMENDED,0.0,0.0,0,0,3347408.0,46669.0,"1,612 civilian deaths attributed to state forces, UCDP one-sided 1989-2025",
SOM,Somalia,5,Other threats of violence,RESIDUAL,0.0,0.0,0,0,3347408.0,46669.0,Residual code - retained on every showcard by design,
SOM,Somalia,6,Natural disasters,RECOMMENDED,0.6109,0.5021,0,335430,3347408.0,46669.0,"61% of internal displacement in-country (335,430 people, IDMC 2025) | 50% origin-weighted - refugees hosted here come from countries where this is a major cause","Drought (289,897 displaced); Flood (45,533 displaced); [via Ethiopia refugees] Flood (119,253 displaced); [via Ethiopia refugees] Earthquake (79,737 displaced); [via Yemen refugees] Flood (262,927 displaced)"
SOM,Somalia,7,"Man-made events (eviction, pollution)",UNEVIDENCED,0.0,0.001,0,0,3347408.0,46669.0,"No supporting evidence found, but global data is structurally blind to this cause - retain and test in cognitive interviews",
SOM,Somalia,8,A different threat,RESIDUAL,0.0,0.0,0,0,3347408.0,46669.0,Residual code - retained on every showcard by design,
SRB,Serbia,1,Armed conflict or war,RECOMMENDED,,0.3936,43,0,209453.0,40997.0,39% origin-weighted - refugees hosted here come from countries where this is a major cause | 43 ACLED events 2018+ (6% of political-violence events here),"[via Ukraine refugees] international armed conflict (167,869 displaced)"
SRB,Serbia,2,Widespread violence / breakdown of public order,RECOMMENDED,,0.0,441,0,209453.0,40997.0,441 ACLED events 2018+ (63% of political-violence events here),
SRB,Serbia,3,Discrimination or persecution,UNEVIDENCED,,0.0,0,0,209453.0,40997.0,"No supporting evidence found, but global data is structurally blind to this cause - retain and test in cognitive interviews",
SRB,Serbia,4,Human rights violations by authorities,RECOMMENDED,,0.0,66,0,209453.0,40997.0,"66 ACLED events 2018+ (9% of political-violence events here) | 601 civilian deaths attributed to state forces, UCDP one-sided 1989-2025",
SRB,Serbia,5,Other threats of violence,RESIDUAL,,0.0,151,0,209453.0,40997.0,Residual code - retained on every showcard by design,
SRB,Serbia,6,Natural disasters,RECOMMENDED,,0.1877,0,0,209453.0,40997.0,19% origin-weighted - refugees hosted here come from countries where this is a major cause,[via Bosnia and Herzegovina refugees] Flood (144 displaced); [via Bosnia and Herzegovina refugees] Landslide/Wet mass movement (22 displaced)
SRB,Serbia,7,"Man-made events (eviction, pollution)",RECOMMENDED,,0.4029,0,0,209453.0,40997.0,40% origin-weighted - refugees hosted here come from countries where this is a major cause,
SRB,Serbia,8,A different threat,RESIDUAL,,0.0,0,0,209453.0,40997.0,Residual code - retained on every showcard by design,
SSD,South Sudan,1,Armed conflict or war,RECOMMENDED,0.4062,0.9277,0,549316,1277527.0,605064.0,"41% of internal displacement in-country (549,316 people, IDMC 2025) | 93% origin-weighted - refugees hosted here come from countries where this is a major cause","non-international armed conflict (533,282 displaced); international armed conflict (16,034 displaced); [via Sudan refugees] non-international armed conflict (1,732,551 displaced)"
SSD,South Sudan,2,Widespread violence / breakdown of public order,RECOMMENDED,0.1787,0.0,0,241688,1277527.0,605064.0,"18% of internal displacement in-country (241,688 people, IDMC 2025)","other situations of violence (241,688 displaced)"
SSD,South Sudan,3,Discrimination or persecution,RECOMMENDED,0.0,0.0,0,0,1277527.0,605064.0,"98% asylum recognition rate for people originating here (48,259 decisions) - the protection system judges these claims well-founded | 70% origin-weighted recognition rate for the refugee population hosted here",
SSD,South Sudan,4,Human rights violations by authorities,RECOMMENDED,0.0,0.0,0,0,1277527.0,605064.0,"2,098 civilian deaths attributed to state forces, UCDP one-sided 1989-2025",
SSD,South Sudan,5,Other threats of violence,RESIDUAL,0.0,0.0,0,0,1277527.0,605064.0,Residual code - retained on every showcard by design,
SSD,South Sudan,6,Natural disasters,RECOMMENDED,0.3598,0.0162,0,486678,1277527.0,605064.0,"36% of internal displacement in-country (486,678 people, IDMC 2025)","Flood (486,678 displaced); [via Sudan refugees] Flood (30,025 displaced); [via Sudan refugees] Landslide/Wet mass movement (150 displaced)"
SSD,South Sudan,7,"Man-made events (eviction, pollution)",UNEVIDENCED,0.0016,0.0,0,2213,1277527.0,605064.0,"No supporting evidence found, but global data is structurally blind to this cause - retain and test in cognitive interviews",
SSD,South Sudan,8,A different threat,RESIDUAL,0.0,0.0,0,0,1277527.0,605064.0,Residual code - retained on every showcard by design,
SUR,Suriname,1,Armed conflict or war,UNEVIDENCED,,0.0,0,0,0.0,3215.0,No source covers this country,
SUR,Suriname,2,Widespread violence / breakdown of public order,UNEVIDENCED,,0.0,0,0,0.0,3215.0,No source covers this country,
SUR,Suriname,3,Discrimination or persecution,UNEVIDENCED,,0.0,0,0,0.0,3215.0,"No supporting evidence found, but global data is structurally blind to this cause - retain and test in cognitive interviews",
SUR,Suriname,4,Human rights violations by authorities,UNEVIDENCED,,0.0,0,0,0.0,3215.0,"No supporting evidence found, but global data is structurally blind to this cause - retain and test in cognitive interviews",
SUR,Suriname,5,Other threats of violence,RESIDUAL,,0.0,0,0,0.0,3215.0,Residual code - retained on every showcard by design,
SUR,Suriname,6,Natural disasters,UNEVIDENCED,,0.0,0,0,0.0,3215.0,No source covers this country,
SUR,Suriname,7,"Man-made events (eviction, pollution)",UNEVIDENCED,,0.0,0,0,0.0,3215.0,"No supporting evidence found, but global data is structurally blind to this cause - retain and test in cognitive interviews",
SUR,Suriname,8,A different threat,RESIDUAL,,0.0,0,0,0.0,3215.0,Residual code - retained on every showcard by design,
SVK,Slovakia,1,Armed conflict or war,RECOMMENDED,,0.9851,16,0,0.0,140901.0,99% origin-weighted - refugees hosted here come from countries where this is a major cause | 16 ACLED events 2018+ (24% of political-violence events here),"[via Ukraine refugees] international armed conflict (167,869 displaced)"
SVK,Slovakia,2,Widespread violence / breakdown of public order,RECOMMENDED,,0.0,36,0,0.0,140901.0,36 ACLED events 2018+ (53% of political-violence events here),
SVK,Slovakia,3,Discrimination or persecution,RECOMMENDED,,0.0,0,0,0.0,140901.0,"76% asylum recognition rate for people originating here (1,514 decisions) - the protection system judges these claims well-founded | 60% origin-weighted recognition rate for the refugee population hosted here",
SVK,Slovakia,4,Human rights violations by authorities,UNEVIDENCED,,0.0,6,0,0.0,140901.0,"No supporting evidence found, but global data is structurally blind to this cause - retain and test in cognitive interviews",
SVK,Slovakia,5,Other threats of violence,RESIDUAL,,0.0,10,0,0.0,140901.0,Residual code - retained on every showcard by design,
SVK,Slovakia,6,Natural disasters,LOW_SALIENCE,,0.0,0,0,0.0,140901.0,Sources cover this country and show little or no displacement from this cause - candidate for de-emphasis in enumerator support material only,
SVK,Slovakia,7,"Man-made events (eviction, pollution)",UNEVIDENCED,,0.0004,0,0,0.0,140901.0,"No supporting evidence found, but global data is structurally blind to this cause - retain and test in cognitive interviews",
SVK,Slovakia,8,A different threat,RESIDUAL,,0.0,0,0,0.0,140901.0,Residual code - retained on every showcard by design,
SVN,Slovenia,1,Armed conflict or war,RECOMMENDED,0.0,0.8687,5,0,0.0,13235.0,87% origin-weighted - refugees hosted here come from countries where this is a major cause,"[via Ukraine refugees] international armed conflict (167,869 displaced)"
SVN,Slovenia,2,Widespread violence / breakdown of public order,RECOMMENDED,0.0,0.0,49,0,0.0,13235.0,49 ACLED events 2018+ (78% of political-violence events here),
SVN,Slovenia,3,Discrimination or persecution,RECOMMENDED,0.0,0.0,0,0,0.0,13235.0,60% origin-weighted recognition rate for the refugee population hosted here,
SVN,Slovenia,4,Human rights violations by authorities,UNEVIDENCED,0.0,0.0,1,0,0.0,13235.0,"No supporting evidence found, but global data is structurally blind to this cause - retain and test in cognitive interviews",
SVN,Slovenia,5,Other threats of violence,RESIDUAL,0.0,0.0,8,0,0.0,13235.0,Residual code - retained on every showcard by design,
SVN,Slovenia,6,Natural disasters,LOW_SALIENCE,0.0,0.0,0,0,0.0,13235.0,Sources cover this country and show little or no displacement from this cause - candidate for de-emphasis in enumerator support material only,
SVN,Slovenia,7,"Man-made events (eviction, pollution)",RECOMMENDED,1.0,0.0003,0,2,0.0,13235.0,"100% of internal displacement in-country (2 people, IDMC 2025)",
SVN,Slovenia,8,A different threat,RESIDUAL,0.0,0.0,0,0,0.0,13235.0,Residual code - retained on every showcard by design,
SWE,Sweden,1,Armed conflict or war,RECOMMENDED,,0.5269,18,0,0.0,148777.0,53% origin-weighted - refugees hosted here come from countries where this is a major cause | 18 ACLED events 2018+ (5% of political-violence events here),"[via Afghanistan refugees] international armed conflict (160,896 displaced); [via Syrian Arab Rep. refugees] non-international armed conflict (531,246 displaced)"
SWE,Sweden,2,Widespread violence / breakdown of public order,RECOMMENDED,,0.0,289,0,0.0,148777.0,289 ACLED events 2018+ (88% of political-violence events here),
SWE,Sweden,3,Discrimination or persecution,RECOMMENDED,,0.0,0,0,0.0,148777.0,68% origin-weighted recognition rate for the refugee population hosted here,
SWE,Sweden,4,Human rights violations by authorities,UNEVIDENCED,,0.0,8,0,0.0,148777.0,"No supporting evidence found, but global data is structurally blind to this cause - retain and test in cognitive interviews",
SWE,Sweden,5,Other threats of violence,RESIDUAL,,0.0,13,0,0.0,148777.0,Residual code - retained on every showcard by design,
SWE,Sweden,6,Natural disasters,RECOMMENDED,,0.0858,0,0,0.0,148777.0,9% origin-weighted - refugees hosted here come from countries where this is a major cause,"[via Afghanistan refugees] Drought (206,197 displaced); [via Afghanistan refugees] Mixed disasters (24,284 displaced)"
SWE,Sweden,7,"Man-made events (eviction, pollution)",UNEVIDENCED,,0.0001,0,0,0.0,148777.0,"No supporting evidence found, but global data is structurally blind to this cause - retain and test in cognitive interviews",
SWE,Sweden,8,A different threat,RESIDUAL,,0.0,0,0,0.0,148777.0,Residual code - retained on every showcard by design,
SWZ,Eswatini,1,Armed conflict or war,LOW_SALIENCE,0.0,0.0,0,0,0.0,4925.0,Sources cover this country and show little or no displacement from this cause - candidate for de-emphasis in enumerator support material only,
SWZ,Eswatini,2,Widespread violence / breakdown of public order,LOW_SALIENCE,0.0,0.0,0,0,0.0,4925.0,Sources cover this country and show little or no displacement from this cause - candidate for de-emphasis in enumerator support material only,
SWZ,Eswatini,3,Discrimination or persecution,UNEVIDENCED,0.0,0.0,0,0,0.0,4925.0,"No supporting evidence found, but global data is structurally blind to this cause - retain and test in cognitive interviews",
SWZ,Eswatini,4,Human rights violations by authorities,UNEVIDENCED,0.0,0.0,0,0,0.0,4925.0,"No supporting evidence found, but global data is structurally blind to this cause - retain and test in cognitive interviews",
SWZ,Eswatini,5,Other threats of violence,RESIDUAL,0.0,0.0,0,0,0.0,4925.0,Residual code - retained on every showcard by design,
SWZ,Eswatini,6,Natural disasters,RECOMMENDED,1.0,0.0,0,134,0.0,4925.0,"100% of internal displacement in-country (134 people, IDMC 2025)",Flood (126 displaced); Hailstorm (8 displaced)
SWZ,Eswatini,7,"Man-made events (eviction, pollution)",UNEVIDENCED,0.0,0.0,0,0,0.0,4925.0,"No supporting evidence found, but global data is structurally blind to this cause - retain and test in cognitive interviews",
SWZ,Eswatini,8,A different threat,RESIDUAL,0.0,0.0,0,0,0.0,4925.0,Residual code - retained on every showcard by design,
SYR,Syrian Arab Republic,1,Armed conflict or war,RECOMMENDED,1.0,0.5895,84415,531246,5542227.0,14029.0,"100% of internal displacement in-country (531,246 people, IDMC 2025) | 59% origin-weighted - refugees hosted here come from countries where this is a major cause | 84,415 ACLED events 2018+ (81% of political-violence events here)","non-international armed conflict (531,246 displaced); [via Iraq refugees] non-international armed conflict (31,919 displaced); [via Sudan refugees] non-international armed conflict (1,732,551 displaced)"
SYR,Syrian Arab Republic,2,Widespread violence / breakdown of public order,LOW_SALIENCE,0.0,0.0,1993,0,5542227.0,14029.0,Sources cover this country and show little or no displacement from this cause - candidate for de-emphasis in enumerator support material only,
SYR,Syrian Arab Republic,3,Discrimination or persecution,RECOMMENDED,0.0,0.0,0,0,5542227.0,14029.0,"88% asylum recognition rate for people originating here (960,783 decisions) - the protection system judges these claims well-founded",
SYR,Syrian Arab Republic,4,Human rights violations by authorities,RECOMMENDED,0.0,0.0,2562,0,5542227.0,14029.0,"2,562 ACLED events 2018+ (2% of political-violence events here) | 8,522 civilian deaths attributed to state forces, UCDP one-sided 1989-2025",
SYR,Syrian Arab Republic,5,Other threats of violence,RESIDUAL,0.0,0.0,15123,0,5542227.0,14029.0,Residual code - retained on every showcard by design,
SYR,Syrian Arab Republic,6,Natural disasters,RECOMMENDED,0.0,0.2567,0,0,5542227.0,14029.0,26% origin-weighted - refugees hosted here come from countries where this is a major cause,"[via Iraq refugees] Drought (15,768 displaced); [via Sudan refugees] Flood (30,025 displaced); [via Sudan refugees] Landslide/Wet mass movement (150 displaced)"
SYR,Syrian Arab Republic,7,"Man-made events (eviction, pollution)",UNEVIDENCED,0.0,0.0,0,0,5542227.0,14029.0,"No supporting evidence found, but global data is structurally blind to this cause - retain and test in cognitive interviews",
SYR,Syrian Arab Republic,8,A different threat,RESIDUAL,0.0,0.0,0,0,5542227.0,14029.0,Residual code - retained on every showcard by design,
TCD,Chad,1,Armed conflict or war,RECOMMENDED,0.1886,0.9503,0,23644,219595.0,1511634.0,"19% of internal displacement in-country (23,644 people, IDMC 2025) | 95% origin-weighted - refugees hosted here come from countries where this is a major cause","non-international armed conflict (23,644 displaced); [via Central African Rep. refugees] non-international armed conflict (142,765 displaced); [via Sudan refugees] non-international armed conflict (1,732,551 displaced)"
TCD,Chad,2,Widespread violence / breakdown of public order,RECOMMENDED,0.0997,0.0007,0,12500,219595.0,1511634.0,"10% of internal displacement in-country (12,500 people, IDMC 2025)","other situations of violence (12,500 displaced); [via Central African Rep. refugees] other situations of violence (1,211 displaced)"
TCD,Chad,3,Discrimination or persecution,RECOMMENDED,0.0,0.0,0,0,219595.0,1511634.0,72% origin-weighted recognition rate for the refugee population hosted here,
TCD,Chad,4,Human rights violations by authorities,RECOMMENDED,0.0,0.0,0,0,219595.0,1511634.0,"1,304 civilian deaths attributed to state forces, UCDP one-sided 1989-2025",
TCD,Chad,5,Other threats of violence,RESIDUAL,0.0,0.0,0,0,219595.0,1511634.0,Residual code - retained on every showcard by design,
TCD,Chad,6,Natural disasters,RECOMMENDED,0.7117,0.0251,0,89245,219595.0,1511634.0,"71% of internal displacement in-country (89,245 people, IDMC 2025)","Flood (89,245 displaced); [via Central African Rep. refugees] Flood (11,563 displaced); [via Central African Rep. refugees] Storm (5,756 displaced); [via Sudan refugees] Flood (30,025 displaced); [via Sudan refugees] Landslide/Wet mass movement (150 displaced)"
TCD,Chad,7,"Man-made events (eviction, pollution)",UNEVIDENCED,0.0,0.0,0,0,219595.0,1511634.0,"No supporting evidence found, but global data is structurally blind to this cause - retain and test in cognitive interviews",
TCD,Chad,8,A different threat,RESIDUAL,0.0,0.0,0,0,219595.0,1511634.0,Residual code - retained on every showcard by design,
TGO,Togo,1,Armed conflict or war,RECOMMENDED,,0.8393,0,0,10171.0,58449.0,84% origin-weighted - refugees hosted here come from countries where this is a major cause,"[via Burkina Faso refugees] non-international armed conflict (315,738 displaced)"
TGO,Togo,2,Widespread violence / breakdown of public order,RECOMMENDED,,0.0767,0,0,10171.0,58449.0,8% origin-weighted - refugees hosted here come from countries where this is a major cause,"[via Ghana refugees] other situations of violence (7,414 displaced)"
TGO,Togo,3,Discrimination or persecution,RECOMMENDED,,0.0,0,0,10171.0,58449.0,75% origin-weighted recognition rate for the refugee population hosted here,
TGO,Togo,4,Human rights violations by authorities,RECOMMENDED,,0.0,0,0,10171.0,58449.0,"516 civilian deaths attributed to state forces, UCDP one-sided 1989-2025",
TGO,Togo,5,Other threats of violence,RESIDUAL,,0.0,0,0,10171.0,58449.0,Residual code - retained on every showcard by design,
TGO,Togo,6,Natural disasters,RECOMMENDED,,0.0682,0,0,10171.0,58449.0,7% origin-weighted - refugees hosted here come from countries where this is a major cause,"[via Burkina Faso refugees] Flood (211 displaced); [via Ghana refugees] Flood (5,254 displaced); [via Ghana refugees] Storm surge (711 displaced)"
TGO,Togo,7,"Man-made events (eviction, pollution)",UNEVIDENCED,,0.0,0,0,10171.0,58449.0,"No supporting evidence found, but global data is structurally blind to this cause - retain and test in cognitive interviews",
TGO,Togo,8,A different threat,RESIDUAL,,0.0,0,0,10171.0,58449.0,Residual code - retained on every showcard by design,
THA,Thailand,1,Armed conflict or war,RECOMMENDED,0.7344,0.5416,0,633131,0.0,86897.0,"73% of internal displacement in-country (633,131 people, IDMC 2025) | 54% origin-weighted - refugees hosted here come from countries where this is a major cause","international armed conflict (633,131 displaced); [via Myanmar refugees] non-international armed conflict (572,538 displaced)"
THA,Thailand,2,Widespread violence / breakdown of public order,LOW_SALIENCE,0.0,0.0,0,0,0.0,86897.0,Sources cover this country and show little or no displacement from this cause - candidate for de-emphasis in enumerator support material only,
THA,Thailand,3,Discrimination or persecution,RECOMMENDED,0.0,0.0,0,0,0.0,86897.0,83% origin-weighted recognition rate for the refugee population hosted here,
THA,Thailand,4,Human rights violations by authorities,RECOMMENDED,0.0,0.0,0,0,0.0,86897.0,"394 civilian deaths attributed to state forces, UCDP one-sided 1989-2025",
THA,Thailand,5,Other threats of violence,RESIDUAL,0.0,0.0,0,0,0.0,86897.0,Residual code - retained on every showcard by design,
THA,Thailand,6,Natural disasters,RECOMMENDED,0.2656,0.3837,0,228968,0.0,86897.0,"27% of internal displacement in-country (228,968 people, IDMC 2025) | 38% origin-weighted - refugees hosted here come from countries where this is a major cause","Flood (228,968 displaced); [via Myanmar refugees] Earthquake (326,906 displaced); [via Myanmar refugees] Typhoon/Hurricane/Cyclone (60,470 displaced)"
THA,Thailand,7,"Man-made events (eviction, pollution)",UNEVIDENCED,0.0,0.0,0,0,0.0,86897.0,"No supporting evidence found, but global data is structurally blind to this cause - retain and test in cognitive interviews",
THA,Thailand,8,A different threat,RESIDUAL,0.0,0.0,0,0,0.0,86897.0,Residual code - retained on every showcard by design,
TJK,Tajikistan,1,Armed conflict or war,RECOMMENDED,0.0,0.3991,36,0,0.0,11858.0,40% origin-weighted - refugees hosted here come from countries where this is a major cause | 36 ACLED events 2018+ (25% of political-violence events here),"[via Afghanistan refugees] international armed conflict (160,896 displaced)"
TJK,Tajikistan,2,Widespread violence / breakdown of public order,RECOMMENDED,0.0,0.0,31,0,0.0,11858.0,31 ACLED events 2018+ (22% of political-violence events here),
TJK,Tajikistan,3,Discrimination or persecution,RECOMMENDED,0.0,0.0,0,0,0.0,11858.0,57% origin-weighted recognition rate for the refugee population hosted here,
TJK,Tajikistan,4,Human rights violations by authorities,RECOMMENDED,0.0,0.0,20,0,0.0,11858.0,20 ACLED events 2018+ (14% of political-violence events here),
TJK,Tajikistan,5,Other threats of violence,RESIDUAL,0.0,0.0,56,0,0.0,11858.0,Residual code - retained on every showcard by design,
TJK,Tajikistan,6,Natural disasters,RECOMMENDED,1.0,0.5996,0,563,0.0,11858.0,"100% of internal displacement in-country (563 people, IDMC 2025) | 60% origin-weighted - refugees hosted here come from countries where this is a major cause","Earthquake (563 displaced); [via Afghanistan refugees] Drought (206,197 displaced); [via Afghanistan refugees] Mixed disasters (24,284 displaced)"
TJK,Tajikistan,7,"Man-made events (eviction, pollution)",UNEVIDENCED,0.0,0.0,0,0,0.0,11858.0,"No supporting evidence found, but global data is structurally blind to this cause - retain and test in cognitive interviews",
TJK,Tajikistan,8,A different threat,RESIDUAL,0.0,0.0,0,0,0.0,11858.0,Residual code - retained on every showcard by design,
TKM,Turkmenistan,1,Armed conflict or war,LOW_SALIENCE,,0.0,5,0,0.0,9.0,Sources cover this country and show little or no displacement from this cause - candidate for de-emphasis in enumerator support material only,
TKM,Turkmenistan,2,Widespread violence / breakdown of public order,RECOMMENDED,,0.0,11,0,0.0,9.0,11 ACLED events 2018+ (24% of political-violence events here),
TKM,Turkmenistan,3,Discrimination or persecution,UNEVIDENCED,,0.0,0,0,0.0,9.0,"No supporting evidence found, but global data is structurally blind to this cause - retain and test in cognitive interviews",
TKM,Turkmenistan,4,Human rights violations by authorities,UNEVIDENCED,,0.0,8,0,0.0,9.0,"No supporting evidence found, but global data is structurally blind to this cause - retain and test in cognitive interviews",
TKM,Turkmenistan,5,Other threats of violence,RESIDUAL,,0.0,21,0,0.0,9.0,Residual code - retained on every showcard by design,
TKM,Turkmenistan,6,Natural disasters,LOW_SALIENCE,,0.0,0,0,0.0,9.0,Sources cover this country and show little or no displacement from this cause - candidate for de-emphasis in enumerator support material only,
TKM,Turkmenistan,7,"Man-made events (eviction, pollution)",UNEVIDENCED,,0.0,0,0,0.0,9.0,"No supporting evidence found, but global data is structurally blind to this cause - retain and test in cognitive interviews",
TKM,Turkmenistan,8,A different threat,RESIDUAL,,0.0,0,0,0.0,9.0,Residual code - retained on every showcard by design,
TLS,Timor-Leste,1,Armed conflict or war,LOW_SALIENCE,0.0,0.0,0,0,0.0,0.0,Sources cover this country and show little or no displacement from this cause - candidate for de-emphasis in enumerator support material only,
TLS,Timor-Leste,2,Widespread violence / breakdown of public order,LOW_SALIENCE,0.0,0.0,0,0,0.0,0.0,Sources cover this country and show little or no displacement from this cause - candidate for de-emphasis in enumerator support material only,
TLS,Timor-Leste,3,Discrimination or persecution,UNEVIDENCED,0.0,0.0,0,0,0.0,0.0,"No supporting evidence found, but global data is structurally blind to this cause - retain and test in cognitive interviews",
TLS,Timor-Leste,4,Human rights violations by authorities,UNEVIDENCED,0.0,0.0,0,0,0.0,0.0,"No supporting evidence found, but global data is structurally blind to this cause - retain and test in cognitive interviews",
TLS,Timor-Leste,5,Other threats of violence,RESIDUAL,0.0,0.0,0,0,0.0,0.0,Residual code - retained on every showcard by design,
TLS,Timor-Leste,6,Natural disasters,RECOMMENDED,1.0,0.0,0,354,0.0,0.0,"100% of internal displacement in-country (354 people, IDMC 2025)",Flood (354 displaced)
TLS,Timor-Leste,7,"Man-made events (eviction, pollution)",UNEVIDENCED,0.0,0.0,0,0,0.0,0.0,"No supporting evidence found, but global data is structurally blind to this cause - retain and test in cognitive interviews",
TLS,Timor-Leste,8,A different threat,RESIDUAL,0.0,0.0,0,0,0.0,0.0,Residual code - retained on every showcard by design,
TON,Tonga,1,Armed conflict or war,LOW_SALIENCE,0.0,0.0,0,0,0.0,0.0,Sources cover this country and show little or no displacement from this cause - candidate for de-emphasis in enumerator support material only,
TON,Tonga,2,Widespread violence / breakdown of public order,LOW_SALIENCE,0.0,0.0,0,0,0.0,0.0,Sources cover this country and show little or no displacement from this cause - candidate for de-emphasis in enumerator support material only,
TON,Tonga,3,Discrimination or persecution,UNEVIDENCED,0.0,0.0,0,0,0.0,0.0,"No supporting evidence found, but global data is structurally blind to this cause - retain and test in cognitive interviews",
TON,Tonga,4,Human rights violations by authorities,UNEVIDENCED,0.0,0.0,0,0,0.0,0.0,"No supporting evidence found, but global data is structurally blind to this cause - retain and test in cognitive interviews",
TON,Tonga,5,Other threats of violence,RESIDUAL,0.0,0.0,0,0,0.0,0.0,Residual code - retained on every showcard by design,
TON,Tonga,6,Natural disasters,RECOMMENDED,1.0,0.0,0,11,0.0,0.0,"100% of internal displacement in-country (11 people, IDMC 2025)",Earthquake (11 displaced)
TON,Tonga,7,"Man-made events (eviction, pollution)",UNEVIDENCED,0.0,0.0,0,0,0.0,0.0,"No supporting evidence found, but global data is structurally blind to this cause - retain and test in cognitive interviews",
TON,Tonga,8,A different threat,RESIDUAL,0.0,0.0,0,0,0.0,0.0,Residual code - retained on every showcard by design,
TTO,Trinidad and Tobago,1,Armed conflict or war,UNEVIDENCED,,0.0,0,0,0.0,25246.0,No source covers this country,
TTO,Trinidad and Tobago,2,Widespread violence / breakdown of public order,UNEVIDENCED,,0.0,0,0,0.0,25246.0,No source covers this country,
TTO,Trinidad and Tobago,3,Discrimination or persecution,RECOMMENDED,,0.0,0,0,0.0,25246.0,66% origin-weighted recognition rate for the refugee population hosted here,
TTO,Trinidad and Tobago,4,Human rights violations by authorities,UNEVIDENCED,,0.0,0,0,0.0,25246.0,"No supporting evidence found, but global data is structurally blind to this cause - retain and test in cognitive interviews",
TTO,Trinidad and Tobago,5,Other threats of violence,RESIDUAL,,0.0,0,0,0.0,25246.0,Residual code - retained on every showcard by design,
TTO,Trinidad and Tobago,6,Natural disasters,RECOMMENDED,,0.9548,0,0,0.0,25246.0,95% origin-weighted - refugees hosted here come from countries where this is a major cause,"[via Cuba refugees] Typhoon/Hurricane/Cyclone (753,000 displaced); [via Venezuela (Bolivarian Republic of) refugees] Flood (5,959 displaced)"
TTO,Trinidad and Tobago,7,"Man-made events (eviction, pollution)",UNEVIDENCED,,0.0,0,0,0.0,25246.0,"No supporting evidence found, but global data is structurally blind to this cause - retain and test in cognitive interviews",
TTO,Trinidad and Tobago,8,A different threat,RESIDUAL,,0.0,0,0,0.0,25246.0,Residual code - retained on every showcard by design,
TUN,Tunisia,1,Armed conflict or war,RECOMMENDED,,0.7338,0,0,0.0,7909.0,73% origin-weighted - refugees hosted here come from countries where this is a major cause,"[via Sudan refugees] non-international armed conflict (1,732,551 displaced); [via Syrian Arab Rep. refugees] non-international armed conflict (531,246 displaced)"
TUN,Tunisia,2,Widespread violence / breakdown of public order,UNEVIDENCED,,0.0,0,0,0.0,7909.0,No source covers this country,
TUN,Tunisia,3,Discrimination or persecution,RECOMMENDED,,0.0,0,0,0.0,7909.0,76% origin-weighted recognition rate for the refugee population hosted here,
TUN,Tunisia,4,Human rights violations by authorities,UNEVIDENCED,,0.0,0,0,0.0,7909.0,"No supporting evidence found, but global data is structurally blind to this cause - retain and test in cognitive interviews",
TUN,Tunisia,5,Other threats of violence,RESIDUAL,,0.0,0,0,0.0,7909.0,Residual code - retained on every showcard by design,
TUN,Tunisia,6,Natural disasters,UNEVIDENCED,,0.0085,0,0,0.0,7909.0,No source covers this country,"[via Sudan refugees] Flood (30,025 displaced); [via Sudan refugees] Landslide/Wet mass movement (150 displaced)"
TUN,Tunisia,7,"Man-made events (eviction, pollution)",UNEVIDENCED,,0.0,0,0,0.0,7909.0,"No supporting evidence found, but global data is structurally blind to this cause - retain and test in cognitive interviews",
TUN,Tunisia,8,A different threat,RESIDUAL,,0.0,0,0,0.0,7909.0,Residual code - retained on every showcard by design,
TUR,Türkiye,1,Armed conflict or war,RECOMMENDED,0.0,0.9418,3363,0,0.0,2492911.0,"94% origin-weighted - refugees hosted here come from countries where this is a major cause | 3,363 ACLED events 2018+ (26% of political-violence events here)","[via Syrian Arab Rep. refugees] non-international armed conflict (531,246 displaced)"
TUR,Türkiye,2,Widespread violence / breakdown of public order,RECOMMENDED,0.0,0.0,6238,0,0.0,2492911.0,"6,238 ACLED events 2018+ (48% of political-violence events here)",
TUR,Türkiye,3,Discrimination or persecution,RECOMMENDED,0.0,0.0,0,0,0.0,2492911.0,88% origin-weighted recognition rate for the refugee population hosted here,
TUR,Türkiye,4,Human rights violations by authorities,RECOMMENDED,0.0,0.0,2620,0,0.0,2492911.0,"2,620 ACLED events 2018+ (20% of political-violence events here) | 586 civilian deaths attributed to state forces, UCDP one-sided 1989-2025",
TUR,Türkiye,5,Other threats of violence,RESIDUAL,0.0,0.0,728,0,0.0,2492911.0,Residual code - retained on every showcard by design,
TUR,Türkiye,6,Natural disasters,RECOMMENDED,0.642,0.0,0,100000,0.0,2492911.0,"64% of internal displacement in-country (100,000 people, IDMC 2025)","Earthquake (100,000 displaced)"
TUR,Türkiye,7,"Man-made events (eviction, pollution)",RECOMMENDED,0.358,0.0,0,55768,0.0,2492911.0,"36% of internal displacement in-country (55,768 people, IDMC 2025)",
TUR,Türkiye,8,A different threat,RESIDUAL,0.0,0.0,0,0,0.0,2492911.0,Residual code - retained on every showcard by design,
TWN,"Taiwan, Province of China",1,Armed conflict or war,LOW_SALIENCE,0.0,0.0,0,0,0.0,0.0,Sources cover this country and show little or no displacement from this cause - candidate for de-emphasis in enumerator support material only,
TWN,"Taiwan, Province of China",2,Widespread violence / breakdown of public order,LOW_SALIENCE,0.0,0.0,0,0,0.0,0.0,Sources cover this country and show little or no displacement from this cause - candidate for de-emphasis in enumerator support material only,
TWN,"Taiwan, Province of China",3,Discrimination or persecution,UNEVIDENCED,0.0,0.0,0,0,0.0,0.0,"No supporting evidence found, but global data is structurally blind to this cause - retain and test in cognitive interviews",
TWN,"Taiwan, Province of China",4,Human rights violations by authorities,UNEVIDENCED,0.0,0.0,0,0,0.0,0.0,"No supporting evidence found, but global data is structurally blind to this cause - retain and test in cognitive interviews",
TWN,"Taiwan, Province of China",5,Other threats of violence,RESIDUAL,0.0,0.0,0,0,0.0,0.0,Residual code - retained on every showcard by design,
TWN,"Taiwan, Province of China",6,Natural disasters,RECOMMENDED,1.0,0.0,0,39044,0.0,0.0,"100% of internal displacement in-country (39,044 people, IDMC 2025)","Typhoon/Hurricane/Cyclone (32,224 displaced); Flood (5,947 displaced); Landslide/Wet mass movement (873 displaced)"
TWN,"Taiwan, Province of China",7,"Man-made events (eviction, pollution)",UNEVIDENCED,0.0,0.0,0,0,0.0,0.0,"No supporting evidence found, but global data is structurally blind to this cause - retain and test in cognitive interviews",
TWN,"Taiwan, Province of China",8,A different threat,RESIDUAL,0.0,0.0,0,0,0.0,0.0,Residual code - retained on every showcard by design,
TZA,"Tanzania, United Republic of",1,Armed conflict or war,RECOMMENDED,0.0,0.2737,0,0,0.0,214404.0,27% origin-weighted - refugees hosted here come from countries where this is a major cause,"[via Dem. Rep. of the Congo refugees] non-international armed conflict (7,664,444 displaced)"
TZA,"Tanzania, United Republic of",2,Widespread violence / breakdown of public order,LOW_SALIENCE,0.0,0.0163,0,0,0.0,214404.0,Sources cover this country and show little or no displacement from this cause - candidate for de-emphasis in enumerator support material only,"[via Dem. Rep. of the Congo refugees] other situations of violence (455,778 displaced)"
TZA,"Tanzania, United Republic of",3,Discrimination or persecution,RECOMMENDED,0.0,0.0,0,0,0.0,214404.0,76% origin-weighted recognition rate for the refugee population hosted here,
TZA,"Tanzania, United Republic of",4,Human rights violations by authorities,RECOMMENDED,0.0,0.0,0,0,0.0,214404.0,"1,784 civilian deaths attributed to state forces, UCDP one-sided 1989-2025",
TZA,"Tanzania, United Republic of",5,Other threats of violence,RESIDUAL,0.0,0.0,0,0,0.0,214404.0,Residual code - retained on every showcard by design,
TZA,"Tanzania, United Republic of",6,Natural disasters,RECOMMENDED,1.0,0.6158,0,10945,0.0,214404.0,"100% of internal displacement in-country (10,945 people, IDMC 2025) | 62% origin-weighted - refugees hosted here come from countries where this is a major cause","Flood (7,855 displaced); Storm (3,090 displaced); [via Burundi refugees] Flood (14,386 displaced); [via Burundi refugees] Storm (3,702 displaced); [via Dem. Rep. of the Congo refugees] Flood (280,211 displaced)"
TZA,"Tanzania, United Republic of",7,"Man-made events (eviction, pollution)",UNEVIDENCED,0.0,0.0,0,0,0.0,214404.0,"No supporting evidence found, but global data is structurally blind to this cause - retain and test in cognitive interviews",
TZA,"Tanzania, United Republic of",8,A different threat,RESIDUAL,0.0,0.0,0,0,0.0,214404.0,Residual code - retained on every showcard by design,
UGA,Uganda,1,Armed conflict or war,RECOMMENDED,0.0,0.4637,0,0,0.0,1971968.0,46% origin-weighted - refugees hosted here come from countries where this is a major cause,"[via Dem. Rep. of the Congo refugees] non-international armed conflict (7,664,444 displaced); [via South Sudan refugees] non-international armed conflict (533,282 displaced)"
UGA,Uganda,2,Widespread violence / breakdown of public order,RECOMMENDED,0.0629,0.1086,0,1978,0.0,1971968.0,"6% of internal displacement in-country (1,978 people, IDMC 2025) | 11% origin-weighted - refugees hosted here come from countries where this is a major cause","other situations of violence (1,978 displaced); [via Dem. Rep. of the Congo refugees] other situations of violence (455,778 displaced); [via South Sudan refugees] other situations of violence (241,688 displaced)"
UGA,Uganda,3,Discrimination or persecution,RECOMMENDED,0.0,0.0,0,0,0.0,1971968.0,86% origin-weighted recognition rate for the refugee population hosted here,
UGA,Uganda,4,Human rights violations by authorities,RECOMMENDED,0.0,0.0,0,0,0.0,1971968.0,"607 civilian deaths attributed to state forces, UCDP one-sided 1989-2025",
UGA,Uganda,5,Other threats of violence,RESIDUAL,0.0,0.0,0,0,0.0,1971968.0,Residual code - retained on every showcard by design,
UGA,Uganda,6,Natural disasters,RECOMMENDED,0.9162,0.1989,0,28817,0.0,1971968.0,"92% of internal displacement in-country (28,817 people, IDMC 2025) | 20% origin-weighted - refugees hosted here come from countries where this is a major cause","Flood (24,414 displaced); Storm (2,726 displaced); Typhoon/Hurricane/Cyclone (1,200 displaced); [via Dem. Rep. of the Congo refugees] Flood (280,211 displaced); [via Dem. Rep. of the Congo refugees] Storm (32,641 displaced)"
UGA,Uganda,7,"Man-made events (eviction, pollution)",UNEVIDENCED,0.0209,0.0009,0,657,0.0,1971968.0,"No supporting evidence found, but global data is structurally blind to this cause - retain and test in cognitive interviews",
UGA,Uganda,8,A different threat,RESIDUAL,0.0,0.0,0,0,0.0,1971968.0,Residual code - retained on every showcard by design,
UKR,Ukraine,1,Armed conflict or war,RECOMMENDED,0.9996,0.0,327266,167869,3712000.0,2813.0,"100% of internal displacement in-country (167,869 people, IDMC 2025) | 327,266 ACLED events 2018+ (99% of political-violence events here)","international armed conflict (167,869 displaced)"
UKR,Ukraine,2,Widespread violence / breakdown of public order,LOW_SALIENCE,0.0,0.0,1532,0,3712000.0,2813.0,Sources cover this country and show little or no displacement from this cause - candidate for de-emphasis in enumerator support material only,
UKR,Ukraine,3,Discrimination or persecution,RECOMMENDED,0.0,0.0,0,0,3712000.0,2813.0,"60% asylum recognition rate for people originating here (233,556 decisions) - the protection system judges these claims well-founded",
UKR,Ukraine,4,Human rights violations by authorities,RECOMMENDED,0.0,0.0,106,0,3712000.0,2813.0,"1,360 civilian deaths attributed to state forces, UCDP one-sided 1989-2025",
UKR,Ukraine,5,Other threats of violence,RESIDUAL,0.0,0.0,1718,0,3712000.0,2813.0,Residual code - retained on every showcard by design,
UKR,Ukraine,6,Natural disasters,LOW_SALIENCE,0.0,0.0,0,0,3712000.0,2813.0,Sources cover this country and show little or no displacement from this cause - candidate for de-emphasis in enumerator support material only,
UKR,Ukraine,7,"Man-made events (eviction, pollution)",UNEVIDENCED,0.0004,0.0,0,60,3712000.0,2813.0,"No supporting evidence found, but global data is structurally blind to this cause - retain and test in cognitive interviews",
UKR,Ukraine,8,A different threat,RESIDUAL,0.0,0.0,0,0,3712000.0,2813.0,Residual code - retained on every showcard by design,
URY,Uruguay,1,Armed conflict or war,LOW_SALIENCE,0.0,0.0,0,0,0.0,30483.0,Sources cover this country and show little or no displacement from this cause - candidate for de-emphasis in enumerator support material only,
URY,Uruguay,2,Widespread violence / breakdown of public order,LOW_SALIENCE,0.0,0.0,0,0,0.0,30483.0,Sources cover this country and show little or no displacement from this cause - candidate for de-emphasis in enumerator support material only,
URY,Uruguay,3,Discrimination or persecution,UNEVIDENCED,0.0,0.0,0,0,0.0,30483.0,"No supporting evidence found, but global data is structurally blind to this cause - retain and test in cognitive interviews",
URY,Uruguay,4,Human rights violations by authorities,UNEVIDENCED,0.0,0.0,0,0,0.0,30483.0,"No supporting evidence found, but global data is structurally blind to this cause - retain and test in cognitive interviews",
URY,Uruguay,5,Other threats of violence,RESIDUAL,0.0,0.0,0,0,0.0,30483.0,Residual code - retained on every showcard by design,
URY,Uruguay,6,Natural disasters,RECOMMENDED,1.0,0.9163,0,1867,0.0,30483.0,"100% of internal displacement in-country (1,867 people, IDMC 2025) | 92% origin-weighted - refugees hosted here come from countries where this is a major cause","Cold wave (1,190 displaced); Flood (631 displaced); Storm (46 displaced); [via Cuba refugees] Typhoon/Hurricane/Cyclone (753,000 displaced); [via Venezuela (Bolivarian Republic of) refugees] Flood (5,959 displaced)"
URY,Uruguay,7,"Man-made events (eviction, pollution)",UNEVIDENCED,0.0,0.0,0,0,0.0,30483.0,"No supporting evidence found, but global data is structurally blind to this cause - retain and test in cognitive interviews",
URY,Uruguay,8,A different threat,RESIDUAL,0.0,0.0,0,0,0.0,30483.0,Residual code - retained on every showcard by design,
USA,United States,1,Armed conflict or war,LOW_SALIENCE,0.0,0.0,0,0,0.0,4176592.0,Sources cover this country and show little or no displacement from this cause - candidate for de-emphasis in enumerator support material only,
USA,United States,2,Widespread violence / breakdown of public order,LOW_SALIENCE,0.0,0.0054,0,0,0.0,4176592.0,Sources cover this country and show little or no displacement from this cause - candidate for de-emphasis in enumerator support material only,"[via Mexico refugees] other situations of violence (10,329 displaced)"
USA,United States,3,Discrimination or persecution,UNEVIDENCED,0.0,0.0,0,0,0.0,4176592.0,"No supporting evidence found, but global data is structurally blind to this cause - retain and test in cognitive interviews",
USA,United States,4,Human rights violations by authorities,UNEVIDENCED,0.0,0.0,0,0,0.0,4176592.0,"No supporting evidence found, but global data is structurally blind to this cause - retain and test in cognitive interviews",
USA,United States,5,Other threats of violence,RESIDUAL,0.0,0.0,0,0,0.0,4176592.0,Residual code - retained on every showcard by design,
USA,United States,6,Natural disasters,RECOMMENDED,0.4894,0.1509,0,358465,0.0,4176592.0,"49% of internal displacement in-country (358,465 people, IDMC 2025) | 15% origin-weighted - refugees hosted here come from countries where this is a major cause","Flood (265,919 displaced); Storm (82,601 displaced); Tornado (5,817 displaced); [via Mexico refugees] Flood (72,272 displaced); [via Mexico refugees] Storm (15,129 displaced)"
USA,United States,7,"Man-made events (eviction, pollution)",RECOMMENDED,0.5106,0.0015,0,373997,0.0,4176592.0,"51% of internal displacement in-country (373,997 people, IDMC 2025)",
USA,United States,8,A different threat,RESIDUAL,0.0,0.0,0,0,0.0,4176592.0,Residual code - retained on every showcard by design,
UZB,Uzbekistan,1,Armed conflict or war,LOW_SALIENCE,,0.0,3,0,0.0,5.0,Sources cover this country and show little or no displacement from this cause - candidate for de-emphasis in enumerator support material only,
UZB,Uzbekistan,2,Widespread violence / breakdown of public order,RECOMMENDED,,0.0,112,0,0.0,5.0,112 ACLED events 2018+ (37% of political-violence events here),
UZB,Uzbekistan,3,Discrimination or persecution,UNEVIDENCED,,0.0,0,0,0.0,5.0,"No supporting evidence found, but global data is structurally blind to this cause - retain and test in cognitive interviews",
UZB,Uzbekistan,4,Human rights violations by authorities,RECOMMENDED,,0.0,10,0,0.0,5.0,10 ACLED events 2018+ (3% of political-violence events here),
UZB,Uzbekistan,5,Other threats of violence,RESIDUAL,,0.0,175,0,0.0,5.0,Residual code - retained on every showcard by design,
UZB,Uzbekistan,6,Natural disasters,LOW_SALIENCE,,0.0,0,0,0.0,5.0,Sources cover this country and show little or no displacement from this cause - candidate for de-emphasis in enumerator support material only,
UZB,Uzbekistan,7,"Man-made events (eviction, pollution)",UNEVIDENCED,,0.0,0,0,0.0,5.0,"No supporting evidence found, but global data is structurally blind to this cause - retain and test in cognitive interviews",
UZB,Uzbekistan,8,A different threat,RESIDUAL,,0.0,0,0,0.0,5.0,Residual code - retained on every showcard by design,
VEN,"Venezuela, Bolivarian Republic of",1,Armed conflict or war,RECOMMENDED,0.0,0.3276,0,0,0.0,15910.0,33% origin-weighted - refugees hosted here come from countries where this is a major cause,"[via Colombia refugees] non-international armed conflict (159,639 displaced)"
VEN,"Venezuela, Bolivarian Republic of",2,Widespread violence / breakdown of public order,RECOMMENDED,0.0,0.4812,0,0,0.0,15910.0,48% origin-weighted - refugees hosted here come from countries where this is a major cause,"[via Colombia refugees] other situations of violence (234,467 displaced)"
VEN,"Venezuela, Bolivarian Republic of",3,Discrimination or persecution,RECOMMENDED,0.0,0.0,0,0,0.0,15910.0,"68% asylum recognition rate for people originating here (349,230 decisions) - the protection system judges these claims well-founded",
VEN,"Venezuela, Bolivarian Republic of",4,Human rights violations by authorities,RECOMMENDED,0.0,0.0,0,0,0.0,15910.0,"950 civilian deaths attributed to state forces, UCDP one-sided 1989-2025",
VEN,"Venezuela, Bolivarian Republic of",5,Other threats of violence,RESIDUAL,0.0,0.0,0,0,0.0,15910.0,Residual code - retained on every showcard by design,
VEN,"Venezuela, Bolivarian Republic of",6,Natural disasters,RECOMMENDED,1.0,0.1807,0,5959,0.0,15910.0,"100% of internal displacement in-country (5,959 people, IDMC 2025) | 18% origin-weighted - refugees hosted here come from countries where this is a major cause","Flood (5,959 displaced); [via Colombia refugees] Flood (77,809 displaced); [via Colombia refugees] Earthquake (4,377 displaced)"
VEN,"Venezuela, Bolivarian Republic of",7,"Man-made events (eviction, pollution)",UNEVIDENCED,0.0,0.0,0,0,0.0,15910.0,"No supporting evidence found, but global data is structurally blind to this cause - retain and test in cognitive interviews",
VEN,"Venezuela, Bolivarian Republic of",8,A different threat,RESIDUAL,0.0,0.0,0,0,0.0,15910.0,Residual code - retained on every showcard by design,
VNM,Viet Nam,1,Armed conflict or war,LOW_SALIENCE,0.0,0.0,0,0,0.0,13.0,Sources cover this country and show little or no displacement from this cause - candidate for de-emphasis in enumerator support material only,
VNM,Viet Nam,2,Widespread violence / breakdown of public order,LOW_SALIENCE,0.0,0.0,0,0,0.0,13.0,Sources cover this country and show little or no displacement from this cause - candidate for de-emphasis in enumerator support material only,
VNM,Viet Nam,3,Discrimination or persecution,UNEVIDENCED,0.0,0.0,0,0,0.0,13.0,"No supporting evidence found, but global data is structurally blind to this cause - retain and test in cognitive interviews",
VNM,Viet Nam,4,Human rights violations by authorities,UNEVIDENCED,0.0,0.0,0,0,0.0,13.0,"No supporting evidence found, but global data is structurally blind to this cause - retain and test in cognitive interviews",
VNM,Viet Nam,5,Other threats of violence,RESIDUAL,0.0,0.0,0,0,0.0,13.0,Residual code - retained on every showcard by design,
VNM,Viet Nam,6,Natural disasters,RECOMMENDED,1.0,0.0,0,832107,0.0,13.0,"100% of internal displacement in-country (832,107 people, IDMC 2025)","Typhoon/Hurricane/Cyclone (577,572 displaced); Mixed disasters (238,650 displaced); Flood (14,491 displaced)"
VNM,Viet Nam,7,"Man-made events (eviction, pollution)",UNEVIDENCED,0.0,0.0,0,0,0.0,13.0,"No supporting evidence found, but global data is structurally blind to this cause - retain and test in cognitive interviews",
VNM,Viet Nam,8,A different threat,RESIDUAL,0.0,0.0,0,0,0.0,13.0,Residual code - retained on every showcard by design,
XKX,XKX,1,Armed conflict or war,RECOMMENDED,0.0,0.0,80,0,0.0,0.0,80 ACLED events 2018+ (23% of political-violence events here),
XKX,XKX,2,Widespread violence / breakdown of public order,RECOMMENDED,0.0,0.0,150,0,0.0,0.0,150 ACLED events 2018+ (44% of political-violence events here),
XKX,XKX,3,Discrimination or persecution,UNEVIDENCED,0.0,0.0,0,0,0.0,0.0,"No supporting evidence found, but global data is structurally blind to this cause - retain and test in cognitive interviews",
XKX,XKX,4,Human rights violations by authorities,RECOMMENDED,0.0,0.0,17,0,0.0,0.0,17 ACLED events 2018+ (5% of political-violence events here),
XKX,XKX,5,Other threats of violence,RESIDUAL,0.0,0.0,97,0,0.0,0.0,Residual code - retained on every showcard by design,
XKX,XKX,6,Natural disasters,RECOMMENDED,1.0,0.0,0,12,0.0,0.0,"100% of internal displacement in-country (12 people, IDMC 2025)",Landslide/Wet mass movement (12 displaced)
XKX,XKX,7,"Man-made events (eviction, pollution)",UNEVIDENCED,0.0,0.0,0,0,0.0,0.0,"No supporting evidence found, but global data is structurally blind to this cause - retain and test in cognitive interviews",
XKX,XKX,8,A different threat,RESIDUAL,0.0,0.0,0,0,0.0,0.0,Residual code - retained on every showcard by design,
YEM,Yemen,1,Armed conflict or war,RECOMMENDED,0.1771,0.1394,53939,56798,4795983.0,63749.0,"18% of internal displacement in-country (56,798 people, IDMC 2025) | 14% origin-weighted - refugees hosted here come from countries where this is a major cause | 53,939 ACLED events 2018+ (87% of political-violence events here)","non-international armed conflict (56,798 displaced); [via Ethiopia refugees] non-international armed conflict (320,508 displaced)"
YEM,Yemen,2,Widespread violence / breakdown of public order,RECOMMENDED,0.0,0.0,2053,0,4795983.0,63749.0,"2,053 ACLED events 2018+ (3% of political-violence events here)",
YEM,Yemen,3,Discrimination or persecution,RECOMMENDED,0.0,0.0,0,0,4795983.0,63749.0,"82% asylum recognition rate for people originating here (40,781 decisions) - the protection system judges these claims well-founded | 62% origin-weighted recognition rate for the refugee population hosted here",
YEM,Yemen,4,Human rights violations by authorities,RECOMMENDED,0.0,0.0,665,0,4795983.0,63749.0,"1,237 civilian deaths attributed to state forces, UCDP one-sided 1989-2025",
YEM,Yemen,5,Other threats of violence,RESIDUAL,0.0,0.0,5431,0,4795983.0,63749.0,Residual code - retained on every showcard by design,
YEM,Yemen,6,Natural disasters,RECOMMENDED,0.8196,0.4944,0,262927,4795983.0,63749.0,"82% of internal displacement in-country (262,927 people, IDMC 2025) | 49% origin-weighted - refugees hosted here come from countries where this is a major cause","Flood (262,927 displaced); [via Ethiopia refugees] Flood (119,253 displaced); [via Ethiopia refugees] Earthquake (79,737 displaced); [via Somalia refugees] Drought (289,897 displaced); [via Somalia refugees] Flood (45,533 displaced)"
YEM,Yemen,7,"Man-made events (eviction, pollution)",UNEVIDENCED,0.0033,0.0,0,1064,4795983.0,63749.0,"No supporting evidence found, but global data is structurally blind to this cause - retain and test in cognitive interviews",
YEM,Yemen,8,A different threat,RESIDUAL,0.0,0.0,0,0,4795983.0,63749.0,Residual code - retained on every showcard by design,
ZAF,South Africa,1,Armed conflict or war,RECOMMENDED,0.0,0.3683,0,0,0.0,137535.0,37% origin-weighted - refugees hosted here come from countries where this is a major cause,"[via Dem. Rep. of the Congo refugees] non-international armed conflict (7,664,444 displaced); [via Ethiopia refugees] non-international armed conflict (320,508 displaced)"
ZAF,South Africa,2,Widespread violence / breakdown of public order,LOW_SALIENCE,0.0,0.0129,0,0,0.0,137535.0,Sources cover this country and show little or no displacement from this cause - candidate for de-emphasis in enumerator support material only,"[via Dem. Rep. of the Congo refugees] other situations of violence (455,778 displaced)"
ZAF,South Africa,3,Discrimination or persecution,RECOMMENDED,0.0,0.0,0,0,0.0,137535.0,61% origin-weighted recognition rate for the refugee population hosted here,
ZAF,South Africa,4,Human rights violations by authorities,RECOMMENDED,0.0,0.0,0,0,0.0,137535.0,"299 civilian deaths attributed to state forces, UCDP one-sided 1989-2025",
ZAF,South Africa,5,Other threats of violence,RESIDUAL,0.0,0.0,0,0,0.0,137535.0,Residual code - retained on every showcard by design,
ZAF,South Africa,6,Natural disasters,RECOMMENDED,0.9712,0.2693,0,43473,0.0,137535.0,"97% of internal displacement in-country (43,473 people, IDMC 2025) | 27% origin-weighted - refugees hosted here come from countries where this is a major cause","Flood (40,814 displaced); Storm (2,214 displaced); Landslide/Wet mass movement (200 displaced); [via Burundi refugees] Flood (14,386 displaced); [via Burundi refugees] Storm (3,702 displaced)"
ZAF,South Africa,7,"Man-made events (eviction, pollution)",UNEVIDENCED,0.0288,0.0,0,1287,0.0,137535.0,"No supporting evidence found, but global data is structurally blind to this cause - retain and test in cognitive interviews",
ZAF,South Africa,8,A different threat,RESIDUAL,0.0,0.0,0,0,0.0,137535.0,Residual code - retained on every showcard by design,
ZMB,Zambia,1,Armed conflict or war,RECOMMENDED,0.0,0.5726,0,0,0.0,96131.0,57% origin-weighted - refugees hosted here come from countries where this is a major cause,"[via Dem. Rep. of the Congo refugees] non-international armed conflict (7,664,444 displaced)"
ZMB,Zambia,2,Widespread violence / breakdown of public order,LOW_SALIENCE,0.0,0.034,0,0,0.0,96131.0,Sources cover this country and show little or no displacement from this cause - candidate for de-emphasis in enumerator support material only,"[via Dem. Rep. of the Congo refugees] other situations of violence (455,778 displaced)"
ZMB,Zambia,3,Discrimination or persecution,RECOMMENDED,0.0,0.0,0,0,0.0,96131.0,70% origin-weighted recognition rate for the refugee population hosted here,
ZMB,Zambia,4,Human rights violations by authorities,UNEVIDENCED,0.0,0.0,0,0,0.0,96131.0,"No supporting evidence found, but global data is structurally blind to this cause - retain and test in cognitive interviews",
ZMB,Zambia,5,Other threats of violence,RESIDUAL,0.0,0.0,0,0,0.0,96131.0,Residual code - retained on every showcard by design,
ZMB,Zambia,6,Natural disasters,RECOMMENDED,1.0,0.2168,0,3047,0.0,96131.0,"100% of internal displacement in-country (3,047 people, IDMC 2025) | 22% origin-weighted - refugees hosted here come from countries where this is a major cause","Flood (3,047 displaced); [via Burundi refugees] Flood (14,386 displaced); [via Burundi refugees] Storm (3,702 displaced); [via Dem. Rep. of the Congo refugees] Flood (280,211 displaced); [via Dem. Rep. of the Congo refugees] Storm (32,641 displaced)"
ZMB,Zambia,7,"Man-made events (eviction, pollution)",UNEVIDENCED,0.0,0.0,0,0,0.0,96131.0,"No supporting evidence found, but global data is structurally blind to this cause - retain and test in cognitive interviews",
ZMB,Zambia,8,A different threat,RESIDUAL,0.0,0.0,0,0,0.0,96131.0,Residual code - retained on every showcard by design,
ZWE,Zimbabwe,1,Armed conflict or war,RECOMMENDED,0.0,0.551,0,0,0.0,18065.0,55% origin-weighted - refugees hosted here come from countries where this is a major cause,"[via Dem. Rep. of the Congo refugees] non-international armed conflict (7,664,444 displaced); [via Mozambique refugees] non-international armed conflict (338,679 displaced)"
ZWE,Zimbabwe,2,Widespread violence / breakdown of public order,LOW_SALIENCE,0.0,0.0253,0,0,0.0,18065.0,Sources cover this country and show little or no displacement from this cause - candidate for de-emphasis in enumerator support material only,"[via Dem. Rep. of the Congo refugees] other situations of violence (455,778 displaced)"
ZWE,Zimbabwe,3,Discrimination or persecution,UNEVIDENCED,0.0,0.0,0,0,0.0,18065.0,"No supporting evidence found, but global data is structurally blind to this cause - retain and test in cognitive interviews",
ZWE,Zimbabwe,4,Human rights violations by authorities,RECOMMENDED,0.0,0.0,0,0,0.0,18065.0,"253 civilian deaths attributed to state forces, UCDP one-sided 1989-2025",
ZWE,Zimbabwe,5,Other threats of violence,RESIDUAL,0.0,0.0,0,0,0.0,18065.0,Residual code - retained on every showcard by design,
ZWE,Zimbabwe,6,Natural disasters,RECOMMENDED,1.0,0.2649,0,2191,0.0,18065.0,"100% of internal displacement in-country (2,191 people, IDMC 2025) | 26% origin-weighted - refugees hosted here come from countries where this is a major cause","Flood (2,171 displaced); Storm (20 displaced); [via Dem. Rep. of the Congo refugees] Flood (280,211 displaced); [via Dem. Rep. of the Congo refugees] Storm (32,641 displaced); [via Mozambique refugees] Typhoon/Hurricane/Cyclone (659,401 displaced)"
ZWE,Zimbabwe,7,"Man-made events (eviction, pollution)",UNEVIDENCED,0.0,0.0,0,0,0.0,18065.0,"No supporting evidence found, but global data is structurally blind to this cause - retain and test in cognitive interviews",
ZWE,Zimbabwe,8,A different threat,RESIDUAL,0.0,0.0,0,0,0.0,18065.0,Residual code - retained on every showcard by design,
